// ESP32 Black & White Video Data
// Source: badapple.mp4
// Resolution: 128x96
// FPS: 5
// Total frames: 234
// Color mode: Black & White (threshold=128)
// Compression: Pure RLE

#ifndef VIDEO_H
#define VIDEO_H

#include <Arduino.h>

// Video parameters
#define VIDEO_WIDTH 128
#define VIDEO_HEIGHT 96
#define VIDEO_FPS 5
#define VIDEO_FRAMES 234
#define VIDEO_BW 1
#define VIDEO_USE_RLE 1
#define VIDEO_THRESHOLD 128
#define VIDEO_MAX_FRAME_SIZE 718

// Video info structure
typedef struct {
  uint16_t totalFrames;
  uint8_t fps;
  uint16_t width;
  uint16_t height;
  uint8_t bw;
  uint8_t useRLE;
} VideoInfo_t;

// Video frame data
const uint8_t video_frames[234][718] PROGMEM = {
  // Frame 1/234 (Size: 98 bytes)
  {0x00,0xFF,0x00,0xFF,0x00,0xFF,0x00,0xFF,0x00,0xFF,0x00,0xFF,0x00,0xFF,0x00,0xFF,
   0x00,0xFF,0x00,0xFF,0x00,0xFF,0x00,0xFF,0x00,0xFF,0x00,0xFF,0x00,0xFF,0x00,0xFF,
   0x00,0xFF,0x00,0xFF,0x00,0xFF,0x00,0xFF,0x00,0xFF,0x00,0xFF,0x00,0xFF,0x00,0xFF,
   0x00,0xFF,0x00,0xFF,0x00,0xFF,0x00,0xFF,0x00,0xFF,0x00,0xFF,0x00,0xFF,0x00,0xFF,
   0x00,0xFF,0x00,0xFF,0x00,0xFF,0x00,0xFF,0x00,0xFF,0x00,0xFF,0x00,0xFF,0x00,0xFF,
   0x00,0xFF,0x00,0xFF,0x00,0xFF,0x00,0xFF,0x00,0xFF,0x00,0xFF,0x00,0xFF,0x00,0xFF,
   0x00,0x30},
  // Frame 2/234 (Size: 98 bytes)
  {0x00,0xFF,0x00,0xFF,0x00,0xFF,0x00,0xFF,0x00,0xFF,0x00,0xFF,0x00,0xFF,0x00,0xFF,
   0x00,0xFF,0x00,0xFF,0x00,0xFF,0x00,0xFF,0x00,0xFF,0x00,0xFF,0x00,0xFF,0x00,0xFF,
   0x00,0xFF,0x00,0xFF,0x00,0xFF,0x00,0xFF,0x00,0xFF,0x00,0xFF,0x00,0xFF,0x00,0xFF,
   0x00,0xFF,0x00,0xFF,0x00,0xFF,0x00,0xFF,0x00,0xFF,0x00,0xFF,0x00,0xFF,0x00,0xFF,
   0x00,0xFF,0x00,0xFF,0x00,0xFF,0x00,0xFF,0x00,0xFF,0x00,0xFF,0x00,0xFF,0x00,0xFF,
   0x00,0xFF,0x00,0xFF,0x00,0xFF,0x00,0xFF,0x00,0xFF,0x00,0xFF,0x00,0xFF,0x00,0xFF,
   0x00,0x30},
  // Frame 3/234 (Size: 98 bytes)
  {0x00,0xFF,0x00,0xFF,0x00,0xFF,0x00,0xFF,0x00,0xFF,0x00,0xFF,0x00,0xFF,0x00,0xFF,
   0x00,0xFF,0x00,0xFF,0x00,0xFF,0x00,0xFF,0x00,0xFF,0x00,0xFF,0x00,0xFF,0x00,0xFF,
   0x00,0xFF,0x00,0xFF,0x00,0xFF,0x00,0xFF,0x00,0xFF,0x00,0xFF,0x00,0xFF,0x00,0xFF,
   0x00,0xFF,0x00,0xFF,0x00,0xFF,0x00,0xFF,0x00,0xFF,0x00,0xFF,0x00,0xFF,0x00,0xFF,
   0x00,0xFF,0x00,0xFF,0x00,0xFF,0x00,0xFF,0x00,0xFF,0x00,0xFF,0x00,0xFF,0x00,0xFF,
   0x00,0xFF,0x00,0xFF,0x00,0xFF,0x00,0xFF,0x00,0xFF,0x00,0xFF,0x00,0xFF,0x00,0xFF,
   0x00,0x30},
  // Frame 4/234 (Size: 98 bytes)
  {0x00,0xFF,0x00,0xFF,0x00,0xFF,0x00,0xFF,0x00,0xFF,0x00,0xFF,0x00,0xFF,0x00,0xFF,
   0x00,0xFF,0x00,0xFF,0x00,0xFF,0x00,0xFF,0x00,0xFF,0x00,0xFF,0x00,0xFF,0x00,0xFF,
   0x00,0xFF,0x00,0xFF,0x00,0xFF,0x00,0xFF,0x00,0xFF,0x00,0xFF,0x00,0xFF,0x00,0xFF,
   0x00,0xFF,0x00,0xFF,0x00,0xFF,0x00,0xFF,0x00,0xFF,0x00,0xFF,0x00,0xFF,0x00,0xFF,
   0x00,0xFF,0x00,0xFF,0x00,0xFF,0x00,0xFF,0x00,0xFF,0x00,0xFF,0x00,0xFF,0x00,0xFF,
   0x00,0xFF,0x00,0xFF,0x00,0xFF,0x00,0xFF,0x00,0xFF,0x00,0xFF,0x00,0xFF,0x00,0xFF,
   0x00,0x30},
  // Frame 5/234 (Size: 98 bytes)
  {0x00,0xFF,0x00,0xFF,0x00,0xFF,0x00,0xFF,0x00,0xFF,0x00,0xFF,0x00,0xFF,0x00,0xFF,
   0x00,0xFF,0x00,0xFF,0x00,0xFF,0x00,0xFF,0x00,0xFF,0x00,0xFF,0x00,0xFF,0x00,0xFF,
   0x00,0xFF,0x00,0xFF,0x00,0xFF,0x00,0xFF,0x00,0xFF,0x00,0xFF,0x00,0xFF,0x00,0xFF,
   0x00,0xFF,0x00,0xFF,0x00,0xFF,0x00,0xFF,0x00,0xFF,0x00,0xFF,0x00,0xFF,0x00,0xFF,
   0x00,0xFF,0x00,0xFF,0x00,0xFF,0x00,0xFF,0x00,0xFF,0x00,0xFF,0x00,0xFF,0x00,0xFF,
   0x00,0xFF,0x00,0xFF,0x00,0xFF,0x00,0xFF,0x00,0xFF,0x00,0xFF,0x00,0xFF,0x00,0xFF,
   0x00,0x30},
  // Frame 6/234 (Size: 98 bytes)
  {0x00,0xFF,0x00,0xFF,0x00,0xFF,0x00,0xFF,0x00,0xFF,0x00,0xFF,0x00,0xFF,0x00,0xFF,
   0x00,0xFF,0x00,0xFF,0x00,0xFF,0x00,0xFF,0x00,0xFF,0x00,0xFF,0x00,0xFF,0x00,0xFF,
   0x00,0xFF,0x00,0xFF,0x00,0xFF,0x00,0xFF,0x00,0xFF,0x00,0xFF,0x00,0xFF,0x00,0xFF,
   0x00,0xFF,0x00,0xFF,0x00,0xFF,0x00,0xFF,0x00,0xFF,0x00,0xFF,0x00,0xFF,0x00,0xFF,
   0x00,0xFF,0x00,0xFF,0x00,0xFF,0x00,0xFF,0x00,0xFF,0x00,0xFF,0x00,0xFF,0x00,0xFF,
   0x00,0xFF,0x00,0xFF,0x00,0xFF,0x00,0xFF,0x00,0xFF,0x00,0xFF,0x00,0xFF,0x00,0xFF,
   0x00,0x30},
  // Frame 7/234 (Size: 98 bytes)
  {0x00,0xFF,0x00,0xFF,0x00,0xFF,0x00,0xFF,0x00,0xFF,0x00,0xFF,0x00,0xFF,0x00,0xFF,
   0x00,0xFF,0x00,0xFF,0x00,0xFF,0x00,0xFF,0x00,0xFF,0x00,0xFF,0x00,0xFF,0x00,0xFF,
   0x00,0xFF,0x00,0xFF,0x00,0xFF,0x00,0xFF,0x00,0xFF,0x00,0xFF,0x00,0xFF,0x00,0xFF,
   0x00,0xFF,0x00,0xFF,0x00,0xFF,0x00,0xFF,0x00,0xFF,0x00,0xFF,0x00,0xFF,0x00,0xFF,
   0x00,0xFF,0x00,0xFF,0x00,0xFF,0x00,0xFF,0x00,0xFF,0x00,0xFF,0x00,0xFF,0x00,0xFF,
   0x00,0xFF,0x00,0xFF,0x00,0xFF,0x00,0xFF,0x00,0xFF,0x00,0xFF,0x00,0xFF,0x00,0xFF,
   0x00,0x30},
  // Frame 8/234 (Size: 344 bytes)
  {0x00,0x79,0x01,0x06,0x00,0x7A,0x01,0x06,0x00,0x7A,0x01,0x07,0x00,0x79,0x01,0x07,
   0x00,0x79,0x01,0x07,0x00,0x79,0x01,0x07,0x00,0x79,0x01,0x07,0x00,0x79,0x01,0x07,
   0x00,0x79,0x01,0x07,0x00,0x79,0x01,0x07,0x00,0x79,0x01,0x07,0x00,0x79,0x01,0x07,
   0x00,0x79,0x01,0x07,0x00,0x79,0x01,0x07,0x00,0x79,0x01,0x07,0x00,0x79,0x01,0x07,
   0x00,0x79,0x01,0x07,0x00,0x79,0x01,0x07,0x00,0x79,0x01,0x07,0x00,0x79,0x01,0x07,
   0x00,0x79,0x01,0x07,0x00,0x79,0x01,0x07,0x00,0x79,0x01,0x07,0x00,0x79,0x01,0x07,
   0x00,0x79,0x01,0x07,0x00,0x79,0x01,0x07,0x00,0x79,0x01,0x07,0x00,0x79,0x01,0x07,
   0x00,0x79,0x01,0x07,0x00,0x79,0x01,0x07,0x00,0x79,0x01,0x07,0x00,0x79,0x01,0x07,
   0x00,0x79,0x01,0x07,0x00,0x79,0x01,0x07,0x00,0x79,0x01,0x07,0x00,0x79,0x01,0x07,
   0x00,0x79,0x01,0x07,0x00,0x78,0x01,0x08,0x00,0x78,0x01,0x08,0x00,0x78,0x01,0x08,
   0x00,0x78,0x01,0x08,0x00,0x78,0x01,0x08,0x00,0x77,0x01,0x09,0x00,0x77,0x01,0x09,
   0x00,0x77,0x01,0x09,0x00,0x77,0x01,0x09,0x00,0x77,0x01,0x09,0x00,0x76,0x01,0x0A,
   0x00,0x76,0x01,0x0A,0x00,0x76,0x01,0x0A,0x00,0x76,0x01,0x0A,0x00,0x76,0x01,0x0A,
   0x00,0x76,0x01,0x0A,0x00,0x76,0x01,0x0A,0x00,0x76,0x01,0x0A,0x00,0x76,0x01,0x0A,
   0x00,0x76,0x01,0x0A,0x00,0x76,0x01,0x0A,0x00,0x77,0x01,0x09,0x00,0x73,0x01,0x01,
   0x00,0x03,0x01,0x09,0x00,0x73,0x01,0x02,0x00,0x02,0x01,0x09,0x00,0x73,0x01,0x02,
   0x00,0x02,0x01,0x09,0x00,0x73,0x01,0x02,0x00,0x02,0x01,0x09,0x00,0x72,0x01,0x03,
   0x00,0x02,0x01,0x09,0x00,0x72,0x01,0x03,0x00,0x02,0x01,0x09,0x00,0x74,0x01,0x02,
   0x00,0x01,0x01,0x09,0x00,0x77,0x01,0x09,0x00,0x77,0x01,0x09,0x00,0x79,0x01,0x07,
   0x00,0x7B,0x01,0x05,0x00,0x7C,0x01,0x04,0x00,0x7E,0x01,0x02,0x00,0x7F,0x01,0x01,
   0x00,0xFF,0x00,0xFF,0x00,0xFF,0x00,0xFF,0x00,0xFF,0x00,0xFF,0x00,0xFF,0x00,0xFF,
   0x00,0xFF,0x00,0xFF,0x00,0xFF,0x00,0x8B},
  // Frame 9/234 (Size: 384 bytes)
  {0x00,0x5C,0x01,0x24,0x00,0x5C,0x01,0x24,0x00,0x5C,0x01,0x24,0x00,0x5C,0x01,0x24,
   0x00,0x5C,0x01,0x24,0x00,0x5C,0x01,0x24,0x00,0x5C,0x01,0x24,0x00,0x5C,0x01,0x24,
   0x00,0x5C,0x01,0x24,0x00,0x5C,0x01,0x24,0x00,0x5C,0x01,0x24,0x00,0x5D,0x01,0x23,
   0x00,0x5D,0x01,0x23,0x00,0x5D,0x01,0x23,0x00,0x5D,0x01,0x23,0x00,0x5D,0x01,0x23,
   0x00,0x5D,0x01,0x23,0x00,0x5D,0x01,0x23,0x00,0x5D,0x01,0x23,0x00,0x5D,0x01,0x23,
   0x00,0x5D,0x01,0x23,0x00,0x5D,0x01,0x23,0x00,0x5D,0x01,0x23,0x00,0x5E,0x01,0x22,
   0x00,0x5E,0x01,0x22,0x00,0x5E,0x01,0x22,0x00,0x5E,0x01,0x22,0x00,0x5E,0x01,0x22,
   0x00,0x5E,0x01,0x22,0x00,0x5E,0x01,0x22,0x00,0x5E,0x01,0x22,0x00,0x5E,0x01,0x22,
   0x00,0x5E,0x01,0x22,0x00,0x5F,0x01,0x21,0x00,0x5F,0x01,0x21,0x00,0x5F,0x01,0x21,
   0x00,0x5F,0x01,0x21,0x00,0x5F,0x01,0x21,0x00,0x5F,0x01,0x21,0x00,0x5F,0x01,0x21,
   0x00,0x5F,0x01,0x21,0x00,0x5F,0x01,0x21,0x00,0x5F,0x01,0x21,0x00,0x60,0x01,0x20,
   0x00,0x61,0x01,0x1F,0x00,0x61,0x01,0x1F,0x00,0x61,0x01,0x1F,0x00,0x60,0x01,0x20,
   0x00,0x60,0x01,0x20,0x00,0x5D,0x01,0x23,0x00,0x5C,0x01,0x24,0x00,0x5B,0x01,0x25,
   0x00,0x5B,0x01,0x25,0x00,0x5B,0x01,0x25,0x00,0x5B,0x01,0x25,0x00,0x5B,0x01,0x25,
   0x00,0x5B,0x01,0x25,0x00,0x5B,0x01,0x25,0x00,0x5B,0x01,0x25,0x00,0x5B,0x01,0x25,
   0x00,0x5C,0x01,0x24,0x00,0x5C,0x01,0x24,0x00,0x5C,0x01,0x24,0x00,0x5D,0x01,0x23,
   0x00,0x5C,0x01,0x24,0x00,0x5D,0x01,0x23,0x00,0x5E,0x01,0x22,0x00,0x5F,0x01,0x21,
   0x00,0x5F,0x01,0x21,0x00,0x5F,0x01,0x21,0x00,0x5F,0x01,0x21,0x00,0x61,0x01,0x1F,
   0x00,0x61,0x01,0x1F,0x00,0x62,0x01,0x1E,0x00,0x62,0x01,0x1E,0x00,0x62,0x01,0x1E,
   0x00,0x64,0x01,0x1C,0x00,0x64,0x01,0x1C,0x00,0x65,0x01,0x1B,0x00,0x65,0x01,0x1B,
   0x00,0x65,0x01,0x1B,0x00,0x66,0x01,0x1A,0x00,0x66,0x01,0x1A,0x00,0x67,0x01,0x19,
   0x00,0x68,0x01,0x18,0x00,0x68,0x01,0x18,0x00,0x68,0x01,0x18,0x00,0x69,0x01,0x17,
   0x00,0x69,0x01,0x17,0x00,0x69,0x01,0x17,0x00,0x69,0x01,0x17,0x00,0x6A,0x01,0x16,
   0x00,0x6B,0x01,0x15,0x00,0x6C,0x01,0x14,0x00,0x6C,0x01,0x14,0x00,0x6D,0x01,0x13},
  // Frame 10/234 (Size: 440 bytes)
  {0x00,0x5E,0x01,0x22,0x00,0x5D,0x01,0x23,0x00,0x57,0x01,0x01,0x00,0x05,0x01,0x23,
   0x00,0x57,0x01,0x01,0x00,0x04,0x01,0x24,0x00,0x56,0x01,0x02,0x00,0x03,0x01,0x25,
   0x00,0x56,0x01,0x01,0x00,0x04,0x01,0x25,0x00,0x55,0x01,0x02,0x00,0x03,0x01,0x26,
   0x00,0x55,0x01,0x02,0x00,0x03,0x01,0x26,0x00,0x55,0x01,0x01,0x00,0x03,0x01,0x27,
   0x00,0x54,0x01,0x02,0x00,0x03,0x01,0x27,0x00,0x54,0x01,0x02,0x00,0x02,0x01,0x28,
   0x00,0x54,0x01,0x01,0x00,0x03,0x01,0x28,0x00,0x53,0x01,0x02,0x00,0x02,0x01,0x29,
   0x00,0x53,0x01,0x02,0x00,0x02,0x01,0x29,0x00,0x53,0x01,0x01,0x00,0x02,0x01,0x2A,
   0x00,0x52,0x01,0x02,0x00,0x01,0x01,0x2B,0x00,0x52,0x01,0x2E,0x00,0x52,0x01,0x2E,
   0x00,0x51,0x01,0x2F,0x00,0x51,0x01,0x2F,0x00,0x51,0x01,0x2F,0x00,0x50,0x01,0x30,
   0x00,0x50,0x01,0x30,0x00,0x4F,0x01,0x31,0x00,0x4F,0x01,0x31,0x00,0x4E,0x01,0x32,
   0x00,0x4E,0x01,0x32,0x00,0x4E,0x01,0x32,0x00,0x5B,0x01,0x25,0x00,0x60,0x01,0x20,
   0x00,0x5F,0x01,0x21,0x00,0x5E,0x01,0x22,0x00,0x5D,0x01,0x23,0x00,0x5D,0x01,0x23,
   0x00,0x5D,0x01,0x23,0x00,0x5C,0x01,0x24,0x00,0x5C,0x01,0x24,0x00,0x5C,0x01,0x24,
   0x00,0x5C,0x01,0x24,0x00,0x5C,0x01,0x24,0x00,0x5E,0x01,0x22,0x00,0x60,0x01,0x20,
   0x00,0x61,0x01,0x1F,0x00,0x63,0x01,0x1D,0x00,0x64,0x01,0x1C,0x00,0x66,0x01,0x1A,
   0x00,0x67,0x01,0x19,0x00,0x68,0x01,0x18,0x00,0x69,0x01,0x17,0x00,0x6A,0x01,0x16,
   0x00,0x6B,0x01,0x15,0x00,0x6C,0x01,0x14,0x00,0x6D,0x01,0x13,0x00,0x6D,0x01,0x13,
   0x00,0x6E,0x01,0x12,0x00,0x6F,0x01,0x11,0x00,0x6F,0x01,0x11,0x00,0x70,0x01,0x10,
   0x00,0x70,0x01,0x10,0x00,0x70,0x01,0x10,0x00,0x71,0x01,0x0F,0x00,0x71,0x01,0x0F,
   0x00,0x71,0x01,0x0F,0x00,0x71,0x01,0x0F,0x00,0x71,0x01,0x0F,0x00,0x71,0x01,0x0F,
   0x00,0x71,0x01,0x0F,0x00,0x71,0x01,0x0F,0x00,0x71,0x01,0x0F,0x00,0x71,0x01,0x0F,
   0x00,0x71,0x01,0x0F,0x00,0x71,0x01,0x0F,0x00,0x71,0x01,0x0F,0x00,0x71,0x01,0x0F,
   0x00,0x71,0x01,0x0F,0x00,0x71,0x01,0x0F,0x00,0x71,0x01,0x0F,0x00,0x71,0x01,0x0F,
   0x00,0x70,0x01,0x10,0x00,0x70,0x01,0x10,0x00,0x70,0x01,0x10,0x00,0x70,0x01,0x10,
   0x00,0x70,0x01,0x10,0x00,0x72,0x01,0x0E,0x00,0x74,0x01,0x0C,0x00,0x76,0x01,0x0A,
   0x00,0x78,0x01,0x08,0x00,0x79,0x01,0x07,0x00,0x7A,0x01,0x06,0x00,0x7B,0x01,0x05,
   0x00,0x7C,0x01,0x04,0x00,0x7D,0x01,0x03,0x00,0x7D,0x01,0x03,0x00,0x7E,0x01,0x02,
   0x00,0x7E,0x01,0x02,0x00,0x7F,0x01,0x01},
  // Frame 11/234 (Size: 432 bytes)
  {0x01,0x11,0x00,0x54,0x01,0x2D,0x00,0x53,0x01,0x2E,0x00,0x01,0x01,0x01,0x00,0x50,
   0x01,0x2E,0x00,0x01,0x01,0x01,0x00,0x50,0x01,0x2F,0x00,0x51,0x01,0x30,0x00,0x50,
   0x01,0x30,0x00,0x50,0x01,0x30,0x00,0x50,0x01,0x30,0x00,0x51,0x01,0x2F,0x00,0x51,
   0x01,0x2F,0x00,0x50,0x01,0x30,0x00,0x50,0x01,0x30,0x00,0x50,0x01,0x30,0x00,0x50,
   0x01,0x2D,0x00,0x0C,0x01,0x01,0x00,0x46,0x01,0x2E,0x00,0x0B,0x01,0x02,0x00,0x45,
   0x01,0x2E,0x00,0x52,0x01,0x2E,0x00,0x52,0x01,0x2E,0x00,0x0C,0x01,0x01,0x00,0x45,
   0x01,0x2E,0x00,0x0C,0x01,0x01,0x00,0x45,0x01,0x2E,0x00,0x51,0x01,0x2F,0x00,0x51,
   0x01,0x2E,0x00,0x52,0x01,0x2E,0x00,0x52,0x01,0x2E,0x00,0x52,0x01,0x2E,0x00,0x51,
   0x01,0x2F,0x00,0x4C,0x01,0x01,0x00,0x04,0x01,0x2F,0x00,0x1F,0x01,0x01,0x00,0x2C,
   0x01,0x01,0x00,0x04,0x01,0x2F,0x00,0x1E,0x01,0x02,0x00,0x31,0x01,0x2F,0x00,0x1E,
   0x01,0x02,0x00,0x2B,0x01,0x01,0x00,0x04,0x01,0x30,0x00,0x1D,0x01,0x03,0x00,0x2B,
   0x01,0x01,0x00,0x04,0x01,0x30,0x00,0x1C,0x01,0x03,0x00,0x2C,0x01,0x01,0x00,0x04,
   0x01,0x30,0x00,0x1B,0x01,0x04,0x00,0x33,0x01,0x2D,0x00,0x1B,0x01,0x04,0x00,0x35,
   0x01,0x2C,0x00,0x1B,0x01,0x04,0x00,0x34,0x01,0x2D,0x00,0x1A,0x01,0x05,0x00,0x34,
   0x01,0x2D,0x00,0x1A,0x01,0x04,0x00,0x35,0x01,0x2D,0x00,0x52,0x01,0x2E,0x00,0x52,
   0x01,0x2F,0x00,0x50,0x01,0x30,0x00,0x50,0x01,0x30,0x00,0x50,0x01,0x30,0x00,0x52,
   0x01,0x2E,0x00,0x54,0x01,0x2C,0x00,0x56,0x01,0x2A,0x00,0x57,0x01,0x28,0x00,0x5A,
   0x01,0x26,0x00,0x5B,0x01,0x25,0x00,0x5C,0x01,0x24,0x00,0x5D,0x01,0x23,0x00,0x5E,
   0x01,0x22,0x00,0x5F,0x01,0x20,0x00,0x61,0x01,0x1E,0x00,0x62,0x01,0x1E,0x00,0x63,
   0x01,0x1D,0x00,0x63,0x01,0x1C,0x00,0x65,0x01,0x1A,0x00,0x66,0x01,0x19,0x00,0x67,
   0x01,0x19,0x00,0x67,0x01,0x18,0x00,0x69,0x01,0x17,0x00,0x69,0x01,0x16,0x00,0x6A,
   0x01,0x15,0x00,0x6B,0x01,0x15,0x00,0x6B,0x01,0x15,0x00,0x6B,0x01,0x14,0x00,0x6C,
   0x01,0x13,0x00,0x6D,0x01,0x13,0x00,0x6E,0x01,0x11,0x00,0x6F,0x01,0x10,0x00,0x70,
   0x01,0x10,0x00,0x70,0x01,0x10,0x00,0x70,0x01,0x0F,0x00,0x71,0x01,0x0F,0x00,0x71,
   0x01,0x0E,0x00,0x73,0x01,0x0D,0x00,0x73,0x01,0x0C,0x00,0x74,0x01,0x0C,0x00,0x74,
   0x01,0x0B,0x00,0x76,0x01,0x0A,0x00,0x76,0x01,0x0A,0x00,0x76,0x01,0x09,0x00,0x7C,
   0x01,0x04,0x00,0xFF,0x00,0xFF,0x00,0xFF,0x00,0xFF,0x00,0xFF,0x00,0xFF,0x00,0x86},
  // Frame 12/234 (Size: 512 bytes)
  {0x01,0x20,0x00,0x50,0x01,0x31,0x00,0x4E,0x01,0x32,0x00,0x4E,0x01,0x33,0x00,0x4C,
   0x01,0x34,0x00,0x46,0x01,0x3B,0x00,0x45,0x01,0x3B,0x00,0x45,0x01,0x3C,0x00,0x01,
   0x01,0x01,0x00,0x42,0x01,0x3E,0x00,0x42,0x01,0x3E,0x00,0x43,0x01,0x3D,0x00,0x43,
   0x01,0x3D,0x00,0x43,0x01,0x3D,0x00,0x43,0x01,0x3D,0x00,0x43,0x01,0x3D,0x00,0x44,
   0x01,0x3C,0x00,0x44,0x01,0x3C,0x00,0x44,0x01,0x3A,0x00,0x46,0x01,0x3A,0x00,0x46,
   0x01,0x3B,0x00,0x46,0x01,0x39,0x00,0x47,0x01,0x39,0x00,0x47,0x01,0x39,0x00,0x0A,
   0x01,0x01,0x00,0x39,0x01,0x01,0x00,0x02,0x01,0x39,0x00,0x09,0x01,0x02,0x00,0x3A,
   0x01,0x01,0x00,0x02,0x01,0x38,0x00,0x09,0x01,0x03,0x00,0x39,0x01,0x01,0x00,0x02,
   0x01,0x38,0x00,0x09,0x01,0x03,0x00,0x39,0x01,0x02,0x00,0x01,0x01,0x38,0x00,0x09,
   0x01,0x04,0x00,0x38,0x01,0x02,0x00,0x01,0x01,0x38,0x00,0x09,0x01,0x04,0x00,0x38,
   0x01,0x03,0x00,0x01,0x01,0x37,0x00,0x09,0x01,0x04,0x00,0x39,0x01,0x3A,0x00,0x09,
   0x01,0x04,0x00,0x39,0x01,0x3A,0x00,0x09,0x01,0x03,0x00,0x3A,0x01,0x3A,0x00,0x09,
   0x01,0x03,0x00,0x3A,0x01,0x3A,0x00,0x09,0x01,0x03,0x00,0x3A,0x01,0x3A,0x00,0x09,
   0x01,0x03,0x00,0x3B,0x01,0x39,0x00,0x09,0x01,0x03,0x00,0x3B,0x01,0x39,0x00,0x09,
   0x01,0x02,0x00,0x3C,0x01,0x39,0x00,0x09,0x01,0x02,0x00,0x3C,0x01,0x38,0x00,0x0A,
   0x01,0x01,0x00,0x3D,0x01,0x3A,0x00,0x47,0x01,0x39,0x00,0x06,0x01,0x03,0x00,0x3B,
   0x01,0x02,0x00,0x01,0x01,0x39,0x00,0x05,0x01,0x04,0x00,0x3B,0x01,0x02,0x00,0x01,
   0x01,0x39,0x00,0x05,0x01,0x03,0x00,0x3C,0x01,0x3C,0x00,0x05,0x01,0x02,0x00,0x3D,
   0x01,0x3C,0x00,0x05,0x01,0x02,0x00,0x3E,0x01,0x3B,0x00,0x05,0x01,0x01,0x00,0x41,
   0x01,0x3A,0x00,0x04,0x01,0x01,0x00,0x42,0x01,0x39,0x00,0x48,0x01,0x38,0x00,0x49,
   0x01,0x37,0x00,0x4A,0x01,0x36,0x00,0x4B,0x01,0x34,0x00,0x4C,0x01,0x34,0x00,0x4D,
   0x01,0x32,0x00,0x4E,0x01,0x32,0x00,0x4E,0x01,0x31,0x00,0x50,0x01,0x30,0x00,0x50,
   0x01,0x2F,0x00,0x51,0x01,0x2F,0x00,0x51,0x01,0x2F,0x00,0x51,0x01,0x2F,0x00,0x51,
   0x01,0x2F,0x00,0x52,0x01,0x2D,0x00,0x53,0x01,0x2D,0x00,0x53,0x01,0x2C,0x00,0x54,
   0x01,0x2B,0x00,0x55,0x01,0x2A,0x00,0x57,0x01,0x29,0x00,0x57,0x01,0x29,0x00,0x57,
   0x01,0x28,0x00,0x58,0x01,0x27,0x00,0x5A,0x01,0x25,0x00,0x5B,0x01,0x25,0x00,0x5B,
   0x01,0x24,0x00,0x5C,0x01,0x23,0x00,0x5E,0x01,0x22,0x00,0x5E,0x01,0x21,0x00,0x68,
   0x01,0x18,0x00,0x68,0x01,0x17,0x00,0x69,0x01,0x17,0x00,0x69,0x01,0x16,0x00,0x6A,
   0x01,0x16,0x00,0x6A,0x01,0x16,0x00,0x6A,0x01,0x15,0x00,0x6B,0x01,0x14,0x00,0x6C,
   0x01,0x14,0x00,0x6C,0x01,0x14,0x00,0x6C,0x01,0x13,0x00,0x6C,0x01,0x14,0x00,0x6C,
   0x01,0x13,0x00,0x6D,0x01,0x13,0x00,0x6D,0x01,0x13,0x00,0x6D,0x01,0x13,0x00,0x6E,
   0x01,0x11,0x00,0x6F,0x01,0x11,0x00,0x6F,0x01,0x10,0x00,0x70,0x01,0x10,0x00,0x70},
  // Frame 13/234 (Size: 496 bytes)
  {0x01,0x30,0x00,0x41,0x01,0x3F,0x00,0x40,0x01,0x41,0x00,0x3C,0x01,0x44,0x00,0x3C,
   0x01,0x45,0x00,0x3B,0x01,0x45,0x00,0x3A,0x01,0x46,0x00,0x3A,0x01,0x46,0x00,0x3A,
   0x01,0x46,0x00,0x39,0x01,0x48,0x00,0x38,0x01,0x47,0x00,0x39,0x01,0x47,0x00,0x39,
   0x01,0x47,0x00,0x38,0x01,0x48,0x00,0x38,0x01,0x48,0x00,0x37,0x01,0x47,0x00,0x39,
   0x01,0x48,0x00,0x37,0x01,0x48,0x00,0x38,0x01,0x48,0x00,0x38,0x01,0x48,0x00,0x38,
   0x01,0x48,0x00,0x37,0x01,0x49,0x00,0x37,0x01,0x49,0x00,0x37,0x01,0x49,0x00,0x37,
   0x01,0x49,0x00,0x37,0x01,0x48,0x00,0x38,0x01,0x48,0x00,0x37,0x01,0x49,0x00,0x37,
   0x01,0x49,0x00,0x37,0x01,0x49,0x00,0x08,0x01,0x01,0x00,0x2F,0x01,0x48,0x00,0x08,
   0x01,0x01,0x00,0x32,0x01,0x45,0x00,0x08,0x01,0x01,0x00,0x33,0x01,0x43,0x00,0x09,
   0x01,0x01,0x00,0x33,0x01,0x45,0x00,0x07,0x01,0x01,0x00,0x32,0x01,0x46,0x00,0x05,
   0x01,0x03,0x00,0x32,0x01,0x46,0x00,0x05,0x01,0x03,0x00,0x31,0x01,0x48,0x00,0x04,
   0x01,0x03,0x00,0x31,0x01,0x48,0x00,0x04,0x01,0x02,0x00,0x34,0x01,0x46,0x00,0x03,
   0x01,0x02,0x00,0x37,0x01,0x44,0x00,0x03,0x01,0x01,0x00,0x3A,0x01,0x42,0x00,0x3F,
   0x01,0x41,0x00,0x41,0x01,0x3F,0x00,0x42,0x01,0x3E,0x00,0x43,0x01,0x3D,0x00,0x43,
   0x01,0x3C,0x00,0x45,0x01,0x3B,0x00,0x45,0x01,0x3B,0x00,0x45,0x01,0x3B,0x00,0x45,
   0x01,0x3A,0x00,0x46,0x01,0x3A,0x00,0x46,0x01,0x3A,0x00,0x46,0x01,0x3A,0x00,0x47,
   0x01,0x39,0x00,0x47,0x01,0x39,0x00,0x47,0x01,0x39,0x00,0x47,0x01,0x38,0x00,0x48,
   0x01,0x38,0x00,0x48,0x01,0x38,0x00,0x48,0x01,0x34,0x00,0x4C,0x01,0x32,0x00,0x4F,
   0x01,0x30,0x00,0x50,0x01,0x2F,0x00,0x51,0x01,0x2E,0x00,0x52,0x01,0x2E,0x00,0x53,
   0x01,0x2D,0x00,0x53,0x01,0x2D,0x00,0x53,0x01,0x2D,0x00,0x5B,0x01,0x26,0x00,0x5A,
   0x01,0x26,0x00,0x5A,0x01,0x27,0x00,0x59,0x01,0x27,0x00,0x59,0x01,0x28,0x00,0x58,
   0x01,0x29,0x00,0x57,0x01,0x28,0x00,0x57,0x01,0x29,0x00,0x56,0x01,0x29,0x00,0x57,
   0x01,0x29,0x00,0x57,0x01,0x29,0x00,0x57,0x01,0x28,0x00,0x42,0x01,0x01,0x00,0x15,
   0x01,0x28,0x00,0x42,0x01,0x01,0x00,0x15,0x01,0x28,0x00,0x41,0x01,0x03,0x00,0x14,
   0x01,0x27,0x00,0x42,0x01,0x03,0x00,0x14,0x01,0x27,0x00,0x42,0x01,0x03,0x00,0x15,
   0x01,0x26,0x00,0x42,0x01,0x03,0x00,0x15,0x01,0x26,0x00,0x41,0x01,0x04,0x00,0x15,
   0x01,0x25,0x00,0x42,0x01,0x04,0x00,0x16,0x01,0x24,0x00,0x42,0x01,0x04,0x00,0x16,
   0x01,0x23,0x00,0x43,0x01,0x04,0x00,0x16,0x01,0x23,0x00,0x43,0x01,0x04,0x00,0x16,
   0x01,0x23,0x00,0x43,0x01,0x04,0x00,0x16,0x01,0x22,0x00,0x43,0x01,0x05,0x00,0x16,
   0x01,0x22,0x00,0x43,0x01,0x05,0x00,0x16,0x01,0x21,0x00,0x44,0x01,0x05,0x00,0x16,
   0x01,0x21,0x00,0x44,0x01,0x05,0x00,0x16,0x01,0x20,0x00,0x45,0x01,0x05,0x00,0x16},
  // Frame 14/234 (Size: 474 bytes)
  {0x01,0x2A,0x00,0x3D,0x01,0x44,0x00,0x03,0x01,0x03,0x00,0x36,0x01,0x4A,0x00,0x36,
   0x01,0x4A,0x00,0x36,0x01,0x4A,0x00,0x36,0x01,0x4A,0x00,0x36,0x01,0x4A,0x00,0x36,
   0x01,0x4A,0x00,0x36,0x01,0x4B,0x00,0x34,0x01,0x4C,0x00,0x34,0x01,0x4B,0x00,0x34,
   0x01,0x4C,0x00,0x34,0x01,0x4C,0x00,0x33,0x01,0x4D,0x00,0x32,0x01,0x4E,0x00,0x32,
   0x01,0x4E,0x00,0x32,0x01,0x4F,0x00,0x31,0x01,0x51,0x00,0x2F,0x01,0x51,0x00,0x31,
   0x01,0x50,0x00,0x30,0x01,0x50,0x00,0x30,0x01,0x51,0x00,0x2F,0x01,0x51,0x00,0x2F,
   0x01,0x52,0x00,0x2E,0x01,0x52,0x00,0x2F,0x01,0x52,0x00,0x2E,0x01,0x52,0x00,0x2E,
   0x01,0x52,0x00,0x2E,0x01,0x52,0x00,0x2E,0x01,0x52,0x00,0x2E,0x01,0x52,0x00,0x2E,
   0x01,0x52,0x00,0x2E,0x01,0x52,0x00,0x2F,0x01,0x52,0x00,0x2E,0x01,0x50,0x00,0x2E,
   0x01,0x52,0x00,0x2E,0x01,0x52,0x00,0x2E,0x01,0x53,0x00,0x2C,0x01,0x54,0x00,0x2C,
   0x01,0x52,0x00,0x2E,0x01,0x51,0x00,0x2F,0x01,0x4F,0x00,0x31,0x01,0x4E,0x00,0x32,
   0x01,0x4D,0x00,0x33,0x01,0x4C,0x00,0x36,0x01,0x49,0x00,0x38,0x01,0x48,0x00,0x39,
   0x01,0x47,0x00,0x39,0x01,0x46,0x00,0x3B,0x01,0x45,0x00,0x3B,0x01,0x45,0x00,0x3B,
   0x01,0x45,0x00,0x3B,0x01,0x45,0x00,0x3B,0x01,0x45,0x00,0x3C,0x01,0x44,0x00,0x3C,
   0x01,0x44,0x00,0x3C,0x01,0x43,0x00,0x3D,0x01,0x43,0x00,0x3D,0x01,0x42,0x00,0x3E,
   0x01,0x3F,0x00,0x41,0x01,0x3E,0x00,0x42,0x01,0x3D,0x00,0x43,0x01,0x3C,0x00,0x44,
   0x01,0x3C,0x00,0x44,0x01,0x3C,0x00,0x45,0x01,0x3B,0x00,0x4A,0x01,0x36,0x00,0x4B,
   0x01,0x36,0x00,0x4B,0x01,0x36,0x00,0x4A,0x01,0x36,0x00,0x4A,0x01,0x37,0x00,0x48,
   0x01,0x38,0x00,0x48,0x01,0x38,0x00,0x47,0x01,0x38,0x00,0x47,0x01,0x39,0x00,0x47,
   0x01,0x39,0x00,0x34,0x01,0x01,0x00,0x12,0x01,0x38,0x00,0x35,0x01,0x02,0x00,0x11,
   0x01,0x38,0x00,0x34,0x01,0x03,0x00,0x11,0x01,0x38,0x00,0x34,0x01,0x03,0x00,0x11,
   0x01,0x38,0x00,0x34,0x01,0x02,0x00,0x12,0x01,0x37,0x00,0x35,0x01,0x02,0x00,0x12,
   0x01,0x37,0x00,0x34,0x01,0x03,0x00,0x12,0x01,0x36,0x00,0x35,0x01,0x03,0x00,0x13,
   0x01,0x35,0x00,0x35,0x01,0x03,0x00,0x13,0x01,0x34,0x00,0x35,0x01,0x04,0x00,0x13,
   0x01,0x34,0x00,0x35,0x01,0x04,0x00,0x13,0x01,0x33,0x00,0x36,0x01,0x04,0x00,0x13,
   0x01,0x33,0x00,0x36,0x01,0x04,0x00,0x14,0x01,0x32,0x00,0x36,0x01,0x04,0x00,0x14,
   0x01,0x31,0x00,0x37,0x01,0x04,0x00,0x14,0x01,0x31,0x00,0x37,0x01,0x03,0x00,0x15,
   0x01,0x30,0x00,0x38,0x01,0x03,0x00,0x16,0x01,0x2F,0x00,0x38,0x01,0x03,0x00,0x16,
   0x01,0x2E,0x00,0x39,0x01,0x03,0x00,0x17,0x01,0x2D,0x00,0x39,0x01,0x03,0x00,0x17,
   0x01,0x2C,0x00,0x3A,0x01,0x02,0x00,0x19,0x01,0x0C},
  // Frame 15/234 (Size: 510 bytes)
  {0x01,0x2E,0x00,0x32,0x01,0x4E,0x00,0x32,0x01,0x4D,0x00,0x32,0x01,0x4D,0x00,0x33,
   0x01,0x4C,0x00,0x33,0x01,0x4D,0x00,0x32,0x01,0x4D,0x00,0x32,0x01,0x4D,0x00,0x33,
   0x01,0x4D,0x00,0x32,0x01,0x4D,0x00,0x33,0x01,0x4D,0x00,0x33,0x01,0x4E,0x00,0x32,
   0x01,0x51,0x00,0x2F,0x01,0x54,0x00,0x2A,0x01,0x01,0x00,0x01,0x01,0x54,0x00,0x29,
   0x01,0x01,0x00,0x01,0x01,0x55,0x00,0x29,0x01,0x57,0x00,0x28,0x01,0x58,0x00,0x29,
   0x01,0x57,0x00,0x28,0x01,0x58,0x00,0x28,0x01,0x58,0x00,0x28,0x01,0x59,0x00,0x28,
   0x01,0x58,0x00,0x29,0x01,0x57,0x00,0x29,0x01,0x57,0x00,0x29,0x01,0x57,0x00,0x29,
   0x01,0x58,0x00,0x28,0x01,0x58,0x00,0x28,0x01,0x58,0x00,0x28,0x01,0x58,0x00,0x29,
   0x01,0x58,0x00,0x28,0x01,0x58,0x00,0x28,0x01,0x55,0x00,0x2B,0x01,0x56,0x00,0x2A,
   0x01,0x56,0x00,0x2A,0x01,0x56,0x00,0x29,0x01,0x57,0x00,0x29,0x01,0x55,0x00,0x2B,
   0x01,0x53,0x00,0x2D,0x01,0x52,0x00,0x2E,0x01,0x51,0x00,0x2F,0x01,0x50,0x00,0x31,
   0x01,0x4F,0x00,0x31,0x01,0x4E,0x00,0x33,0x01,0x4D,0x00,0x34,0x01,0x4B,0x00,0x35,
   0x01,0x4B,0x00,0x36,0x01,0x4A,0x00,0x36,0x01,0x4A,0x00,0x37,0x01,0x49,0x00,0x37,
   0x01,0x49,0x00,0x38,0x01,0x48,0x00,0x38,0x01,0x48,0x00,0x39,0x01,0x46,0x00,0x3A,
   0x01,0x46,0x00,0x3A,0x01,0x46,0x00,0x3B,0x01,0x45,0x00,0x3B,0x01,0x45,0x00,0x3C,
   0x01,0x3E,0x00,0x42,0x01,0x3D,0x00,0x43,0x01,0x3E,0x00,0x43,0x01,0x3D,0x00,0x43,
   0x01,0x3E,0x00,0x42,0x01,0x3E,0x00,0x42,0x01,0x3F,0x00,0x42,0x01,0x3E,0x00,0x42,
   0x01,0x3E,0x00,0x42,0x01,0x3E,0x00,0x2E,0x01,0x01,0x00,0x13,0x01,0x3D,0x00,0x2F,
   0x01,0x02,0x00,0x12,0x01,0x3D,0x00,0x2F,0x01,0x02,0x00,0x12,0x01,0x3D,0x00,0x2E,
   0x01,0x03,0x00,0x13,0x01,0x3B,0x00,0x2F,0x01,0x03,0x00,0x13,0x01,0x3B,0x00,0x2F,
   0x01,0x03,0x00,0x13,0x01,0x3B,0x00,0x2E,0x01,0x03,0x00,0x14,0x01,0x3B,0x00,0x2E,
   0x01,0x03,0x00,0x14,0x01,0x3A,0x00,0x2F,0x01,0x03,0x00,0x14,0x01,0x3A,0x00,0x2F,
   0x01,0x03,0x00,0x14,0x01,0x3A,0x00,0x2E,0x01,0x04,0x00,0x14,0x01,0x39,0x00,0x2F,
   0x01,0x04,0x00,0x15,0x01,0x38,0x00,0x2F,0x01,0x04,0x00,0x15,0x01,0x37,0x00,0x30,
   0x01,0x04,0x00,0x15,0x01,0x37,0x00,0x30,0x01,0x04,0x00,0x15,0x01,0x37,0x00,0x30,
   0x01,0x04,0x00,0x15,0x01,0x36,0x00,0x31,0x01,0x04,0x00,0x14,0x01,0x37,0x00,0x31,
   0x01,0x04,0x00,0x15,0x01,0x35,0x00,0x32,0x01,0x04,0x00,0x15,0x01,0x35,0x00,0x32,
   0x01,0x04,0x00,0x15,0x01,0x34,0x00,0x33,0x01,0x04,0x00,0x14,0x01,0x35,0x00,0x33,
   0x01,0x04,0x00,0x15,0x01,0x33,0x00,0x34,0x01,0x04,0x00,0x15,0x01,0x33,0x00,0x35,
   0x01,0x04,0x00,0x14,0x01,0x32,0x00,0x36,0x01,0x04,0x00,0x14,0x01,0x32,0x00,0x36,
   0x01,0x04,0x00,0x15,0x01,0x30,0x00,0x37,0x01,0x04,0x00,0x15,0x01,0x30,0x00,0x37,
   0x01,0x04,0x00,0x15,0x01,0x2F,0x00,0x38,0x01,0x04,0x00,0x16,0x01,0x18},
  // Frame 16/234 (Size: 490 bytes)
  {0x01,0x24,0x00,0x38,0x01,0x48,0x00,0x37,0x01,0x49,0x00,0x37,0x01,0x4A,0x00,0x36,
   0x01,0x4A,0x00,0x35,0x01,0x4B,0x00,0x34,0x01,0x52,0x00,0x2E,0x01,0x52,0x00,0x2D,
   0x01,0x53,0x00,0x2C,0x01,0x53,0x00,0x2D,0x01,0x53,0x00,0x2C,0x01,0x53,0x00,0x2C,
   0x01,0x53,0x00,0x2C,0x01,0x54,0x00,0x2B,0x01,0x54,0x00,0x2C,0x01,0x54,0x00,0x2C,
   0x01,0x54,0x00,0x2C,0x01,0x54,0x00,0x2C,0x01,0x58,0x00,0x28,0x01,0x58,0x00,0x28,
   0x01,0x58,0x00,0x25,0x01,0x5B,0x00,0x25,0x01,0x01,0x00,0x01,0x01,0x59,0x00,0x24,
   0x01,0x5C,0x00,0x24,0x01,0x5C,0x00,0x24,0x01,0x5C,0x00,0x24,0x01,0x5B,0x00,0x26,
   0x01,0x5A,0x00,0x26,0x01,0x5A,0x00,0x26,0x01,0x5A,0x00,0x26,0x01,0x5A,0x00,0x01,
   0x01,0x01,0x00,0x24,0x01,0x5A,0x00,0x01,0x01,0x01,0x00,0x24,0x01,0x5A,0x00,0x01,
   0x01,0x01,0x00,0x24,0x01,0x5C,0x00,0x24,0x01,0x5C,0x00,0x24,0x01,0x5C,0x00,0x24,
   0x01,0x5C,0x00,0x24,0x01,0x5C,0x00,0x24,0x01,0x5C,0x00,0x23,0x01,0x5D,0x00,0x23,
   0x01,0x5B,0x00,0x25,0x01,0x5A,0x00,0x26,0x01,0x59,0x00,0x28,0x01,0x57,0x00,0x29,
   0x01,0x56,0x00,0x2B,0x01,0x55,0x00,0x2C,0x01,0x54,0x00,0x2C,0x01,0x54,0x00,0x2D,
   0x01,0x52,0x00,0x2F,0x01,0x51,0x00,0x2F,0x01,0x51,0x00,0x30,0x01,0x50,0x00,0x30,
   0x01,0x50,0x00,0x31,0x01,0x4E,0x00,0x33,0x01,0x4D,0x00,0x33,0x01,0x4D,0x00,0x34,
   0x01,0x4C,0x00,0x34,0x01,0x4B,0x00,0x36,0x01,0x45,0x00,0x3B,0x01,0x45,0x00,0x3C,
   0x01,0x44,0x00,0x3C,0x01,0x45,0x00,0x3B,0x01,0x45,0x00,0x3C,0x01,0x44,0x00,0x3C,
   0x01,0x44,0x00,0x3C,0x01,0x44,0x00,0x3D,0x01,0x43,0x00,0x3D,0x01,0x42,0x00,0x37,
   0x01,0x01,0x00,0x07,0x01,0x41,0x00,0x37,0x01,0x01,0x00,0x07,0x01,0x41,0x00,0x38,
   0x01,0x01,0x00,0x06,0x01,0x40,0x00,0x39,0x01,0x01,0x00,0x06,0x01,0x40,0x00,0x39,
   0x01,0x01,0x00,0x07,0x01,0x3E,0x00,0x3A,0x01,0x01,0x00,0x07,0x01,0x3E,0x00,0x3A,
   0x01,0x02,0x00,0x07,0x01,0x3D,0x00,0x3A,0x01,0x02,0x00,0x07,0x01,0x3C,0x00,0x3B,
   0x01,0x02,0x00,0x07,0x01,0x3C,0x00,0x3C,0x01,0x02,0x00,0x06,0x01,0x3B,0x00,0x3E,
   0x01,0x01,0x00,0x06,0x01,0x3B,0x00,0x2E,0x01,0x01,0x00,0x0F,0x01,0x01,0x00,0x07,
   0x01,0x39,0x00,0x2F,0x01,0x01,0x00,0x17,0x01,0x39,0x00,0x2F,0x01,0x01,0x00,0x17,
   0x01,0x38,0x00,0x30,0x01,0x01,0x00,0x17,0x01,0x38,0x00,0x30,0x01,0x01,0x00,0x17,
   0x01,0x37,0x00,0x31,0x01,0x01,0x00,0x17,0x01,0x37,0x00,0x31,0x01,0x01,0x00,0x17,
   0x01,0x36,0x00,0x32,0x01,0x01,0x00,0x18,0x01,0x35,0x00,0x4B,0x01,0x34,0x00,0x4C,
   0x01,0x34,0x00,0x4C,0x01,0x33,0x00,0x4D,0x01,0x33,0x00,0x4E,0x01,0x31,0x00,0x4F,
   0x01,0x31,0x00,0x4F,0x01,0x30,0x00,0x50,0x01,0x30,0x00,0x37,0x01,0x01,0x00,0x18,
   0x01,0x2F,0x00,0x38,0x01,0x01,0x00,0x18,0x01,0x1E},
  // Frame 17/234 (Size: 494 bytes)
  {0x01,0x20,0x00,0x34,0x01,0x4D,0x00,0x33,0x01,0x4D,0x00,0x32,0x01,0x4E,0x00,0x32,
   0x01,0x4E,0x00,0x31,0x01,0x55,0x00,0x2B,0x01,0x55,0x00,0x2B,0x01,0x55,0x00,0x2A,
   0x01,0x55,0x00,0x2A,0x01,0x55,0x00,0x2B,0x01,0x54,0x00,0x2B,0x01,0x55,0x00,0x2A,
   0x01,0x55,0x00,0x29,0x01,0x57,0x00,0x29,0x01,0x57,0x00,0x29,0x01,0x57,0x00,0x29,
   0x01,0x5B,0x00,0x25,0x01,0x5B,0x00,0x25,0x01,0x5C,0x00,0x23,0x01,0x5D,0x00,0x21,
   0x01,0x01,0x00,0x01,0x01,0x5D,0x00,0x21,0x01,0x5F,0x00,0x21,0x01,0x5F,0x00,0x21,
   0x01,0x5F,0x00,0x21,0x01,0x5F,0x00,0x21,0x01,0x5F,0x00,0x22,0x01,0x5E,0x00,0x22,
   0x01,0x5E,0x00,0x22,0x01,0x5E,0x00,0x22,0x01,0x5E,0x00,0x22,0x01,0x5F,0x00,0x21,
   0x01,0x5F,0x00,0x21,0x01,0x5F,0x00,0x21,0x01,0x5F,0x00,0x21,0x01,0x5E,0x00,0x23,
   0x01,0x5E,0x00,0x21,0x01,0x5F,0x00,0x21,0x01,0x5E,0x00,0x22,0x01,0x5D,0x00,0x22,
   0x01,0x5C,0x00,0x24,0x01,0x5B,0x00,0x26,0x01,0x59,0x00,0x27,0x01,0x59,0x00,0x28,
   0x01,0x58,0x00,0x28,0x01,0x57,0x00,0x29,0x01,0x57,0x00,0x2A,0x01,0x56,0x00,0x2A,
   0x01,0x56,0x00,0x2A,0x01,0x56,0x00,0x2B,0x01,0x55,0x00,0x2B,0x01,0x55,0x00,0x2C,
   0x01,0x54,0x00,0x2C,0x01,0x53,0x00,0x2F,0x01,0x51,0x00,0x30,0x01,0x4C,0x00,0x02,
   0x01,0x02,0x00,0x30,0x01,0x4B,0x00,0x35,0x01,0x4B,0x00,0x35,0x01,0x4C,0x00,0x34,
   0x01,0x4C,0x00,0x34,0x01,0x4C,0x00,0x34,0x01,0x4D,0x00,0x34,0x01,0x4C,0x00,0x34,
   0x01,0x4B,0x00,0x35,0x01,0x4B,0x00,0x0C,0x01,0x01,0x00,0x29,0x01,0x4A,0x00,0x0C,
   0x01,0x01,0x00,0x29,0x01,0x49,0x00,0x0C,0x01,0x02,0x00,0x29,0x01,0x49,0x00,0x0C,
   0x01,0x02,0x00,0x2A,0x01,0x48,0x00,0x0C,0x01,0x02,0x00,0x2A,0x01,0x48,0x00,0x0C,
   0x01,0x02,0x00,0x2A,0x01,0x47,0x00,0x0D,0x01,0x02,0x00,0x2B,0x01,0x46,0x00,0x0D,
   0x01,0x02,0x00,0x2B,0x01,0x46,0x00,0x0D,0x01,0x02,0x00,0x2B,0x01,0x45,0x00,0x0E,
   0x01,0x02,0x00,0x2B,0x01,0x45,0x00,0x0E,0x01,0x02,0x00,0x2C,0x01,0x44,0x00,0x0E,
   0x01,0x02,0x00,0x2C,0x01,0x43,0x00,0x0F,0x01,0x02,0x00,0x2C,0x01,0x43,0x00,0x0F,
   0x01,0x02,0x00,0x2C,0x01,0x42,0x00,0x10,0x01,0x02,0x00,0x2D,0x01,0x41,0x00,0x10,
   0x01,0x01,0x00,0x2E,0x01,0x40,0x00,0x11,0x01,0x01,0x00,0x2E,0x01,0x40,0x00,0x10,
   0x01,0x02,0x00,0x2F,0x01,0x3E,0x00,0x11,0x01,0x02,0x00,0x2F,0x01,0x3E,0x00,0x11,
   0x01,0x02,0x00,0x2F,0x01,0x3D,0x00,0x12,0x01,0x02,0x00,0x2F,0x01,0x3D,0x00,0x12,
   0x01,0x01,0x00,0x31,0x01,0x3B,0x00,0x13,0x01,0x02,0x00,0x30,0x01,0x3B,0x00,0x13,
   0x01,0x01,0x00,0x31,0x01,0x3A,0x00,0x13,0x01,0x02,0x00,0x31,0x01,0x3A,0x00,0x47,
   0x01,0x38,0x00,0x47,0x01,0x39,0x00,0x46,0x01,0x39,0x00,0x47,0x01,0x39,0x00,0x47,
   0x01,0x38,0x00,0x49,0x01,0x37,0x00,0x49,0x01,0x36,0x00,0x4B,0x01,0x26},
  // Frame 18/234 (Size: 390 bytes)
  {0x01,0x20,0x00,0x31,0x01,0x4F,0x00,0x31,0x01,0x4F,0x00,0x30,0x01,0x50,0x00,0x30,
   0x01,0x50,0x00,0x2F,0x01,0x51,0x00,0x2F,0x01,0x51,0x00,0x2F,0x01,0x52,0x00,0x2D,
   0x01,0x53,0x00,0x2D,0x01,0x54,0x00,0x2C,0x01,0x54,0x00,0x2B,0x01,0x5A,0x00,0x26,
   0x01,0x59,0x00,0x26,0x01,0x5A,0x00,0x26,0x01,0x59,0x00,0x23,0x01,0x01,0x00,0x02,
   0x01,0x5A,0x00,0x23,0x01,0x5C,0x00,0x24,0x01,0x5B,0x00,0x25,0x01,0x5B,0x00,0x25,
   0x01,0x5C,0x00,0x24,0x01,0x5F,0x00,0x21,0x01,0x5F,0x00,0x20,0x01,0x60,0x00,0x20,
   0x01,0x60,0x00,0x1F,0x01,0x61,0x00,0x1E,0x01,0x62,0x00,0x1E,0x01,0x62,0x00,0x1D,
   0x01,0x63,0x00,0x1D,0x01,0x63,0x00,0x1D,0x01,0x63,0x00,0x1D,0x01,0x63,0x00,0x1D,
   0x01,0x63,0x00,0x1D,0x01,0x62,0x00,0x1E,0x01,0x62,0x00,0x1F,0x01,0x63,0x00,0x1C,
   0x01,0x64,0x00,0x1C,0x01,0x64,0x00,0x1D,0x01,0x63,0x00,0x1C,0x01,0x64,0x00,0x1C,
   0x01,0x65,0x00,0x1C,0x01,0x63,0x00,0x1E,0x01,0x60,0x00,0x21,0x01,0x5E,0x00,0x23,
   0x01,0x5C,0x00,0x24,0x01,0x5C,0x00,0x25,0x01,0x5A,0x00,0x26,0x01,0x5A,0x00,0x26,
   0x01,0x5A,0x00,0x26,0x01,0x5A,0x00,0x26,0x01,0x5A,0x00,0x27,0x01,0x59,0x00,0x27,
   0x01,0x59,0x00,0x2B,0x01,0x55,0x00,0x2C,0x01,0x54,0x00,0x2C,0x01,0x54,0x00,0x2C,
   0x01,0x51,0x00,0x2F,0x01,0x4F,0x00,0x30,0x01,0x50,0x00,0x2F,0x01,0x52,0x00,0x2F,
   0x01,0x52,0x00,0x2E,0x01,0x52,0x00,0x2E,0x01,0x53,0x00,0x2E,0x01,0x52,0x00,0x2E,
   0x01,0x51,0x00,0x2F,0x01,0x51,0x00,0x30,0x01,0x50,0x00,0x30,0x01,0x50,0x00,0x31,
   0x01,0x4F,0x00,0x31,0x01,0x4F,0x00,0x31,0x01,0x4F,0x00,0x32,0x01,0x4D,0x00,0x33,
   0x01,0x4D,0x00,0x34,0x01,0x4B,0x00,0x35,0x01,0x4B,0x00,0x36,0x01,0x49,0x00,0x37,
   0x01,0x49,0x00,0x38,0x01,0x47,0x00,0x39,0x01,0x47,0x00,0x3A,0x01,0x45,0x00,0x3B,
   0x01,0x45,0x00,0x3B,0x01,0x44,0x00,0x3D,0x01,0x43,0x00,0x3D,0x01,0x42,0x00,0x3E,
   0x01,0x42,0x00,0x3E,0x01,0x41,0x00,0x3F,0x01,0x40,0x00,0x40,0x01,0x40,0x00,0x3F,
   0x01,0x40,0x00,0x40,0x01,0x40,0x00,0x41,0x01,0x3E,0x00,0x42,0x01,0x3E,0x00,0x42,
   0x01,0x3F,0x00,0x42,0x01,0x3F,0x00,0x41,0x01,0x3F,0x00,0x41,0x01,0x3F,0x00,0x41,
   0x01,0x3F,0x00,0x40,0x01,0x29},
  // Frame 19/234 (Size: 550 bytes)
  {0x01,0x26,0x00,0x2D,0x01,0x53,0x00,0x2D,0x01,0x54,0x00,0x2B,0x01,0x55,0x00,0x2B,
   0x01,0x55,0x00,0x2B,0x01,0x56,0x00,0x2A,0x01,0x56,0x00,0x2A,0x01,0x56,0x00,0x29,
   0x01,0x58,0x00,0x28,0x01,0x58,0x00,0x28,0x01,0x59,0x00,0x22,0x01,0x02,0x00,0x02,
   0x01,0x5A,0x00,0x22,0x01,0x5F,0x00,0x22,0x01,0x60,0x00,0x20,0x01,0x60,0x00,0x21,
   0x01,0x5F,0x00,0x22,0x01,0x5E,0x00,0x22,0x01,0x5F,0x00,0x22,0x01,0x5E,0x00,0x21,
   0x01,0x5F,0x00,0x1E,0x01,0x62,0x00,0x1D,0x01,0x63,0x00,0x1D,0x01,0x62,0x00,0x1D,
   0x01,0x63,0x00,0x1D,0x01,0x62,0x00,0x1E,0x01,0x62,0x00,0x1D,0x01,0x63,0x00,0x1D,
   0x01,0x63,0x00,0x1C,0x01,0x64,0x00,0x1C,0x01,0x63,0x00,0x1D,0x01,0x63,0x00,0x1C,
   0x01,0x63,0x00,0x1D,0x01,0x64,0x00,0x1F,0x01,0x61,0x00,0x1F,0x01,0x61,0x00,0x1E,
   0x01,0x62,0x00,0x1F,0x01,0x62,0x00,0x20,0x01,0x60,0x00,0x21,0x01,0x5E,0x00,0x23,
   0x01,0x5D,0x00,0x24,0x01,0x5B,0x00,0x25,0x01,0x5B,0x00,0x26,0x01,0x59,0x00,0x27,
   0x01,0x59,0x00,0x27,0x01,0x59,0x00,0x27,0x01,0x58,0x00,0x28,0x01,0x58,0x00,0x28,
   0x01,0x57,0x00,0x29,0x01,0x57,0x00,0x29,0x01,0x57,0x00,0x2A,0x01,0x56,0x00,0x2D,
   0x01,0x52,0x00,0x2F,0x01,0x51,0x00,0x2E,0x01,0x52,0x00,0x2E,0x01,0x52,0x00,0x2D,
   0x01,0x53,0x00,0x2D,0x01,0x52,0x00,0x0E,0x01,0x01,0x00,0x1F,0x01,0x52,0x00,0x0E,
   0x01,0x01,0x00,0x1F,0x01,0x52,0x00,0x0E,0x01,0x02,0x00,0x1F,0x01,0x51,0x00,0x0E,
   0x01,0x02,0x00,0x1F,0x01,0x51,0x00,0x0E,0x01,0x02,0x00,0x1F,0x01,0x51,0x00,0x0E,
   0x01,0x02,0x00,0x1F,0x01,0x51,0x00,0x0E,0x01,0x03,0x00,0x1F,0x01,0x50,0x00,0x0E,
   0x01,0x03,0x00,0x1F,0x01,0x50,0x00,0x0E,0x01,0x03,0x00,0x1F,0x01,0x50,0x00,0x0E,
   0x01,0x03,0x00,0x20,0x01,0x4F,0x00,0x0E,0x01,0x03,0x00,0x20,0x01,0x4F,0x00,0x0E,
   0x01,0x03,0x00,0x20,0x01,0x50,0x00,0x0D,0x01,0x03,0x00,0x21,0x01,0x4E,0x00,0x0E,
   0x01,0x03,0x00,0x21,0x01,0x4F,0x00,0x0D,0x01,0x03,0x00,0x22,0x01,0x4E,0x00,0x0D,
   0x01,0x03,0x00,0x22,0x01,0x4E,0x00,0x0D,0x01,0x02,0x00,0x23,0x01,0x4D,0x00,0x0E,
   0x01,0x02,0x00,0x24,0x01,0x4C,0x00,0x0E,0x01,0x03,0x00,0x23,0x01,0x4C,0x00,0x0D,
   0x01,0x03,0x00,0x25,0x01,0x4A,0x00,0x0E,0x01,0x04,0x00,0x24,0x01,0x4A,0x00,0x0E,
   0x01,0x04,0x00,0x25,0x01,0x48,0x00,0x0F,0x01,0x03,0x00,0x26,0x01,0x48,0x00,0x0F,
   0x01,0x03,0x00,0x27,0x01,0x47,0x00,0x0F,0x01,0x02,0x00,0x28,0x01,0x46,0x00,0x0F,
   0x01,0x03,0x00,0x28,0x01,0x46,0x00,0x0F,0x01,0x02,0x00,0x29,0x01,0x45,0x00,0x10,
   0x01,0x02,0x00,0x28,0x01,0x46,0x00,0x10,0x01,0x01,0x00,0x29,0x01,0x47,0x00,0x0E,
   0x01,0x02,0x00,0x28,0x01,0x49,0x00,0x0D,0x01,0x02,0x00,0x28,0x01,0x49,0x00,0x0D,
   0x01,0x02,0x00,0x29,0x01,0x48,0x00,0x0C,0x01,0x02,0x00,0x2A,0x01,0x48,0x00,0x0C,
   0x01,0x02,0x00,0x2A,0x01,0x47,0x00,0x0D,0x01,0x02,0x00,0x2A,0x01,0x47,0x00,0x0C,
   0x01,0x03,0x00,0x2A,0x01,0x46,0x00,0x0D,0x01,0x02,0x00,0x2B,0x01,0x46,0x00,0x0C,
   0x01,0x03,0x00,0x2B,0x01,0x46,0x00,0x0C,0x01,0x03,0x00,0x2A,0x01,0x47,0x00,0x0C,
   0x01,0x02,0x00,0x2A,0x01,0x27},
  // Frame 20/234 (Size: 522 bytes)
  {0x01,0x45,0x00,0x0E,0x01,0x71,0x00,0x0F,0x01,0x5F,0x00,0x05,0x01,0x0C,0x00,0x10,
   0x01,0x5B,0x00,0x0C,0x01,0x03,0x00,0x16,0x01,0x58,0x00,0x10,0x01,0x01,0x00,0x17,
   0x01,0x57,0x00,0x29,0x01,0x57,0x00,0x29,0x01,0x57,0x00,0x2A,0x01,0x57,0x00,0x28,
   0x01,0x58,0x00,0x29,0x01,0x58,0x00,0x28,0x01,0x58,0x00,0x27,0x01,0x5A,0x00,0x26,
   0x01,0x5B,0x00,0x25,0x01,0x5B,0x00,0x20,0x01,0x02,0x00,0x03,0x01,0x5C,0x00,0x20,
   0x01,0x60,0x00,0x21,0x01,0x60,0x00,0x20,0x01,0x61,0x00,0x20,0x01,0x60,0x00,0x21,
   0x01,0x5F,0x00,0x21,0x01,0x60,0x00,0x21,0x01,0x5F,0x00,0x20,0x01,0x60,0x00,0x1D,
   0x01,0x64,0x00,0x1C,0x01,0x64,0x00,0x1C,0x01,0x65,0x00,0x1B,0x01,0x65,0x00,0x1B,
   0x01,0x65,0x00,0x1B,0x01,0x64,0x00,0x1C,0x01,0x64,0x00,0x1C,0x01,0x64,0x00,0x1C,
   0x01,0x64,0x00,0x1C,0x01,0x64,0x00,0x1A,0x01,0x01,0x00,0x01,0x01,0x64,0x00,0x1A,
   0x01,0x01,0x00,0x01,0x01,0x63,0x00,0x0A,0x01,0x01,0x00,0x10,0x01,0x01,0x00,0x01,
   0x01,0x63,0x00,0x1B,0x01,0x66,0x00,0x1A,0x01,0x66,0x00,0x1A,0x01,0x65,0x00,0x1D,
   0x01,0x63,0x00,0x1E,0x01,0x61,0x00,0x20,0x01,0x5F,0x00,0x22,0x01,0x5E,0x00,0x22,
   0x01,0x5D,0x00,0x23,0x01,0x5C,0x00,0x24,0x01,0x5C,0x00,0x25,0x01,0x5A,0x00,0x26,
   0x01,0x5A,0x00,0x26,0x01,0x59,0x00,0x27,0x01,0x58,0x00,0x06,0x01,0x01,0x00,0x22,
   0x01,0x57,0x00,0x05,0x01,0x02,0x00,0x22,0x01,0x56,0x00,0x06,0x01,0x01,0x00,0x27,
   0x01,0x52,0x00,0x2D,0x01,0x52,0x00,0x2E,0x01,0x52,0x00,0x2E,0x01,0x52,0x00,0x05,
   0x01,0x02,0x00,0x27,0x01,0x51,0x00,0x06,0x01,0x03,0x00,0x26,0x01,0x51,0x00,0x05,
   0x01,0x04,0x00,0x26,0x01,0x51,0x00,0x05,0x01,0x04,0x00,0x27,0x01,0x4F,0x00,0x06,
   0x01,0x04,0x00,0x27,0x01,0x4F,0x00,0x05,0x01,0x05,0x00,0x27,0x01,0x4F,0x00,0x05,
   0x01,0x05,0x00,0x28,0x01,0x4E,0x00,0x05,0x01,0x05,0x00,0x28,0x01,0x4E,0x00,0x05,
   0x01,0x05,0x00,0x28,0x01,0x4D,0x00,0x05,0x01,0x06,0x00,0x29,0x01,0x4C,0x00,0x05,
   0x01,0x05,0x00,0x2A,0x01,0x4C,0x00,0x05,0x01,0x05,0x00,0x2B,0x01,0x4B,0x00,0x05,
   0x01,0x04,0x00,0x2C,0x01,0x4B,0x00,0x05,0x01,0x04,0x00,0x2D,0x01,0x4A,0x00,0x05,
   0x01,0x04,0x00,0x2D,0x01,0x4A,0x00,0x05,0x01,0x03,0x00,0x2F,0x01,0x49,0x00,0x05,
   0x01,0x03,0x00,0x2F,0x01,0x49,0x00,0x05,0x01,0x02,0x00,0x30,0x01,0x49,0x00,0x05,
   0x01,0x02,0x00,0x31,0x01,0x48,0x00,0x05,0x01,0x02,0x00,0x31,0x01,0x48,0x00,0x05,
   0x01,0x01,0x00,0x33,0x01,0x47,0x00,0x3A,0x01,0x46,0x00,0x3A,0x01,0x46,0x00,0x3A,
   0x01,0x46,0x00,0x3B,0x01,0x45,0x00,0x3B,0x01,0x45,0x00,0x01,0x01,0x02,0x00,0x02,
   0x01,0x01,0x00,0x35,0x01,0x4B,0x00,0x35,0x01,0x4A,0x00,0x35,0x01,0x4B,0x00,0x35,
   0x01,0x4A,0x00,0x36,0x01,0x4A,0x00,0x36,0x01,0x4A,0x00,0x36,0x01,0x4B,0x00,0x35,
   0x01,0x4B,0x00,0x35,0x01,0x4B,0x00,0x35,0x01,0x4C,0x00,0x34,0x01,0x4C,0x00,0x34,
   0x01,0x4C,0x00,0x33,0x01,0x4D,0x00,0x32,0x01,0x22},
  // Frame 21/234 (Size: 490 bytes)
  {0x01,0x47,0x00,0x0F,0x01,0x61,0x00,0x03,0x01,0x09,0x00,0x01,0x01,0x02,0x00,0x10,
   0x01,0x5C,0x00,0x0C,0x01,0x02,0x00,0x16,0x01,0x5A,0x00,0x26,0x01,0x58,0x00,0x28,
   0x01,0x58,0x00,0x28,0x01,0x58,0x00,0x28,0x01,0x58,0x00,0x28,0x01,0x59,0x00,0x27,
   0x01,0x5A,0x00,0x26,0x01,0x5A,0x00,0x25,0x01,0x5C,0x00,0x24,0x01,0x5C,0x00,0x20,
   0x01,0x01,0x00,0x03,0x01,0x5D,0x00,0x1F,0x01,0x61,0x00,0x20,0x01,0x61,0x00,0x1F,
   0x01,0x61,0x00,0x20,0x01,0x63,0x00,0x1E,0x01,0x62,0x00,0x1E,0x01,0x62,0x00,0x1E,
   0x01,0x62,0x00,0x1D,0x01,0x63,0x00,0x1B,0x01,0x66,0x00,0x1A,0x01,0x67,0x00,0x19,
   0x01,0x67,0x00,0x19,0x01,0x67,0x00,0x19,0x01,0x66,0x00,0x1B,0x01,0x65,0x00,0x1B,
   0x01,0x65,0x00,0x1B,0x01,0x65,0x00,0x1A,0x01,0x66,0x00,0x1B,0x01,0x65,0x00,0x1B,
   0x01,0x65,0x00,0x03,0x01,0x01,0x00,0x17,0x01,0x65,0x00,0x03,0x01,0x01,0x00,0x17,
   0x01,0x65,0x00,0x1B,0x01,0x65,0x00,0x02,0x01,0x01,0x00,0x15,0x01,0x01,0x00,0x02,
   0x01,0x65,0x00,0x1B,0x01,0x66,0x00,0x1A,0x01,0x66,0x00,0x1B,0x01,0x64,0x00,0x1D,
   0x01,0x63,0x00,0x1D,0x01,0x62,0x00,0x1F,0x01,0x61,0x00,0x1F,0x01,0x61,0x00,0x1F,
   0x01,0x60,0x00,0x20,0x01,0x60,0x00,0x20,0x01,0x5F,0x00,0x21,0x01,0x5F,0x00,0x22,
   0x01,0x5D,0x00,0x23,0x01,0x5C,0x00,0x28,0x01,0x58,0x00,0x27,0x01,0x59,0x00,0x27,
   0x01,0x58,0x00,0x28,0x01,0x58,0x00,0x27,0x01,0x58,0x00,0x29,0x01,0x57,0x00,0x29,
   0x01,0x57,0x00,0x1F,0x01,0x02,0x00,0x08,0x01,0x56,0x00,0x20,0x01,0x02,0x00,0x09,
   0x01,0x55,0x00,0x20,0x01,0x02,0x00,0x09,0x01,0x54,0x00,0x21,0x01,0x02,0x00,0x09,
   0x01,0x54,0x00,0x21,0x01,0x02,0x00,0x0A,0x01,0x53,0x00,0x21,0x01,0x02,0x00,0x0A,
   0x01,0x52,0x00,0x23,0x01,0x01,0x00,0x0A,0x01,0x52,0x00,0x23,0x01,0x01,0x00,0x0B,
   0x01,0x51,0x00,0x23,0x01,0x01,0x00,0x0B,0x01,0x51,0x00,0x23,0x01,0x01,0x00,0x0C,
   0x01,0x4F,0x00,0x24,0x01,0x01,0x00,0x0C,0x01,0x4F,0x00,0x25,0x01,0x01,0x00,0x0B,
   0x01,0x4F,0x00,0x25,0x01,0x01,0x00,0x0C,0x01,0x4D,0x00,0x26,0x01,0x01,0x00,0x0C,
   0x01,0x4D,0x00,0x26,0x01,0x01,0x00,0x0D,0x01,0x4C,0x00,0x26,0x01,0x01,0x00,0x0D,
   0x01,0x4B,0x00,0x27,0x01,0x01,0x00,0x0E,0x01,0x4A,0x00,0x36,0x01,0x4A,0x00,0x37,
   0x01,0x48,0x00,0x38,0x01,0x48,0x00,0x39,0x01,0x47,0x00,0x39,0x01,0x47,0x00,0x02,
   0x01,0x01,0x00,0x36,0x01,0x4B,0x00,0x35,0x01,0x4B,0x00,0x35,0x01,0x4A,0x00,0x35,
   0x01,0x4B,0x00,0x35,0x01,0x4B,0x00,0x35,0x01,0x4C,0x00,0x34,0x01,0x4D,0x00,0x33,
   0x01,0x4E,0x00,0x32,0x01,0x50,0x00,0x30,0x01,0x50,0x00,0x30,0x01,0x50,0x00,0x30,
   0x01,0x50,0x00,0x30,0x01,0x51,0x00,0x2F,0x01,0x51,0x00,0x2F,0x01,0x51,0x00,0x2F,
   0x01,0x51,0x00,0x2F,0x01,0x51,0x00,0x30,0x01,0x1E},
  // Frame 22/234 (Size: 426 bytes)
  {0x01,0x4E,0x00,0x0A,0x01,0x75,0x00,0x0C,0x01,0x72,0x00,0x0E,0x01,0x5F,0x00,0x07,
   0x01,0x0B,0x00,0x0F,0x01,0x5B,0x00,0x0E,0x01,0x01,0x00,0x16,0x01,0x5A,0x00,0x26,
   0x01,0x5A,0x00,0x26,0x01,0x5A,0x00,0x26,0x01,0x5A,0x00,0x26,0x01,0x5B,0x00,0x25,
   0x01,0x5B,0x00,0x25,0x01,0x5B,0x00,0x25,0x01,0x5C,0x00,0x23,0x01,0x5D,0x00,0x23,
   0x01,0x5D,0x00,0x23,0x01,0x5E,0x00,0x1E,0x01,0x62,0x00,0x1F,0x01,0x62,0x00,0x1F,
   0x01,0x62,0x00,0x01,0x01,0x02,0x00,0x1B,0x01,0x65,0x00,0x1C,0x01,0x63,0x00,0x1D,
   0x01,0x63,0x00,0x1C,0x01,0x64,0x00,0x1A,0x01,0x66,0x00,0x1A,0x01,0x66,0x00,0x1A,
   0x01,0x68,0x00,0x17,0x01,0x69,0x00,0x17,0x01,0x69,0x00,0x17,0x01,0x68,0x00,0x18,
   0x01,0x68,0x00,0x18,0x01,0x68,0x00,0x17,0x01,0x69,0x00,0x17,0x01,0x69,0x00,0x17,
   0x01,0x69,0x00,0x17,0x01,0x69,0x00,0x17,0x01,0x69,0x00,0x17,0x01,0x69,0x00,0x17,
   0x01,0x69,0x00,0x18,0x01,0x68,0x00,0x19,0x01,0x67,0x00,0x1B,0x01,0x64,0x00,0x1C,
   0x01,0x64,0x00,0x1D,0x01,0x63,0x00,0x1D,0x01,0x62,0x00,0x1E,0x01,0x62,0x00,0x1E,
   0x01,0x62,0x00,0x1E,0x01,0x5F,0x00,0x21,0x01,0x5E,0x00,0x22,0x01,0x5E,0x00,0x22,
   0x01,0x5E,0x00,0x23,0x01,0x5D,0x00,0x26,0x01,0x5B,0x00,0x25,0x01,0x5B,0x00,0x24,
   0x01,0x5B,0x00,0x25,0x01,0x5B,0x00,0x24,0x01,0x5B,0x00,0x25,0x01,0x5B,0x00,0x25,
   0x01,0x5A,0x00,0x27,0x01,0x59,0x00,0x27,0x01,0x58,0x00,0x28,0x01,0x58,0x00,0x28,
   0x01,0x57,0x00,0x29,0x01,0x57,0x00,0x29,0x01,0x56,0x00,0x2B,0x01,0x55,0x00,0x2C,
   0x01,0x53,0x00,0x2D,0x01,0x53,0x00,0x2E,0x01,0x51,0x00,0x2F,0x01,0x51,0x00,0x22,
   0x01,0x01,0x00,0x0D,0x01,0x4F,0x00,0x23,0x01,0x01,0x00,0x0D,0x01,0x4F,0x00,0x24,
   0x01,0x01,0x00,0x0D,0x01,0x4E,0x00,0x23,0x01,0x02,0x00,0x0D,0x01,0x4E,0x00,0x24,
   0x01,0x01,0x00,0x0E,0x01,0x4D,0x00,0x33,0x01,0x4E,0x00,0x33,0x01,0x4C,0x00,0x34,
   0x01,0x4C,0x00,0x35,0x01,0x4A,0x00,0x35,0x01,0x4B,0x00,0x35,0x01,0x4B,0x00,0x34,
   0x01,0x4C,0x00,0x34,0x01,0x4C,0x00,0x34,0x01,0x4E,0x00,0x32,0x01,0x50,0x00,0x31,
   0x01,0x50,0x00,0x30,0x01,0x50,0x00,0x30,0x01,0x50,0x00,0x30,0x01,0x51,0x00,0x2F,
   0x01,0x51,0x00,0x2F,0x01,0x52,0x00,0x2D,0x01,0x53,0x00,0x2D,0x01,0x54,0x00,0x2D,
   0x01,0x53,0x00,0x2D,0x01,0x54,0x00,0x2C,0x01,0x53,0x00,0x24,0x01,0x01,0x00,0x09,
   0x01,0x52,0x00,0x25,0x01,0x01,0x00,0x08,0x01,0x1E},
  // Frame 23/234 (Size: 588 bytes)
  {0x01,0xFF,0x01,0x37,0x00,0x06,0x01,0x76,0x00,0x0D,0x01,0x0A,0x00,0x0A,0x01,0x5F,
   0x00,0x0E,0x01,0x01,0x00,0x05,0x01,0x02,0x00,0x0E,0x01,0x5B,0x00,0x25,0x01,0x5B,
   0x00,0x25,0x01,0x5C,0x00,0x24,0x01,0x5C,0x00,0x23,0x01,0x5D,0x00,0x23,0x01,0x5D,
   0x00,0x23,0x01,0x5D,0x00,0x23,0x01,0x5D,0x00,0x22,0x01,0x5F,0x00,0x21,0x01,0x5F,
   0x00,0x20,0x01,0x60,0x00,0x20,0x01,0x64,0x00,0x19,0x01,0x01,0x00,0x01,0x01,0x65,
   0x00,0x19,0x01,0x67,0x00,0x19,0x01,0x66,0x00,0x1A,0x01,0x66,0x00,0x1A,0x01,0x65,
   0x00,0x1B,0x01,0x66,0x00,0x1A,0x01,0x68,0x00,0x18,0x01,0x68,0x00,0x18,0x01,0x69,
   0x00,0x18,0x01,0x68,0x00,0x18,0x01,0x69,0x00,0x17,0x01,0x69,0x00,0x17,0x01,0x6A,
   0x00,0x16,0x01,0x6A,0x00,0x16,0x01,0x6A,0x00,0x16,0x01,0x6B,0x00,0x15,0x01,0x68,
   0x00,0x18,0x01,0x69,0x00,0x17,0x01,0x68,0x00,0x18,0x01,0x67,0x00,0x19,0x01,0x66,
   0x00,0x19,0x01,0x66,0x00,0x1B,0x01,0x64,0x00,0x1D,0x01,0x63,0x00,0x1D,0x01,0x63,
   0x00,0x1D,0x01,0x63,0x00,0x1D,0x01,0x62,0x00,0x1E,0x01,0x62,0x00,0x1E,0x01,0x62,
   0x00,0x1F,0x01,0x5F,0x00,0x1A,0x01,0x01,0x00,0x06,0x01,0x5E,0x00,0x1B,0x01,0x01,
   0x00,0x06,0x01,0x5E,0x00,0x1B,0x01,0x01,0x00,0x09,0x01,0x5B,0x00,0x1B,0x01,0x01,
   0x00,0x09,0x01,0x5C,0x00,0x24,0x01,0x5C,0x00,0x23,0x01,0x5D,0x00,0x19,0x01,0x02,
   0x00,0x08,0x01,0x5C,0x00,0x1A,0x01,0x02,0x00,0x08,0x01,0x5C,0x00,0x1A,0x01,0x03,
   0x00,0x07,0x01,0x5C,0x00,0x19,0x01,0x04,0x00,0x08,0x01,0x5A,0x00,0x1A,0x01,0x04,
   0x00,0x08,0x01,0x5A,0x00,0x1A,0x01,0x04,0x00,0x08,0x01,0x5A,0x00,0x1A,0x01,0x04,
   0x00,0x08,0x01,0x59,0x00,0x1B,0x01,0x04,0x00,0x09,0x01,0x58,0x00,0x1B,0x01,0x04,
   0x00,0x09,0x01,0x57,0x00,0x1C,0x01,0x04,0x00,0x09,0x01,0x57,0x00,0x1C,0x01,0x04,
   0x00,0x0A,0x01,0x55,0x00,0x1D,0x01,0x04,0x00,0x0A,0x01,0x55,0x00,0x1D,0x01,0x04,
   0x00,0x0B,0x01,0x53,0x00,0x1E,0x01,0x04,0x00,0x0B,0x01,0x53,0x00,0x1E,0x01,0x04,
   0x00,0x0B,0x01,0x52,0x00,0x1F,0x01,0x04,0x00,0x0C,0x01,0x51,0x00,0x1F,0x01,0x04,
   0x00,0x0C,0x01,0x50,0x00,0x20,0x01,0x04,0x00,0x0D,0x01,0x4F,0x00,0x21,0x01,0x03,
   0x00,0x0D,0x01,0x4F,0x00,0x21,0x01,0x03,0x00,0x0E,0x01,0x4E,0x00,0x22,0x01,0x02,
   0x00,0x0E,0x01,0x4F,0x00,0x21,0x01,0x02,0x00,0x0E,0x01,0x4F,0x00,0x22,0x01,0x02,
   0x00,0x0E,0x01,0x4E,0x00,0x22,0x01,0x02,0x00,0x0E,0x01,0x4E,0x00,0x22,0x01,0x02,
   0x00,0x0D,0x01,0x4E,0x00,0x23,0x01,0x02,0x00,0x0D,0x01,0x4E,0x00,0x24,0x01,0x02,
   0x00,0x0C,0x01,0x4E,0x00,0x24,0x01,0x02,0x00,0x0C,0x01,0x4F,0x00,0x23,0x01,0x02,
   0x00,0x0C,0x01,0x50,0x00,0x23,0x01,0x02,0x00,0x0B,0x01,0x51,0x00,0x22,0x01,0x02,
   0x00,0x0C,0x01,0x50,0x00,0x22,0x01,0x02,0x00,0x0C,0x01,0x50,0x00,0x23,0x01,0x02,
   0x00,0x0B,0x01,0x50,0x00,0x23,0x01,0x02,0x00,0x0B,0x01,0x51,0x00,0x22,0x01,0x03,
   0x00,0x0A,0x01,0x51,0x00,0x23,0x01,0x02,0x00,0x09,0x01,0x52,0x00,0x23,0x01,0x03,
   0x00,0x09,0x01,0x51,0x00,0x23,0x01,0x03,0x00,0x09,0x01,0x51,0x00,0x24,0x01,0x03,
   0x00,0x08,0x01,0x51,0x00,0x24,0x01,0x04,0x00,0x07,0x01,0x50,0x00,0x26,0x01,0x03,
   0x00,0x08,0x01,0x4F,0x00,0x26,0x01,0x04,0x00,0x07,0x01,0x4F,0x00,0x26,0x01,0x05,
   0x00,0x06,0x01,0x4E,0x00,0x28,0x01,0x04,0x00,0x06,0x01,0x22},
  // Frame 24/234 (Size: 564 bytes)
  {0x01,0xFF,0x01,0x34,0x00,0x05,0x01,0x7A,0x00,0x09,0x01,0x77,0x00,0x0B,0x01,0x75,
   0x00,0x0D,0x01,0x73,0x00,0x0D,0x01,0x02,0x00,0x01,0x01,0x07,0x00,0x05,0x01,0x63,
   0x00,0x14,0x01,0x01,0x00,0x0C,0x01,0x5F,0x00,0x22,0x01,0x5E,0x00,0x23,0x01,0x5D,
   0x00,0x23,0x01,0x5D,0x00,0x22,0x01,0x5E,0x00,0x22,0x01,0x5E,0x00,0x21,0x01,0x60,
   0x00,0x20,0x01,0x60,0x00,0x1F,0x01,0x64,0x00,0x1C,0x01,0x64,0x00,0x1B,0x01,0x64,
   0x00,0x1C,0x01,0x63,0x00,0x1C,0x01,0x63,0x00,0x1C,0x01,0x64,0x00,0x1C,0x01,0x64,
   0x00,0x1C,0x01,0x67,0x00,0x18,0x01,0x68,0x00,0x18,0x01,0x68,0x00,0x17,0x01,0x69,
   0x00,0x16,0x01,0x6A,0x00,0x16,0x01,0x6A,0x00,0x16,0x01,0x6A,0x00,0x17,0x01,0x69,
   0x00,0x17,0x01,0x6A,0x00,0x16,0x01,0x6A,0x00,0x16,0x01,0x6A,0x00,0x16,0x01,0x6A,
   0x00,0x16,0x01,0x6B,0x00,0x15,0x01,0x6A,0x00,0x16,0x01,0x68,0x00,0x18,0x01,0x67,
   0x00,0x1A,0x01,0x65,0x00,0x1B,0x01,0x65,0x00,0x1C,0x01,0x64,0x00,0x1D,0x01,0x62,
   0x00,0x1E,0x01,0x62,0x00,0x1F,0x01,0x61,0x00,0x1F,0x01,0x61,0x00,0x20,0x01,0x60,
   0x00,0x20,0x01,0x5F,0x00,0x22,0x01,0x5B,0x00,0x25,0x01,0x5C,0x00,0x24,0x01,0x5C,
   0x00,0x25,0x01,0x5B,0x00,0x25,0x01,0x5B,0x00,0x25,0x01,0x5B,0x00,0x1A,0x01,0x01,
   0x00,0x0B,0x01,0x59,0x00,0x1A,0x01,0x02,0x00,0x0B,0x01,0x59,0x00,0x1A,0x01,0x02,
   0x00,0x0B,0x01,0x59,0x00,0x1A,0x01,0x02,0x00,0x0B,0x01,0x58,0x00,0x1B,0x01,0x02,
   0x00,0x0B,0x01,0x58,0x00,0x1A,0x01,0x03,0x00,0x0B,0x01,0x57,0x00,0x1B,0x01,0x03,
   0x00,0x0C,0x01,0x56,0x00,0x1B,0x01,0x03,0x00,0x0C,0x01,0x56,0x00,0x1B,0x01,0x03,
   0x00,0x0C,0x01,0x55,0x00,0x1C,0x01,0x03,0x00,0x0C,0x01,0x55,0x00,0x1C,0x01,0x03,
   0x00,0x0C,0x01,0x54,0x00,0x1D,0x01,0x03,0x00,0x0C,0x01,0x54,0x00,0x1E,0x01,0x02,
   0x00,0x0C,0x01,0x53,0x00,0x1F,0x01,0x02,0x00,0x0C,0x01,0x53,0x00,0x1F,0x01,0x02,
   0x00,0x0C,0x01,0x52,0x00,0x20,0x01,0x02,0x00,0x0C,0x01,0x52,0x00,0x20,0x01,0x02,
   0x00,0x0C,0x01,0x51,0x00,0x21,0x01,0x02,0x00,0x0C,0x01,0x51,0x00,0x21,0x01,0x02,
   0x00,0x0D,0x01,0x50,0x00,0x22,0x01,0x01,0x00,0x0D,0x01,0x50,0x00,0x22,0x01,0x02,
   0x00,0x0D,0x01,0x4F,0x00,0x22,0x01,0x02,0x00,0x0D,0x01,0x4F,0x00,0x23,0x01,0x01,
   0x00,0x0C,0x01,0x50,0x00,0x23,0x01,0x01,0x00,0x0B,0x01,0x52,0x00,0x22,0x01,0x02,
   0x00,0x0B,0x01,0x51,0x00,0x22,0x01,0x02,0x00,0x0B,0x01,0x51,0x00,0x23,0x01,0x01,
   0x00,0x0C,0x01,0x50,0x00,0x23,0x01,0x01,0x00,0x0C,0x01,0x50,0x00,0x23,0x01,0x02,
   0x00,0x0B,0x01,0x50,0x00,0x23,0x01,0x02,0x00,0x0B,0x01,0x50,0x00,0x24,0x01,0x02,
   0x00,0x0A,0x01,0x50,0x00,0x24,0x01,0x02,0x00,0x0A,0x01,0x50,0x00,0x25,0x01,0x02,
   0x00,0x08,0x01,0x52,0x00,0x24,0x01,0x02,0x00,0x08,0x01,0x52,0x00,0x24,0x01,0x03,
   0x00,0x07,0x01,0x52,0x00,0x25,0x01,0x02,0x00,0x07,0x01,0x52,0x00,0x25,0x01,0x03,
   0x00,0x07,0x01,0x51,0x00,0x26,0x01,0x02,0x00,0x07,0x01,0x52,0x00,0x25,0x01,0x03,
   0x00,0x06,0x01,0x53,0x00,0x25,0x01,0x02,0x00,0x06,0x01,0x52,0x00,0x26,0x01,0x03,
   0x00,0x05,0x01,0x52,0x00,0x27,0x01,0x03,0x00,0x04,0x01,0x52,0x00,0x27,0x01,0x03,
   0x00,0x04,0x01,0x29},
  // Frame 25/234 (Size: 412 bytes)
  {0x01,0xFF,0x01,0xB2,0x00,0x03,0x01,0x7B,0x00,0x09,0x01,0x77,0x00,0x0B,0x01,0x75,
   0x00,0x0D,0x01,0x73,0x00,0x12,0x01,0x03,0x00,0x07,0x01,0x64,0x00,0x13,0x01,0x01,
   0x00,0x0B,0x01,0x61,0x00,0x21,0x01,0x5E,0x00,0x23,0x01,0x5D,0x00,0x23,0x01,0x5D,
   0x00,0x22,0x01,0x5F,0x00,0x21,0x01,0x5F,0x00,0x20,0x01,0x60,0x00,0x20,0x01,0x60,
   0x00,0x02,0x01,0x02,0x00,0x1B,0x01,0x65,0x00,0x1B,0x01,0x64,0x00,0x1B,0x01,0x64,
   0x00,0x1B,0x01,0x64,0x00,0x1B,0x01,0x65,0x00,0x1A,0x01,0x66,0x00,0x1A,0x01,0x67,
   0x00,0x19,0x01,0x68,0x00,0x18,0x01,0x68,0x00,0x17,0x01,0x69,0x00,0x16,0x01,0x6A,
   0x00,0x16,0x01,0x6A,0x00,0x16,0x01,0x6A,0x00,0x16,0x01,0x69,0x00,0x17,0x01,0x6A,
   0x00,0x16,0x01,0x6A,0x00,0x16,0x01,0x6A,0x00,0x16,0x01,0x6A,0x00,0x16,0x01,0x6A,
   0x00,0x16,0x01,0x6A,0x00,0x16,0x01,0x6A,0x00,0x16,0x01,0x69,0x00,0x17,0x01,0x68,
   0x00,0x19,0x01,0x67,0x00,0x1A,0x01,0x65,0x00,0x1B,0x01,0x65,0x00,0x1B,0x01,0x65,
   0x00,0x1C,0x01,0x64,0x00,0x1C,0x01,0x64,0x00,0x1D,0x01,0x62,0x00,0x1F,0x01,0x61,
   0x00,0x1F,0x01,0x5E,0x00,0x23,0x01,0x5D,0x00,0x23,0x01,0x5E,0x00,0x22,0x01,0x5E,
   0x00,0x23,0x01,0x5D,0x00,0x23,0x01,0x5C,0x00,0x25,0x01,0x5B,0x00,0x25,0x01,0x5B,
   0x00,0x07,0x01,0x01,0x00,0x1D,0x01,0x5A,0x00,0x08,0x01,0x01,0x00,0x1E,0x01,0x59,
   0x00,0x08,0x01,0x01,0x00,0x1E,0x01,0x58,0x00,0x09,0x01,0x01,0x00,0x1E,0x01,0x58,
   0x00,0x09,0x01,0x01,0x00,0x1E,0x01,0x58,0x00,0x09,0x01,0x01,0x00,0x1F,0x01,0x56,
   0x00,0x2A,0x01,0x56,0x00,0x2A,0x01,0x55,0x00,0x2B,0x01,0x55,0x00,0x2B,0x01,0x54,
   0x00,0x2D,0x01,0x53,0x00,0x2D,0x01,0x52,0x00,0x2E,0x01,0x52,0x00,0x2E,0x01,0x51,
   0x00,0x2F,0x01,0x51,0x00,0x30,0x01,0x4F,0x00,0x31,0x01,0x4F,0x00,0x31,0x01,0x4F,
   0x00,0x2F,0x01,0x52,0x00,0x2E,0x01,0x52,0x00,0x2E,0x01,0x52,0x00,0x2F,0x01,0x51,
   0x00,0x2F,0x01,0x51,0x00,0x30,0x01,0x50,0x00,0x2F,0x01,0x51,0x00,0x2F,0x01,0x51,
   0x00,0x2E,0x01,0x52,0x00,0x2E,0x01,0x52,0x00,0x2D,0x01,0x53,0x00,0x2D,0x01,0x53,
   0x00,0x2D,0x01,0x53,0x00,0x2D,0x01,0x53,0x00,0x2D,0x01,0x52,0x00,0x2E,0x01,0x52,
   0x00,0x2E,0x01,0x52,0x00,0x2E,0x01,0x52,0x00,0x2E,0x01,0x52,0x00,0x2D,0x01,0x54,
   0x00,0x2B,0x01,0x55,0x00,0x2A,0x01,0x56,0x00,0x2B,0x01,0x31},
  // Frame 26/234 (Size: 456 bytes)
  {0x01,0xFF,0x01,0x2D,0x00,0x05,0x01,0x7A,0x00,0x0A,0x01,0x76,0x00,0x0C,0x01,0x74,
   0x00,0x0D,0x01,0x73,0x00,0x12,0x01,0x03,0x00,0x08,0x01,0x62,0x00,0x14,0x01,0x01,
   0x00,0x0C,0x01,0x60,0x00,0x21,0x01,0x5E,0x00,0x23,0x01,0x5E,0x00,0x22,0x01,0x5D,
   0x00,0x22,0x01,0x5F,0x00,0x21,0x01,0x5F,0x00,0x20,0x01,0x60,0x00,0x20,0x01,0x61,
   0x00,0x01,0x01,0x02,0x00,0x1B,0x01,0x65,0x00,0x1B,0x01,0x64,0x00,0x1B,0x01,0x64,
   0x00,0x1C,0x01,0x63,0x00,0x1B,0x01,0x65,0x00,0x1A,0x01,0x66,0x00,0x1A,0x01,0x68,
   0x00,0x18,0x01,0x69,0x00,0x17,0x01,0x69,0x00,0x17,0x01,0x69,0x00,0x16,0x01,0x6A,
   0x00,0x15,0x01,0x6B,0x00,0x16,0x01,0x6A,0x00,0x16,0x01,0x6B,0x00,0x15,0x01,0x6B,
   0x00,0x15,0x01,0x6B,0x00,0x15,0x01,0x6B,0x00,0x16,0x01,0x6A,0x00,0x16,0x01,0x6A,
   0x00,0x16,0x01,0x6A,0x00,0x15,0x01,0x6B,0x00,0x15,0x01,0x69,0x00,0x17,0x01,0x68,
   0x00,0x18,0x01,0x67,0x00,0x1A,0x01,0x66,0x00,0x1A,0x01,0x66,0x00,0x1A,0x01,0x66,
   0x00,0x1B,0x01,0x65,0x00,0x1B,0x01,0x65,0x00,0x1C,0x01,0x64,0x00,0x1D,0x01,0x63,
   0x00,0x1E,0x01,0x5F,0x00,0x21,0x01,0x5E,0x00,0x22,0x01,0x5F,0x00,0x21,0x01,0x5F,
   0x00,0x21,0x01,0x60,0x00,0x20,0x01,0x60,0x00,0x21,0x01,0x5E,0x00,0x22,0x01,0x5E,
   0x00,0x22,0x01,0x5E,0x00,0x08,0x01,0x01,0x00,0x19,0x01,0x5E,0x00,0x08,0x01,0x01,
   0x00,0x1A,0x01,0x5C,0x00,0x09,0x01,0x01,0x00,0x1A,0x01,0x5C,0x00,0x24,0x01,0x5C,
   0x00,0x25,0x01,0x5A,0x00,0x26,0x01,0x5A,0x00,0x09,0x01,0x01,0x00,0x1C,0x01,0x59,
   0x00,0x0A,0x01,0x02,0x00,0x1C,0x01,0x58,0x00,0x0A,0x01,0x01,0x00,0x1D,0x01,0x57,
   0x00,0x0B,0x01,0x01,0x00,0x1D,0x01,0x57,0x00,0x0B,0x01,0x01,0x00,0x1E,0x01,0x55,
   0x00,0x0C,0x01,0x01,0x00,0x1E,0x01,0x55,0x00,0x0C,0x01,0x01,0x00,0x1F,0x01,0x53,
   0x00,0x2D,0x01,0x53,0x00,0x2D,0x01,0x52,0x00,0x2D,0x01,0x53,0x00,0x2D,0x01,0x53,
   0x00,0x2D,0x01,0x54,0x00,0x2D,0x01,0x53,0x00,0x2D,0x01,0x53,0x00,0x2E,0x01,0x52,
   0x00,0x2E,0x01,0x52,0x00,0x2D,0x01,0x53,0x00,0x2C,0x01,0x54,0x00,0x2B,0x01,0x55,
   0x00,0x2B,0x01,0x55,0x00,0x2B,0x01,0x55,0x00,0x2B,0x01,0x55,0x00,0x2B,0x01,0x55,
   0x00,0x2B,0x01,0x55,0x00,0x2B,0x01,0x55,0x00,0x2A,0x01,0x56,0x00,0x2A,0x01,0x55,
   0x00,0x2A,0x01,0x56,0x00,0x29,0x01,0x57,0x00,0x06,0x01,0x01,0x00,0x22,0x01,0x57,
   0x00,0x06,0x01,0x01,0x00,0x23,0x01,0x56,0x00,0x05,0x01,0x02,0x00,0x23,0x01,0x56,
   0x00,0x05,0x01,0x01,0x00,0x24,0x01,0x57,0x00,0x03,0x01,0x02,0x00,0x25,0x01,0x57,
   0x00,0x01,0x01,0x03,0x00,0x25,0x01,0x33},
  // Frame 27/234 (Size: 510 bytes)
  {0x01,0xFF,0x01,0xFF,0x01,0xAF,0x00,0x07,0x01,0x77,0x00,0x0C,0x01,0x0A,0x00,0x08,
   0x01,0x61,0x00,0x0E,0x01,0x01,0x00,0x05,0x01,0x02,0x00,0x0C,0x01,0x5E,0x00,0x23,
   0x01,0x5E,0x00,0x22,0x01,0x5E,0x00,0x22,0x01,0x5E,0x00,0x21,0x01,0x5F,0x00,0x21,
   0x01,0x5F,0x00,0x21,0x01,0x5F,0x00,0x20,0x01,0x61,0x00,0x1F,0x01,0x61,0x00,0x1F,
   0x01,0x62,0x00,0x02,0x01,0x01,0x00,0x1A,0x01,0x66,0x00,0x1A,0x01,0x66,0x00,0x17,
   0x01,0x68,0x00,0x18,0x01,0x67,0x00,0x19,0x01,0x67,0x00,0x19,0x01,0x67,0x00,0x19,
   0x01,0x68,0x00,0x18,0x01,0x68,0x00,0x17,0x01,0x68,0x00,0x17,0x01,0x69,0x00,0x17,
   0x01,0x69,0x00,0x16,0x01,0x6A,0x00,0x16,0x01,0x6A,0x00,0x15,0x01,0x6C,0x00,0x14,
   0x01,0x6C,0x00,0x14,0x01,0x6B,0x00,0x15,0x01,0x6B,0x00,0x16,0x01,0x6A,0x00,0x16,
   0x01,0x6B,0x00,0x15,0x01,0x6B,0x00,0x17,0x01,0x69,0x00,0x18,0x01,0x67,0x00,0x1A,
   0x01,0x66,0x00,0x1A,0x01,0x66,0x00,0x1A,0x01,0x66,0x00,0x1A,0x01,0x66,0x00,0x1A,
   0x01,0x65,0x00,0x1C,0x01,0x64,0x00,0x1C,0x01,0x64,0x00,0x1F,0x01,0x61,0x00,0x1F,
   0x01,0x5E,0x00,0x22,0x01,0x5E,0x00,0x21,0x01,0x60,0x00,0x20,0x01,0x60,0x00,0x20,
   0x01,0x60,0x00,0x08,0x01,0x01,0x00,0x17,0x01,0x60,0x00,0x07,0x01,0x02,0x00,0x18,
   0x01,0x5F,0x00,0x07,0x01,0x02,0x00,0x18,0x01,0x5F,0x00,0x08,0x01,0x02,0x00,0x17,
   0x01,0x5F,0x00,0x08,0x01,0x02,0x00,0x18,0x01,0x5D,0x00,0x09,0x01,0x02,0x00,0x18,
   0x01,0x5D,0x00,0x09,0x01,0x02,0x00,0x18,0x01,0x5D,0x00,0x09,0x01,0x02,0x00,0x19,
   0x01,0x5B,0x00,0x09,0x01,0x03,0x00,0x19,0x01,0x5B,0x00,0x09,0x01,0x03,0x00,0x1A,
   0x01,0x59,0x00,0x0A,0x01,0x03,0x00,0x1A,0x01,0x59,0x00,0x0A,0x01,0x03,0x00,0x1A,
   0x01,0x58,0x00,0x0B,0x01,0x03,0x00,0x1B,0x01,0x57,0x00,0x0C,0x01,0x02,0x00,0x1B,
   0x01,0x56,0x00,0x0D,0x01,0x01,0x00,0x1D,0x01,0x55,0x00,0x0D,0x01,0x02,0x00,0x1C,
   0x01,0x54,0x00,0x0E,0x01,0x01,0x00,0x1D,0x01,0x54,0x00,0x2C,0x01,0x53,0x00,0x2D,
   0x01,0x53,0x00,0x2D,0x01,0x53,0x00,0x2D,0x01,0x54,0x00,0x0C,0x01,0x01,0x00,0x1F,
   0x01,0x54,0x00,0x2C,0x01,0x54,0x00,0x2C,0x01,0x54,0x00,0x2C,0x01,0x53,0x00,0x2C,
   0x01,0x54,0x00,0x2B,0x01,0x55,0x00,0x2B,0x01,0x55,0x00,0x2B,0x01,0x55,0x00,0x2B,
   0x01,0x56,0x00,0x09,0x01,0x01,0x00,0x1F,0x01,0x57,0x00,0x09,0x01,0x01,0x00,0x1F,
   0x01,0x57,0x00,0x08,0x01,0x01,0x00,0x20,0x01,0x57,0x00,0x08,0x01,0x01,0x00,0x20,
   0x01,0x56,0x00,0x08,0x01,0x02,0x00,0x20,0x01,0x56,0x00,0x08,0x01,0x01,0x00,0x21,
   0x01,0x56,0x00,0x07,0x01,0x02,0x00,0x22,0x01,0x55,0x00,0x06,0x01,0x03,0x00,0x22,
   0x01,0x55,0x00,0x06,0x01,0x02,0x00,0x23,0x01,0x55,0x00,0x05,0x01,0x03,0x00,0x24,
   0x01,0x54,0x00,0x04,0x01,0x04,0x00,0x24,0x01,0x54,0x00,0x04,0x01,0x03,0x00,0x25,
   0x01,0x55,0x00,0x02,0x01,0x04,0x00,0x25,0x01,0x5B,0x00,0x26,0x01,0x2F},
  // Frame 28/234 (Size: 556 bytes)
  {0x01,0xFF,0x01,0xC9,0x00,0x04,0x01,0x78,0x00,0x09,0x01,0x75,0x00,0x0C,0x01,0x62,
   0x00,0x09,0x01,0x08,0x00,0x0D,0x01,0x5F,0x00,0x0D,0x01,0x01,0x00,0x13,0x01,0x5F,
   0x00,0x21,0x01,0x5F,0x00,0x21,0x01,0x5F,0x00,0x21,0x01,0x60,0x00,0x20,0x01,0x60,
   0x00,0x20,0x01,0x60,0x00,0x20,0x01,0x61,0x00,0x1E,0x01,0x62,0x00,0x1E,0x01,0x63,
   0x00,0x1A,0x01,0x66,0x00,0x1A,0x01,0x67,0x00,0x1A,0x01,0x67,0x00,0x1A,0x01,0x66,
   0x00,0x1B,0x01,0x65,0x00,0x1B,0x01,0x66,0x00,0x19,0x01,0x67,0x00,0x16,0x01,0x6B,
   0x00,0x15,0x01,0x6B,0x00,0x15,0x01,0x6B,0x00,0x15,0x01,0x6A,0x00,0x16,0x01,0x6A,
   0x00,0x16,0x01,0x6A,0x00,0x15,0x01,0x6A,0x00,0x16,0x01,0x6A,0x00,0x16,0x01,0x6A,
   0x00,0x16,0x01,0x6A,0x00,0x16,0x01,0x6A,0x00,0x16,0x01,0x6A,0x00,0x17,0x01,0x69,
   0x00,0x18,0x01,0x68,0x00,0x19,0x01,0x66,0x00,0x1B,0x01,0x64,0x00,0x1D,0x01,0x63,
   0x00,0x1D,0x01,0x62,0x00,0x1E,0x01,0x62,0x00,0x1E,0x01,0x61,0x00,0x1F,0x01,0x61,
   0x00,0x1F,0x01,0x60,0x00,0x21,0x01,0x5F,0x00,0x21,0x01,0x5F,0x00,0x24,0x01,0x5B,
   0x00,0x24,0x01,0x5C,0x00,0x24,0x01,0x5C,0x00,0x24,0x01,0x5C,0x00,0x0B,0x01,0x01,
   0x00,0x18,0x01,0x5B,0x00,0x0C,0x01,0x01,0x00,0x18,0x01,0x5B,0x00,0x0C,0x01,0x01,
   0x00,0x19,0x01,0x5A,0x00,0x0C,0x01,0x02,0x00,0x18,0x01,0x5A,0x00,0x0C,0x01,0x02,
   0x00,0x18,0x01,0x5A,0x00,0x0C,0x01,0x02,0x00,0x18,0x01,0x5A,0x00,0x0C,0x01,0x02,
   0x00,0x19,0x01,0x59,0x00,0x0C,0x01,0x02,0x00,0x19,0x01,0x59,0x00,0x0C,0x01,0x02,
   0x00,0x1A,0x01,0x58,0x00,0x0C,0x01,0x02,0x00,0x1A,0x01,0x58,0x00,0x0C,0x01,0x02,
   0x00,0x1A,0x01,0x58,0x00,0x0C,0x01,0x02,0x00,0x1B,0x01,0x57,0x00,0x0C,0x01,0x02,
   0x00,0x1B,0x01,0x57,0x00,0x0C,0x01,0x02,0x00,0x1C,0x01,0x56,0x00,0x0B,0x01,0x03,
   0x00,0x1C,0x01,0x56,0x00,0x0B,0x01,0x03,0x00,0x1C,0x01,0x56,0x00,0x0B,0x01,0x03,
   0x00,0x1D,0x01,0x54,0x00,0x0C,0x01,0x03,0x00,0x1D,0x01,0x54,0x00,0x0C,0x01,0x02,
   0x00,0x1F,0x01,0x52,0x00,0x0D,0x01,0x02,0x00,0x1F,0x01,0x52,0x00,0x0C,0x01,0x02,
   0x00,0x20,0x01,0x53,0x00,0x0B,0x01,0x02,0x00,0x1F,0x01,0x55,0x00,0x0A,0x01,0x02,
   0x00,0x1F,0x01,0x54,0x00,0x0B,0x01,0x01,0x00,0x20,0x01,0x54,0x00,0x0A,0x01,0x02,
   0x00,0x20,0x01,0x53,0x00,0x0B,0x01,0x02,0x00,0x20,0x01,0x53,0x00,0x0B,0x01,0x02,
   0x00,0x20,0x01,0x53,0x00,0x0A,0x01,0x02,0x00,0x21,0x01,0x53,0x00,0x0A,0x01,0x02,
   0x00,0x21,0x01,0x53,0x00,0x0A,0x01,0x02,0x00,0x20,0x01,0x55,0x00,0x08,0x01,0x02,
   0x00,0x20,0x01,0x56,0x00,0x08,0x01,0x02,0x00,0x1F,0x01,0x57,0x00,0x07,0x01,0x02,
   0x00,0x20,0x01,0x56,0x00,0x08,0x01,0x02,0x00,0x20,0x01,0x56,0x00,0x07,0x01,0x03,
   0x00,0x20,0x01,0x56,0x00,0x06,0x01,0x03,0x00,0x22,0x01,0x55,0x00,0x06,0x01,0x03,
   0x00,0x22,0x01,0x54,0x00,0x06,0x01,0x03,0x00,0x23,0x01,0x54,0x00,0x06,0x01,0x03,
   0x00,0x24,0x01,0x53,0x00,0x05,0x01,0x03,0x00,0x25,0x01,0x54,0x00,0x03,0x01,0x04,
   0x00,0x25,0x01,0x55,0x00,0x01,0x01,0x05,0x00,0x25,0x01,0x55,0x00,0x01,0x01,0x04,
   0x00,0x27,0x01,0x59,0x00,0x27,0x01,0x58,0x00,0x28,0x01,0x2A},
  // Frame 29/234 (Size: 510 bytes)
  {0x01,0xFF,0x01,0xFF,0x01,0xCA,0x00,0x07,0x01,0x77,0x00,0x0A,0x01,0x74,0x00,0x0C,
   0x01,0x65,0x00,0x06,0x01,0x05,0x00,0x02,0x01,0x01,0x00,0x0D,0x01,0x62,0x00,0x0A,
   0x01,0x02,0x00,0x12,0x01,0x60,0x00,0x20,0x01,0x5F,0x00,0x21,0x01,0x5F,0x00,0x22,
   0x01,0x5F,0x00,0x21,0x01,0x5F,0x00,0x21,0x01,0x60,0x00,0x1F,0x01,0x61,0x00,0x1F,
   0x01,0x62,0x00,0x1E,0x01,0x62,0x00,0x1A,0x01,0x67,0x00,0x1A,0x01,0x67,0x00,0x1A,
   0x01,0x67,0x00,0x19,0x01,0x67,0x00,0x1A,0x01,0x66,0x00,0x1A,0x01,0x67,0x00,0x19,
   0x01,0x67,0x00,0x17,0x01,0x6A,0x00,0x16,0x01,0x6A,0x00,0x16,0x01,0x6A,0x00,0x16,
   0x01,0x6A,0x00,0x17,0x01,0x68,0x00,0x18,0x01,0x69,0x00,0x17,0x01,0x68,0x00,0x16,
   0x01,0x01,0x00,0x01,0x01,0x68,0x00,0x17,0x01,0x69,0x00,0x17,0x01,0x69,0x00,0x17,
   0x01,0x6A,0x00,0x16,0x01,0x6A,0x00,0x16,0x01,0x6A,0x00,0x17,0x01,0x68,0x00,0x18,
   0x01,0x68,0x00,0x19,0x01,0x66,0x00,0x1A,0x01,0x65,0x00,0x1C,0x01,0x64,0x00,0x1C,
   0x01,0x63,0x00,0x1D,0x01,0x62,0x00,0x1E,0x01,0x62,0x00,0x1E,0x01,0x61,0x00,0x20,
   0x01,0x5F,0x00,0x24,0x01,0x5C,0x00,0x24,0x01,0x5B,0x00,0x24,0x01,0x5C,0x00,0x24,
   0x01,0x5C,0x00,0x24,0x01,0x5B,0x00,0x04,0x01,0x01,0x00,0x21,0x01,0x5A,0x00,0x04,
   0x01,0x01,0x00,0x21,0x01,0x5A,0x00,0x04,0x01,0x01,0x00,0x21,0x01,0x59,0x00,0x04,
   0x01,0x02,0x00,0x22,0x01,0x58,0x00,0x04,0x01,0x02,0x00,0x22,0x01,0x58,0x00,0x04,
   0x01,0x01,0x00,0x08,0x01,0x01,0x00,0x1A,0x01,0x57,0x00,0x05,0x01,0x01,0x00,0x08,
   0x01,0x01,0x00,0x1B,0x01,0x56,0x00,0x04,0x01,0x01,0x00,0x09,0x01,0x01,0x00,0x1B,
   0x01,0x56,0x00,0x04,0x01,0x01,0x00,0x09,0x01,0x01,0x00,0x1C,0x01,0x55,0x00,0x2B,
   0x01,0x55,0x00,0x0E,0x01,0x01,0x00,0x1D,0x01,0x54,0x00,0x0E,0x01,0x01,0x00,0x1D,
   0x01,0x53,0x00,0x0F,0x01,0x01,0x00,0x1E,0x01,0x52,0x00,0x0F,0x01,0x01,0x00,0x1E,
   0x01,0x52,0x00,0x0F,0x01,0x01,0x00,0x1F,0x01,0x51,0x00,0x0F,0x01,0x01,0x00,0x1F,
   0x01,0x51,0x00,0x0F,0x01,0x01,0x00,0x20,0x01,0x50,0x00,0x0F,0x01,0x01,0x00,0x20,
   0x01,0x50,0x00,0x30,0x01,0x50,0x00,0x30,0x01,0x50,0x00,0x30,0x01,0x51,0x00,0x2F,
   0x01,0x51,0x00,0x2F,0x01,0x51,0x00,0x2F,0x01,0x52,0x00,0x2D,0x01,0x53,0x00,0x2D,
   0x01,0x54,0x00,0x2C,0x01,0x54,0x00,0x2C,0x01,0x54,0x00,0x2C,0x01,0x54,0x00,0x08,
   0x01,0x01,0x00,0x23,0x01,0x54,0x00,0x08,0x01,0x01,0x00,0x23,0x01,0x54,0x00,0x07,
   0x01,0x01,0x00,0x24,0x01,0x54,0x00,0x07,0x01,0x01,0x00,0x24,0x01,0x54,0x00,0x06,
   0x01,0x01,0x00,0x25,0x01,0x54,0x00,0x05,0x01,0x02,0x00,0x24,0x01,0x55,0x00,0x05,
   0x01,0x01,0x00,0x25,0x01,0x55,0x00,0x04,0x01,0x02,0x00,0x25,0x01,0x56,0x00,0x03,
   0x01,0x01,0x00,0x26,0x01,0x57,0x00,0x01,0x01,0x02,0x00,0x25,0x01,0x5A,0x00,0x26,
   0x01,0x5A,0x00,0x25,0x01,0x5A,0x00,0x26,0x01,0x5A,0x00,0x27,0x01,0x28},
  // Frame 30/234 (Size: 476 bytes)
  {0x01,0xFF,0x01,0x4C,0x00,0x08,0x01,0x76,0x00,0x0B,0x01,0x73,0x00,0x0D,0x01,0x65,
   0x00,0x04,0x01,0x06,0x00,0x02,0x01,0x01,0x00,0x0E,0x01,0x61,0x00,0x0A,0x01,0x02,
   0x00,0x13,0x01,0x5F,0x00,0x21,0x01,0x5E,0x00,0x22,0x01,0x5E,0x00,0x22,0x01,0x5E,
   0x00,0x22,0x01,0x5F,0x00,0x21,0x01,0x5F,0x00,0x21,0x01,0x60,0x00,0x20,0x01,0x60,
   0x00,0x1F,0x01,0x62,0x00,0x1B,0x01,0x65,0x00,0x1B,0x01,0x66,0x00,0x1B,0x01,0x65,
   0x00,0x1C,0x01,0x67,0x00,0x19,0x01,0x67,0x00,0x1A,0x01,0x66,0x00,0x19,0x01,0x67,
   0x00,0x17,0x01,0x69,0x00,0x16,0x01,0x6B,0x00,0x15,0x01,0x6B,0x00,0x15,0x01,0x6B,
   0x00,0x15,0x01,0x6B,0x00,0x16,0x01,0x69,0x00,0x17,0x01,0x69,0x00,0x16,0x01,0x6A,
   0x00,0x16,0x01,0x6A,0x00,0x16,0x01,0x6A,0x00,0x17,0x01,0x69,0x00,0x17,0x01,0x6A,
   0x00,0x16,0x01,0x6A,0x00,0x15,0x01,0x6B,0x00,0x17,0x01,0x69,0x00,0x18,0x01,0x67,
   0x00,0x19,0x01,0x67,0x00,0x1A,0x01,0x65,0x00,0x1B,0x01,0x65,0x00,0x1B,0x01,0x65,
   0x00,0x1B,0x01,0x65,0x00,0x1B,0x01,0x62,0x00,0x1E,0x01,0x61,0x00,0x20,0x01,0x60,
   0x00,0x20,0x01,0x01,0x00,0x02,0x01,0x5D,0x00,0x23,0x01,0x5E,0x00,0x21,0x01,0x5F,
   0x00,0x21,0x01,0x5F,0x00,0x21,0x01,0x5E,0x00,0x22,0x01,0x5E,0x00,0x1A,0x01,0x01,
   0x00,0x07,0x01,0x5E,0x00,0x1A,0x01,0x01,0x00,0x07,0x01,0x5D,0x00,0x1B,0x01,0x01,
   0x00,0x08,0x01,0x5C,0x00,0x1B,0x01,0x01,0x00,0x08,0x01,0x5B,0x00,0x1C,0x01,0x01,
   0x00,0x08,0x01,0x5B,0x00,0x1C,0x01,0x01,0x00,0x09,0x01,0x59,0x00,0x1D,0x01,0x01,
   0x00,0x09,0x01,0x58,0x00,0x1E,0x01,0x01,0x00,0x09,0x01,0x58,0x00,0x1E,0x01,0x01,
   0x00,0x0A,0x01,0x56,0x00,0x1F,0x01,0x01,0x00,0x0A,0x01,0x55,0x00,0x20,0x01,0x02,
   0x00,0x0A,0x01,0x54,0x00,0x20,0x01,0x02,0x00,0x0A,0x01,0x53,0x00,0x22,0x01,0x01,
   0x00,0x0B,0x01,0x52,0x00,0x22,0x01,0x01,0x00,0x0B,0x01,0x53,0x00,0x21,0x01,0x01,
   0x00,0x0C,0x01,0x52,0x00,0x2E,0x01,0x52,0x00,0x2F,0x01,0x50,0x00,0x30,0x01,0x4F,
   0x00,0x32,0x01,0x4E,0x00,0x32,0x01,0x4E,0x00,0x31,0x01,0x50,0x00,0x30,0x01,0x51,
   0x00,0x2E,0x01,0x53,0x00,0x2D,0x01,0x54,0x00,0x2D,0x01,0x53,0x00,0x2D,0x01,0x53,
   0x00,0x2D,0x01,0x53,0x00,0x2D,0x01,0x53,0x00,0x2D,0x01,0x53,0x00,0x2D,0x01,0x54,
   0x00,0x2C,0x01,0x54,0x00,0x2C,0x01,0x54,0x00,0x2C,0x01,0x55,0x00,0x03,0x01,0x01,
   0x00,0x27,0x01,0x56,0x00,0x2B,0x01,0x57,0x00,0x29,0x01,0x57,0x00,0x29,0x01,0x56,
   0x00,0x2A,0x01,0x56,0x00,0x2A,0x01,0x56,0x00,0x24,0x01,0x01,0x00,0x05,0x01,0x55,
   0x00,0x25,0x01,0x02,0x00,0x04,0x01,0x55,0x00,0x26,0x01,0x01,0x00,0x03,0x01,0x55,
   0x00,0x27,0x01,0x02,0x00,0x01,0x01,0x56,0x00,0x27,0x01,0x27},
  // Frame 31/234 (Size: 426 bytes)
  {0x01,0xFF,0x01,0xFF,0x01,0xD0,0x00,0x07,0x01,0x76,0x00,0x0B,0x01,0x63,0x00,0x06,
   0x01,0x0A,0x00,0x0D,0x01,0x5F,0x00,0x0C,0x01,0x02,0x00,0x13,0x01,0x5F,0x00,0x21,
   0x01,0x5E,0x00,0x22,0x01,0x5E,0x00,0x22,0x01,0x5F,0x00,0x21,0x01,0x5F,0x00,0x21,
   0x01,0x5F,0x00,0x21,0x01,0x5F,0x00,0x20,0x01,0x61,0x00,0x1F,0x01,0x61,0x00,0x1F,
   0x01,0x62,0x00,0x1A,0x01,0x66,0x00,0x1B,0x01,0x66,0x00,0x01,0x01,0x02,0x00,0x17,
   0x01,0x69,0x00,0x18,0x01,0x68,0x00,0x18,0x01,0x68,0x00,0x18,0x01,0x67,0x00,0x18,
   0x01,0x68,0x00,0x17,0x01,0x6A,0x00,0x16,0x01,0x6B,0x00,0x15,0x01,0x6B,0x00,0x15,
   0x01,0x6B,0x00,0x15,0x01,0x6B,0x00,0x15,0x01,0x6B,0x00,0x15,0x01,0x6B,0x00,0x15,
   0x01,0x6B,0x00,0x15,0x01,0x6C,0x00,0x14,0x01,0x6B,0x00,0x14,0x01,0x6D,0x00,0x13,
   0x01,0x6D,0x00,0x13,0x01,0x6C,0x00,0x15,0x01,0x6A,0x00,0x17,0x01,0x68,0x00,0x19,
   0x01,0x67,0x00,0x1A,0x01,0x65,0x00,0x1B,0x01,0x65,0x00,0x1B,0x01,0x65,0x00,0x1B,
   0x01,0x62,0x00,0x1E,0x01,0x61,0x00,0x1F,0x01,0x61,0x00,0x1F,0x01,0x61,0x00,0x20,
   0x01,0x60,0x00,0x22,0x01,0x5E,0x00,0x22,0x01,0x5E,0x00,0x21,0x01,0x5E,0x00,0x22,
   0x01,0x5E,0x00,0x22,0x01,0x5D,0x00,0x23,0x01,0x5C,0x00,0x24,0x01,0x5C,0x00,0x24,
   0x01,0x5B,0x00,0x25,0x01,0x5B,0x00,0x25,0x01,0x5A,0x00,0x27,0x01,0x58,0x00,0x28,
   0x01,0x57,0x00,0x2A,0x01,0x56,0x00,0x2B,0x01,0x54,0x00,0x2C,0x01,0x53,0x00,0x2E,
   0x01,0x52,0x00,0x2E,0x01,0x52,0x00,0x2F,0x01,0x51,0x00,0x30,0x01,0x51,0x00,0x2F,
   0x01,0x51,0x00,0x30,0x01,0x4F,0x00,0x31,0x01,0x4F,0x00,0x31,0x01,0x4F,0x00,0x31,
   0x01,0x4F,0x00,0x30,0x01,0x50,0x00,0x30,0x01,0x52,0x00,0x2E,0x01,0x52,0x00,0x2F,
   0x01,0x51,0x00,0x2F,0x01,0x52,0x00,0x2E,0x01,0x52,0x00,0x2E,0x01,0x52,0x00,0x2E,
   0x01,0x52,0x00,0x2D,0x01,0x54,0x00,0x2D,0x01,0x53,0x00,0x2D,0x01,0x54,0x00,0x2C,
   0x01,0x54,0x00,0x03,0x01,0x01,0x00,0x1F,0x01,0x01,0x00,0x08,0x01,0x57,0x00,0x20,
   0x01,0x01,0x00,0x09,0x01,0x56,0x00,0x20,0x01,0x02,0x00,0x08,0x01,0x56,0x00,0x21,
   0x01,0x02,0x00,0x07,0x01,0x56,0x00,0x21,0x01,0x03,0x00,0x07,0x01,0x54,0x00,0x22,
   0x01,0x03,0x00,0x07,0x01,0x54,0x00,0x22,0x01,0x04,0x00,0x06,0x01,0x54,0x00,0x23,
   0x01,0x04,0x00,0x05,0x01,0x53,0x00,0x24,0x01,0x05,0x00,0x04,0x01,0x53,0x00,0x24,
   0x01,0x06,0x00,0x02,0x01,0x54,0x00,0x25,0x01,0x29},
  // Frame 32/234 (Size: 560 bytes)
  {0x01,0xFF,0x01,0xB8,0x00,0x02,0x01,0x7A,0x00,0x0A,0x01,0x75,0x00,0x0D,0x01,0x0A,
   0x00,0x06,0x01,0x63,0x00,0x13,0x01,0x02,0x00,0x0C,0x01,0x5F,0x00,0x22,0x01,0x5E,
   0x00,0x22,0x01,0x5E,0x00,0x22,0x01,0x5E,0x00,0x21,0x01,0x5F,0x00,0x21,0x01,0x60,
   0x00,0x1F,0x01,0x61,0x00,0x1F,0x01,0x61,0x00,0x1F,0x01,0x61,0x00,0x1E,0x01,0x66,
   0x00,0x1A,0x01,0x65,0x00,0x1A,0x01,0x65,0x00,0x19,0x01,0x67,0x00,0x19,0x01,0x66,
   0x00,0x1A,0x01,0x66,0x00,0x1A,0x01,0x67,0x00,0x19,0x01,0x6A,0x00,0x16,0x01,0x6A,
   0x00,0x15,0x01,0x6B,0x00,0x16,0x01,0x6B,0x00,0x15,0x01,0x6B,0x00,0x16,0x01,0x6A,
   0x00,0x16,0x01,0x6A,0x00,0x15,0x01,0x6C,0x00,0x15,0x01,0x6B,0x00,0x15,0x01,0x6A,
   0x00,0x16,0x01,0x69,0x00,0x17,0x01,0x6A,0x00,0x16,0x01,0x68,0x00,0x18,0x01,0x67,
   0x00,0x18,0x01,0x67,0x00,0x1A,0x01,0x65,0x00,0x1B,0x01,0x65,0x00,0x1C,0x01,0x64,
   0x00,0x1C,0x01,0x64,0x00,0x1C,0x01,0x64,0x00,0x1D,0x01,0x62,0x00,0x1E,0x01,0x62,
   0x00,0x1E,0x01,0x62,0x00,0x16,0x01,0x01,0x00,0x08,0x01,0x5E,0x00,0x19,0x01,0x01,
   0x00,0x08,0x01,0x5E,0x00,0x23,0x01,0x5E,0x00,0x22,0x01,0x5E,0x00,0x22,0x01,0x5E,
   0x00,0x22,0x01,0x5E,0x00,0x18,0x01,0x01,0x00,0x09,0x01,0x5D,0x00,0x18,0x01,0x03,
   0x00,0x08,0x01,0x5D,0x00,0x18,0x01,0x03,0x00,0x08,0x01,0x5D,0x00,0x18,0x01,0x03,
   0x00,0x08,0x01,0x5C,0x00,0x19,0x01,0x02,0x00,0x09,0x01,0x5C,0x00,0x18,0x01,0x03,
   0x00,0x09,0x01,0x5C,0x00,0x18,0x01,0x03,0x00,0x09,0x01,0x5B,0x00,0x1A,0x01,0x02,
   0x00,0x09,0x01,0x5B,0x00,0x1A,0x01,0x02,0x00,0x0A,0x01,0x59,0x00,0x1B,0x01,0x03,
   0x00,0x09,0x01,0x59,0x00,0x1B,0x01,0x03,0x00,0x0A,0x01,0x57,0x00,0x1C,0x01,0x03,
   0x00,0x0A,0x01,0x57,0x00,0x1C,0x01,0x03,0x00,0x0A,0x01,0x56,0x00,0x1D,0x01,0x03,
   0x00,0x0B,0x01,0x54,0x00,0x1E,0x01,0x03,0x00,0x0B,0x01,0x54,0x00,0x1E,0x01,0x03,
   0x00,0x0C,0x01,0x52,0x00,0x1F,0x01,0x03,0x00,0x0C,0x01,0x52,0x00,0x20,0x01,0x02,
   0x00,0x0D,0x01,0x51,0x00,0x20,0x01,0x02,0x00,0x0D,0x01,0x52,0x00,0x20,0x01,0x02,
   0x00,0x0D,0x01,0x51,0x00,0x20,0x01,0x02,0x00,0x0C,0x01,0x52,0x00,0x20,0x01,0x02,
   0x00,0x0C,0x01,0x52,0x00,0x21,0x01,0x01,0x00,0x0B,0x01,0x53,0x00,0x21,0x01,0x02,
   0x00,0x0B,0x01,0x52,0x00,0x21,0x01,0x02,0x00,0x0B,0x01,0x52,0x00,0x21,0x01,0x02,
   0x00,0x0B,0x01,0x52,0x00,0x22,0x01,0x02,0x00,0x0A,0x01,0x53,0x00,0x21,0x01,0x02,
   0x00,0x0B,0x01,0x52,0x00,0x21,0x01,0x02,0x00,0x0B,0x01,0x52,0x00,0x22,0x01,0x02,
   0x00,0x0A,0x01,0x53,0x00,0x21,0x01,0x02,0x00,0x09,0x01,0x54,0x00,0x21,0x01,0x03,
   0x00,0x08,0x01,0x54,0x00,0x22,0x01,0x03,0x00,0x08,0x01,0x53,0x00,0x22,0x01,0x03,
   0x00,0x08,0x01,0x53,0x00,0x23,0x01,0x03,0x00,0x07,0x01,0x54,0x00,0x22,0x01,0x04,
   0x00,0x07,0x01,0x53,0x00,0x23,0x01,0x03,0x00,0x07,0x01,0x53,0x00,0x23,0x01,0x04,
   0x00,0x06,0x01,0x53,0x00,0x23,0x01,0x05,0x00,0x05,0x01,0x52,0x00,0x25,0x01,0x05,
   0x00,0x04,0x01,0x52,0x00,0x25,0x01,0x05,0x00,0x04,0x01,0x52,0x00,0x26,0x01,0x06,
   0x00,0x01,0x01,0x52,0x00,0x27,0x01,0x59,0x00,0x27,0x01,0x59,0x00,0x28,0x01,0x2D},
  // Frame 33/234 (Size: 554 bytes)
  {0x01,0xFF,0x01,0xFF,0x01,0x35,0x00,0x02,0x01,0x7D,0x00,0x07,0x01,0x79,0x00,0x09,
   0x01,0x76,0x00,0x0C,0x01,0x74,0x00,0x0D,0x01,0x73,0x00,0x12,0x01,0x02,0x00,0x09,
   0x01,0x63,0x00,0x20,0x01,0x60,0x00,0x21,0x01,0x5F,0x00,0x21,0x01,0x5F,0x00,0x20,
   0x01,0x5F,0x00,0x21,0x01,0x60,0x00,0x1F,0x01,0x61,0x00,0x1F,0x01,0x61,0x00,0x1E,
   0x01,0x66,0x00,0x1A,0x01,0x65,0x00,0x1A,0x01,0x65,0x00,0x1B,0x01,0x64,0x00,0x1B,
   0x01,0x64,0x00,0x1B,0x01,0x65,0x00,0x1B,0x01,0x66,0x00,0x1A,0x01,0x68,0x00,0x18,
   0x01,0x68,0x00,0x17,0x01,0x69,0x00,0x16,0x01,0x6A,0x00,0x16,0x01,0x6A,0x00,0x16,
   0x01,0x6A,0x00,0x16,0x01,0x6A,0x00,0x16,0x01,0x6A,0x00,0x16,0x01,0x6A,0x00,0x16,
   0x01,0x6A,0x00,0x01,0x01,0x01,0x00,0x14,0x01,0x6C,0x00,0x14,0x01,0x6C,0x00,0x14,
   0x01,0x6B,0x00,0x15,0x01,0x6A,0x00,0x17,0x01,0x68,0x00,0x18,0x01,0x67,0x00,0x1A,
   0x01,0x65,0x00,0x1B,0x01,0x65,0x00,0x1C,0x01,0x64,0x00,0x1D,0x01,0x63,0x00,0x1D,
   0x01,0x63,0x00,0x1E,0x01,0x61,0x00,0x1F,0x01,0x61,0x00,0x20,0x01,0x5D,0x00,0x01,
   0x01,0x02,0x00,0x20,0x01,0x5D,0x00,0x24,0x01,0x5C,0x00,0x24,0x01,0x5D,0x00,0x23,
   0x01,0x5D,0x00,0x24,0x01,0x5B,0x00,0x20,0x01,0x01,0x00,0x04,0x01,0x5B,0x00,0x20,
   0x01,0x01,0x00,0x04,0x01,0x5B,0x00,0x21,0x01,0x01,0x00,0x03,0x01,0x5A,0x00,0x22,
   0x01,0x01,0x00,0x04,0x01,0x59,0x00,0x19,0x01,0x01,0x00,0x08,0x01,0x01,0x00,0x04,
   0x01,0x58,0x00,0x1A,0x01,0x01,0x00,0x08,0x01,0x01,0x00,0x04,0x01,0x58,0x00,0x1A,
   0x01,0x01,0x00,0x08,0x01,0x02,0x00,0x03,0x01,0x58,0x00,0x1A,0x01,0x01,0x00,0x09,
   0x01,0x01,0x00,0x03,0x01,0x57,0x00,0x1B,0x01,0x01,0x00,0x0E,0x01,0x56,0x00,0x1B,
   0x01,0x01,0x00,0x0E,0x01,0x55,0x00,0x1C,0x01,0x01,0x00,0x0E,0x01,0x55,0x00,0x1C,
   0x01,0x02,0x00,0x0D,0x01,0x54,0x00,0x1D,0x01,0x02,0x00,0x0D,0x01,0x54,0x00,0x1D,
   0x01,0x02,0x00,0x0D,0x01,0x53,0x00,0x1E,0x01,0x02,0x00,0x0D,0x01,0x53,0x00,0x1F,
   0x01,0x01,0x00,0x0D,0x01,0x52,0x00,0x1F,0x01,0x02,0x00,0x0D,0x01,0x52,0x00,0x1F,
   0x01,0x02,0x00,0x0D,0x01,0x52,0x00,0x20,0x01,0x01,0x00,0x0D,0x01,0x52,0x00,0x20,
   0x01,0x01,0x00,0x0D,0x01,0x52,0x00,0x21,0x01,0x01,0x00,0x0C,0x01,0x52,0x00,0x21,
   0x01,0x01,0x00,0x0C,0x01,0x52,0x00,0x21,0x01,0x01,0x00,0x0C,0x01,0x52,0x00,0x2E,
   0x01,0x52,0x00,0x2E,0x01,0x52,0x00,0x22,0x01,0x01,0x00,0x0B,0x01,0x53,0x00,0x21,
   0x01,0x01,0x00,0x0B,0x01,0x53,0x00,0x21,0x01,0x01,0x00,0x0A,0x01,0x54,0x00,0x22,
   0x01,0x01,0x00,0x09,0x01,0x54,0x00,0x22,0x01,0x01,0x00,0x09,0x01,0x54,0x00,0x23,
   0x01,0x01,0x00,0x08,0x01,0x54,0x00,0x23,0x01,0x01,0x00,0x08,0x01,0x54,0x00,0x24,
   0x01,0x01,0x00,0x08,0x01,0x53,0x00,0x24,0x01,0x02,0x00,0x07,0x01,0x53,0x00,0x25,
   0x01,0x01,0x00,0x07,0x01,0x53,0x00,0x25,0x01,0x02,0x00,0x06,0x01,0x53,0x00,0x26,
   0x01,0x02,0x00,0x05,0x01,0x54,0x00,0x25,0x01,0x02,0x00,0x05,0x01,0x54,0x00,0x26,
   0x01,0x02,0x00,0x03,0x01,0x56,0x00,0x25,0x01,0x03,0x00,0x01,0x01,0x57,0x00,0x25,
   0x01,0x5B,0x00,0x26,0x01,0x5A,0x00,0x27,0x01,0x30},
  // Frame 34/234 (Size: 420 bytes)
  {0x01,0xFF,0x01,0x32,0x00,0x05,0x01,0x7A,0x00,0x0A,0x01,0x75,0x00,0x0E,0x01,0x72,
   0x00,0x0F,0x01,0x71,0x00,0x15,0x01,0x03,0x00,0x09,0x01,0x5F,0x00,0x16,0x01,0x01,
   0x00,0x0D,0x01,0x5C,0x00,0x26,0x01,0x5A,0x00,0x27,0x01,0x59,0x00,0x27,0x01,0x59,
   0x00,0x26,0x01,0x5A,0x00,0x26,0x01,0x5B,0x00,0x24,0x01,0x5C,0x00,0x24,0x01,0x5C,
   0x00,0x23,0x01,0x5D,0x00,0x23,0x01,0x61,0x00,0x1E,0x01,0x62,0x00,0x1E,0x01,0x61,
   0x00,0x1E,0x01,0x62,0x00,0x1B,0x01,0x01,0x00,0x01,0x01,0x62,0x00,0x1C,0x01,0x63,
   0x00,0x1D,0x01,0x64,0x00,0x1C,0x01,0x66,0x00,0x1A,0x01,0x66,0x00,0x1A,0x01,0x67,
   0x00,0x18,0x01,0x68,0x00,0x17,0x01,0x69,0x00,0x17,0x01,0x69,0x00,0x17,0x01,0x69,
   0x00,0x17,0x01,0x68,0x00,0x19,0x01,0x67,0x00,0x19,0x01,0x67,0x00,0x19,0x01,0x68,
   0x00,0x18,0x01,0x68,0x00,0x18,0x01,0x68,0x00,0x18,0x01,0x68,0x00,0x18,0x01,0x68,
   0x00,0x17,0x01,0x68,0x00,0x18,0x01,0x67,0x00,0x19,0x01,0x66,0x00,0x1B,0x01,0x64,
   0x00,0x1C,0x01,0x64,0x00,0x1D,0x01,0x63,0x00,0x1E,0x01,0x62,0x00,0x1E,0x01,0x62,
   0x00,0x1F,0x01,0x61,0x00,0x1F,0x01,0x60,0x00,0x21,0x01,0x5F,0x00,0x21,0x01,0x5F,
   0x00,0x22,0x01,0x5B,0x00,0x26,0x01,0x59,0x00,0x27,0x01,0x5A,0x00,0x26,0x01,0x5A,
   0x00,0x26,0x01,0x5B,0x00,0x26,0x01,0x5A,0x00,0x26,0x01,0x59,0x00,0x28,0x01,0x58,
   0x00,0x28,0x01,0x58,0x00,0x28,0x01,0x58,0x00,0x29,0x01,0x56,0x00,0x2A,0x01,0x56,
   0x00,0x1D,0x01,0x01,0x00,0x0C,0x01,0x56,0x00,0x1D,0x01,0x01,0x00,0x0D,0x01,0x54,
   0x00,0x1E,0x01,0x01,0x00,0x0D,0x01,0x54,0x00,0x1E,0x01,0x01,0x00,0x0D,0x01,0x53,
   0x00,0x1F,0x01,0x01,0x00,0x0D,0x01,0x53,0x00,0x1F,0x01,0x01,0x00,0x0E,0x01,0x51,
   0x00,0x20,0x01,0x01,0x00,0x0E,0x01,0x51,0x00,0x2F,0x01,0x50,0x00,0x30,0x01,0x50,
   0x00,0x31,0x01,0x4E,0x00,0x32,0x01,0x4E,0x00,0x32,0x01,0x4D,0x00,0x34,0x01,0x4C,
   0x00,0x34,0x01,0x4B,0x00,0x35,0x01,0x4B,0x00,0x35,0x01,0x4B,0x00,0x35,0x01,0x4B,
   0x00,0x35,0x01,0x4C,0x00,0x34,0x01,0x4C,0x00,0x35,0x01,0x4B,0x00,0x35,0x01,0x4B,
   0x00,0x35,0x01,0x4B,0x00,0x35,0x01,0x4B,0x00,0x34,0x01,0x4C,0x00,0x34,0x01,0x4C,
   0x00,0x32,0x01,0x4E,0x00,0x32,0x01,0x4E,0x00,0x32,0x01,0x4E,0x00,0x32,0x01,0x4E,
   0x00,0x31,0x01,0x4F,0x00,0x31,0x01,0x4F,0x00,0x31,0x01,0x4F,0x00,0x31,0x01,0x4F,
   0x00,0x31,0x01,0x29},
  // Frame 35/234 (Size: 514 bytes)
  {0x01,0xB0,0x00,0x08,0x01,0x77,0x00,0x0E,0x01,0x71,0x00,0x11,0x01,0x13,0x00,0x06,
   0x01,0x56,0x00,0x13,0x01,0x0D,0x00,0x0F,0x01,0x51,0x00,0x14,0x01,0x01,0x00,0x06,
   0x01,0x03,0x00,0x11,0x01,0x51,0x00,0x30,0x01,0x50,0x00,0x30,0x01,0x51,0x00,0x30,
   0x01,0x50,0x00,0x2F,0x01,0x51,0x00,0x30,0x01,0x50,0x00,0x2F,0x01,0x52,0x00,0x2E,
   0x01,0x52,0x00,0x2E,0x01,0x52,0x00,0x2D,0x01,0x53,0x00,0x2D,0x01,0x54,0x00,0x2C,
   0x01,0x54,0x00,0x2C,0x01,0x54,0x00,0x2C,0x01,0x55,0x00,0x2A,0x01,0x58,0x00,0x28,
   0x01,0x58,0x00,0x27,0x01,0x59,0x00,0x22,0x01,0x02,0x00,0x03,0x01,0x59,0x00,0x22,
   0x01,0x5E,0x00,0x23,0x01,0x5D,0x00,0x23,0x01,0x5D,0x00,0x24,0x01,0x5C,0x00,0x24,
   0x01,0x5D,0x00,0x24,0x01,0x5C,0x00,0x24,0x01,0x5D,0x00,0x22,0x01,0x5E,0x00,0x1F,
   0x01,0x61,0x00,0x1F,0x01,0x62,0x00,0x1E,0x01,0x61,0x00,0x1F,0x01,0x61,0x00,0x20,
   0x01,0x60,0x00,0x20,0x01,0x60,0x00,0x20,0x01,0x60,0x00,0x1E,0x01,0x01,0x00,0x01,
   0x01,0x60,0x00,0x1E,0x01,0x01,0x00,0x01,0x01,0x60,0x00,0x1E,0x01,0x61,0x00,0x1F,
   0x01,0x61,0x00,0x20,0x01,0x60,0x00,0x20,0x01,0x60,0x00,0x20,0x01,0x60,0x00,0x20,
   0x01,0x60,0x00,0x20,0x01,0x60,0x00,0x20,0x01,0x5F,0x00,0x21,0x01,0x5E,0x00,0x22,
   0x01,0x5E,0x00,0x23,0x01,0x5C,0x00,0x24,0x01,0x5C,0x00,0x25,0x01,0x5B,0x00,0x25,
   0x01,0x5B,0x00,0x26,0x01,0x5A,0x00,0x26,0x01,0x5A,0x00,0x27,0x01,0x59,0x00,0x27,
   0x01,0x59,0x00,0x2B,0x01,0x55,0x00,0x2D,0x01,0x52,0x00,0x2E,0x01,0x50,0x00,0x30,
   0x01,0x4F,0x00,0x31,0x01,0x4E,0x00,0x32,0x01,0x4E,0x00,0x32,0x01,0x4F,0x00,0x31,
   0x01,0x50,0x00,0x31,0x01,0x4F,0x00,0x32,0x01,0x4F,0x00,0x31,0x01,0x4F,0x00,0x32,
   0x01,0x4E,0x00,0x23,0x01,0x03,0x00,0x0D,0x01,0x4D,0x00,0x23,0x01,0x04,0x00,0x0C,
   0x01,0x4C,0x00,0x24,0x01,0x04,0x00,0x0D,0x01,0x4B,0x00,0x23,0x01,0x05,0x00,0x0E,
   0x01,0x4A,0x00,0x23,0x01,0x06,0x00,0x0D,0x01,0x4A,0x00,0x23,0x01,0x06,0x00,0x0D,
   0x01,0x4A,0x00,0x23,0x01,0x06,0x00,0x0E,0x01,0x49,0x00,0x23,0x01,0x06,0x00,0x0E,
   0x01,0x48,0x00,0x24,0x01,0x06,0x00,0x0F,0x01,0x47,0x00,0x25,0x01,0x05,0x00,0x0F,
   0x01,0x46,0x00,0x26,0x01,0x05,0x00,0x0F,0x01,0x46,0x00,0x26,0x01,0x05,0x00,0x10,
   0x01,0x45,0x00,0x26,0x01,0x05,0x00,0x10,0x01,0x44,0x00,0x27,0x01,0x05,0x00,0x11,
   0x01,0x43,0x00,0x28,0x01,0x05,0x00,0x10,0x01,0x42,0x00,0x29,0x01,0x05,0x00,0x11,
   0x01,0x41,0x00,0x29,0x01,0x05,0x00,0x11,0x01,0x41,0x00,0x29,0x01,0x05,0x00,0x12,
   0x01,0x3F,0x00,0x2B,0x01,0x04,0x00,0x12,0x01,0x3F,0x00,0x2B,0x01,0x04,0x00,0x13,
   0x01,0x3E,0x00,0x2B,0x01,0x04,0x00,0x13,0x01,0x3D,0x00,0x2C,0x01,0x04,0x00,0x14,
   0x01,0x3C,0x00,0x2C,0x01,0x04,0x00,0x14,0x01,0x3C,0x00,0x2C,0x01,0x04,0x00,0x14,
   0x01,0x3B,0x00,0x2D,0x01,0x04,0x00,0x14,0x01,0x3B,0x00,0x2D,0x01,0x04,0x00,0x14,
   0x01,0x13},
  // Frame 36/234 (Size: 618 bytes)
  {0x01,0x58,0x00,0x10,0x01,0x55,0x00,0x0A,0x01,0x10,0x00,0x11,0x01,0x50,0x00,0x12,
   0x01,0x0C,0x00,0x13,0x01,0x4D,0x00,0x15,0x01,0x03,0x00,0x1B,0x01,0x4C,0x00,0x34,
   0x01,0x4C,0x00,0x35,0x01,0x4B,0x00,0x35,0x01,0x4B,0x00,0x35,0x01,0x4B,0x00,0x35,
   0x01,0x4B,0x00,0x35,0x01,0x4C,0x00,0x35,0x01,0x4B,0x00,0x34,0x01,0x4C,0x00,0x35,
   0x01,0x4C,0x00,0x34,0x01,0x4D,0x00,0x33,0x01,0x4D,0x00,0x33,0x01,0x4E,0x00,0x32,
   0x01,0x4E,0x00,0x32,0x01,0x4E,0x00,0x31,0x01,0x4E,0x00,0x32,0x01,0x4E,0x00,0x32,
   0x01,0x4E,0x00,0x2B,0x01,0x01,0x00,0x06,0x01,0x4E,0x00,0x2C,0x01,0x03,0x00,0x02,
   0x01,0x4F,0x00,0x2C,0x01,0x54,0x00,0x2D,0x01,0x53,0x00,0x2E,0x01,0x52,0x00,0x2E,
   0x01,0x53,0x00,0x2E,0x01,0x52,0x00,0x2F,0x01,0x51,0x00,0x2F,0x01,0x51,0x00,0x30,
   0x01,0x51,0x00,0x2F,0x01,0x51,0x00,0x2F,0x01,0x51,0x00,0x2F,0x01,0x51,0x00,0x28,
   0x01,0x03,0x00,0x01,0x01,0x54,0x00,0x28,0x01,0x56,0x00,0x2A,0x01,0x56,0x00,0x06,
   0x01,0x01,0x00,0x23,0x01,0x56,0x00,0x06,0x01,0x01,0x00,0x23,0x01,0x56,0x00,0x05,
   0x01,0x02,0x00,0x22,0x01,0x57,0x00,0x05,0x01,0x02,0x00,0x22,0x01,0x56,0x00,0x06,
   0x01,0x01,0x00,0x23,0x01,0x56,0x00,0x05,0x01,0x02,0x00,0x23,0x01,0x56,0x00,0x05,
   0x01,0x02,0x00,0x22,0x01,0x57,0x00,0x05,0x01,0x02,0x00,0x22,0x01,0x56,0x00,0x06,
   0x01,0x02,0x00,0x22,0x01,0x57,0x00,0x04,0x01,0x03,0x00,0x22,0x01,0x57,0x00,0x04,
   0x01,0x02,0x00,0x22,0x01,0x58,0x00,0x03,0x01,0x03,0x00,0x22,0x01,0x58,0x00,0x03,
   0x01,0x03,0x00,0x22,0x01,0x58,0x00,0x03,0x01,0x02,0x00,0x23,0x01,0x58,0x00,0x03,
   0x01,0x02,0x00,0x23,0x01,0x59,0x00,0x01,0x01,0x03,0x00,0x23,0x01,0x59,0x00,0x01,
   0x01,0x03,0x00,0x22,0x01,0x5A,0x00,0x01,0x01,0x03,0x00,0x23,0x01,0x59,0x00,0x01,
   0x01,0x02,0x00,0x25,0x01,0x58,0x00,0x01,0x01,0x01,0x00,0x26,0x01,0x5A,0x00,0x27,
   0x01,0x59,0x00,0x28,0x01,0x58,0x00,0x29,0x01,0x58,0x00,0x28,0x01,0x58,0x00,0x29,
   0x01,0x57,0x00,0x29,0x01,0x57,0x00,0x2A,0x01,0x56,0x00,0x2A,0x01,0x56,0x00,0x2B,
   0x01,0x55,0x00,0x2C,0x01,0x54,0x00,0x2D,0x01,0x01,0x00,0x03,0x01,0x4F,0x00,0x33,
   0x01,0x4C,0x00,0x34,0x01,0x4B,0x00,0x35,0x01,0x4A,0x00,0x36,0x01,0x4A,0x00,0x36,
   0x01,0x4A,0x00,0x36,0x01,0x4B,0x00,0x36,0x01,0x4C,0x00,0x23,0x01,0x01,0x00,0x11,
   0x01,0x4B,0x00,0x23,0x01,0x01,0x00,0x12,0x01,0x4A,0x00,0x22,0x01,0x01,0x00,0x14,
   0x01,0x49,0x00,0x22,0x01,0x01,0x00,0x15,0x01,0x48,0x00,0x22,0x01,0x01,0x00,0x16,
   0x01,0x47,0x00,0x21,0x01,0x02,0x00,0x16,0x01,0x47,0x00,0x21,0x01,0x02,0x00,0x17,
   0x01,0x46,0x00,0x21,0x01,0x03,0x00,0x16,0x01,0x46,0x00,0x21,0x01,0x03,0x00,0x17,
   0x01,0x45,0x00,0x21,0x01,0x04,0x00,0x17,0x01,0x44,0x00,0x21,0x01,0x04,0x00,0x17,
   0x01,0x44,0x00,0x21,0x01,0x04,0x00,0x07,0x01,0x01,0x00,0x10,0x01,0x42,0x00,0x22,
   0x01,0x04,0x00,0x07,0x01,0x02,0x00,0x0F,0x01,0x41,0x00,0x23,0x01,0x04,0x00,0x07,
   0x01,0x02,0x00,0x10,0x01,0x3F,0x00,0x24,0x01,0x04,0x00,0x07,0x01,0x02,0x00,0x10,
   0x01,0x3E,0x00,0x25,0x01,0x04,0x00,0x07,0x01,0x02,0x00,0x11,0x01,0x3D,0x00,0x25,
   0x01,0x04,0x00,0x07,0x01,0x02,0x00,0x11,0x01,0x3C,0x00,0x27,0x01,0x03,0x00,0x07,
   0x01,0x02,0x00,0x12,0x01,0x3A,0x00,0x28,0x01,0x03,0x00,0x07,0x01,0x02,0x00,0x12,
   0x01,0x39,0x00,0x29,0x01,0x03,0x00,0x07,0x01,0x02,0x00,0x12,0x01,0x39,0x00,0x29,
   0x01,0x03,0x00,0x08,0x01,0x01,0x00,0x13,0x01,0x04},
  // Frame 37/234 (Size: 514 bytes)
  {0x01,0x5F,0x00,0x0C,0x01,0x74,0x00,0x0C,0x01,0x74,0x00,0x0D,0x01,0x64,0x00,0x05,
   0x01,0x08,0x00,0x0F,0x01,0x61,0x00,0x0B,0x01,0x03,0x00,0x12,0x01,0x5D,0x00,0x23,
   0x01,0x5B,0x00,0x26,0x01,0x5A,0x00,0x26,0x01,0x5A,0x00,0x26,0x01,0x5A,0x00,0x26,
   0x01,0x59,0x00,0x28,0x01,0x57,0x00,0x29,0x01,0x56,0x00,0x2A,0x01,0x55,0x00,0x2B,
   0x01,0x54,0x00,0x2D,0x01,0x53,0x00,0x2D,0x01,0x52,0x00,0x2E,0x01,0x52,0x00,0x2E,
   0x01,0x51,0x00,0x2F,0x01,0x51,0x00,0x2F,0x01,0x51,0x00,0x2F,0x01,0x50,0x00,0x30,
   0x01,0x50,0x00,0x30,0x01,0x50,0x00,0x31,0x01,0x50,0x00,0x30,0x01,0x50,0x00,0x30,
   0x01,0x50,0x00,0x30,0x01,0x50,0x00,0x31,0x01,0x4F,0x00,0x31,0x01,0x50,0x00,0x30,
   0x01,0x50,0x00,0x31,0x01,0x51,0x00,0x2F,0x01,0x52,0x00,0x2F,0x01,0x51,0x00,0x2F,
   0x01,0x51,0x00,0x30,0x01,0x50,0x00,0x2F,0x01,0x51,0x00,0x2E,0x01,0x53,0x00,0x2D,
   0x01,0x53,0x00,0x2D,0x01,0x54,0x00,0x2C,0x01,0x54,0x00,0x2C,0x01,0x54,0x00,0x2C,
   0x01,0x54,0x00,0x2C,0x01,0x55,0x00,0x2B,0x01,0x55,0x00,0x2B,0x01,0x55,0x00,0x2B,
   0x01,0x55,0x00,0x05,0x01,0x02,0x00,0x24,0x01,0x54,0x00,0x06,0x01,0x03,0x00,0x23,
   0x01,0x54,0x00,0x06,0x01,0x03,0x00,0x23,0x01,0x54,0x00,0x06,0x01,0x04,0x00,0x22,
   0x01,0x55,0x00,0x04,0x01,0x02,0x00,0x25,0x01,0x55,0x00,0x2B,0x01,0x55,0x00,0x2A,
   0x01,0x56,0x00,0x2A,0x01,0x56,0x00,0x2A,0x01,0x56,0x00,0x2A,0x01,0x56,0x00,0x2A,
   0x01,0x56,0x00,0x2A,0x01,0x56,0x00,0x25,0x01,0x01,0x00,0x04,0x01,0x55,0x00,0x26,
   0x01,0x01,0x00,0x03,0x01,0x56,0x00,0x26,0x01,0x01,0x00,0x03,0x01,0x56,0x00,0x2A,
   0x01,0x55,0x00,0x26,0x01,0x01,0x00,0x03,0x01,0x56,0x00,0x26,0x01,0x01,0x00,0x03,
   0x01,0x56,0x00,0x25,0x01,0x02,0x00,0x02,0x01,0x56,0x00,0x26,0x01,0x02,0x00,0x01,
   0x01,0x57,0x00,0x25,0x01,0x5B,0x00,0x25,0x01,0x5A,0x00,0x27,0x01,0x5A,0x00,0x26,
   0x01,0x59,0x00,0x27,0x01,0x59,0x00,0x27,0x01,0x58,0x00,0x29,0x01,0x56,0x00,0x2A,
   0x01,0x57,0x00,0x2A,0x01,0x56,0x00,0x2A,0x01,0x56,0x00,0x2B,0x01,0x07,0x00,0x01,
   0x01,0x4D,0x00,0x2B,0x01,0x06,0x00,0x02,0x01,0x4D,0x00,0x2C,0x01,0x03,0x00,0x05,
   0x01,0x4C,0x00,0x2C,0x01,0x03,0x00,0x05,0x01,0x4C,0x00,0x32,0x01,0x4E,0x00,0x32,
   0x01,0x4E,0x00,0x32,0x01,0x34,0x00,0x02,0x01,0x18,0x00,0x32,0x01,0x2D,0x00,0x01,
   0x01,0x03,0x00,0x07,0x01,0x16,0x00,0x32,0x01,0x2D,0x00,0x01,0x01,0x02,0x00,0x09,
   0x01,0x15,0x00,0x33,0x01,0x2D,0x00,0x0C,0x01,0x10,0x00,0x37,0x01,0x2C,0x00,0x0E,
   0x01,0x0C,0x00,0x27,0x01,0x01,0x00,0x13,0x01,0x2A,0x00,0x0F,0x01,0x09,0x00,0x3F,
   0x01,0x29,0x00,0x10,0x01,0x05,0x00,0x43,0x01,0x27,0x00,0x12,0x01,0x01,0x00,0x47,
   0x01,0x26,0x00,0x5A,0x01,0x26,0x00,0x5B,0x01,0x24,0x00,0x44,0x01,0x03,0x00,0x16,
   0x01,0x23,0x00,0x45,0x01,0x03,0x00,0x15,0x01,0x23,0x00,0x45,0x01,0x03,0x00,0x16,
   0x01,0x03},
  // Frame 38/234 (Size: 532 bytes)
  {0x01,0xFF,0x01,0x59,0x00,0x01,0x01,0x7E,0x00,0x05,0x01,0x7A,0x00,0x07,0x01,0x78,
   0x00,0x09,0x01,0x77,0x00,0x09,0x01,0x77,0x00,0x0A,0x01,0x76,0x00,0x0B,0x01,0x74,
   0x00,0x0C,0x01,0x75,0x00,0x0C,0x01,0x73,0x00,0x0D,0x01,0x72,0x00,0x12,0x01,0x6B,
   0x00,0x18,0x01,0x65,0x00,0x1C,0x01,0x62,0x00,0x1E,0x01,0x61,0x00,0x20,0x01,0x5F,
   0x00,0x22,0x01,0x5D,0x00,0x23,0x01,0x5C,0x00,0x24,0x01,0x5B,0x00,0x26,0x01,0x59,
   0x00,0x27,0x01,0x59,0x00,0x27,0x01,0x58,0x00,0x28,0x01,0x58,0x00,0x29,0x01,0x57,
   0x00,0x29,0x01,0x56,0x00,0x2B,0x01,0x54,0x00,0x2C,0x01,0x54,0x00,0x2C,0x01,0x55,
   0x00,0x2C,0x01,0x54,0x00,0x2C,0x01,0x54,0x00,0x2C,0x01,0x54,0x00,0x2D,0x01,0x54,
   0x00,0x2C,0x01,0x55,0x00,0x2B,0x01,0x56,0x00,0x2A,0x01,0x57,0x00,0x2A,0x01,0x57,
   0x00,0x29,0x01,0x57,0x00,0x29,0x01,0x56,0x00,0x2A,0x01,0x55,0x00,0x2B,0x01,0x56,
   0x00,0x2B,0x01,0x56,0x00,0x2A,0x01,0x56,0x00,0x2A,0x01,0x56,0x00,0x2A,0x01,0x57,
   0x00,0x29,0x01,0x58,0x00,0x29,0x01,0x57,0x00,0x29,0x01,0x58,0x00,0x28,0x01,0x5B,
   0x00,0x25,0x01,0x5B,0x00,0x25,0x01,0x5B,0x00,0x25,0x01,0x5B,0x00,0x25,0x01,0x5B,
   0x00,0x26,0x01,0x5A,0x00,0x26,0x01,0x5A,0x00,0x26,0x01,0x5A,0x00,0x26,0x01,0x5B,
   0x00,0x25,0x01,0x5A,0x00,0x20,0x01,0x01,0x00,0x05,0x01,0x59,0x00,0x21,0x01,0x01,
   0x00,0x02,0x01,0x01,0x00,0x02,0x01,0x59,0x00,0x21,0x01,0x01,0x00,0x02,0x01,0x01,
   0x00,0x02,0x01,0x58,0x00,0x22,0x01,0x02,0x00,0x01,0x01,0x02,0x00,0x01,0x01,0x58,
   0x00,0x22,0x01,0x02,0x00,0x02,0x01,0x01,0x00,0x02,0x01,0x57,0x00,0x22,0x01,0x02,
   0x00,0x02,0x01,0x02,0x00,0x01,0x01,0x56,0x00,0x23,0x01,0x03,0x00,0x01,0x01,0x02,
   0x00,0x01,0x01,0x56,0x00,0x24,0x01,0x02,0x00,0x01,0x01,0x58,0x00,0x24,0x01,0x3A,
   0x00,0x01,0x01,0x21,0x00,0x1F,0x01,0x02,0x00,0x03,0x01,0x3B,0x00,0x07,0x01,0x18,
   0x00,0x21,0x01,0x03,0x00,0x02,0x01,0x39,0x00,0x0A,0x01,0x16,0x00,0x1F,0x01,0x01,
   0x00,0x02,0x01,0x04,0x00,0x01,0x01,0x36,0x00,0x0D,0x01,0x16,0x00,0x1F,0x01,0x02,
   0x00,0x01,0x01,0x04,0x00,0x01,0x01,0x35,0x00,0x0F,0x01,0x15,0x00,0x20,0x01,0x01,
   0x00,0x01,0x01,0x04,0x00,0x01,0x01,0x35,0x00,0x0F,0x01,0x15,0x00,0x20,0x01,0x3C,
   0x00,0x0F,0x01,0x15,0x00,0x20,0x01,0x3B,0x00,0x10,0x01,0x15,0x00,0x20,0x01,0x3B,
   0x00,0x10,0x01,0x14,0x00,0x21,0x01,0x3B,0x00,0x10,0x01,0x14,0x00,0x21,0x01,0x3C,
   0x00,0x10,0x01,0x12,0x00,0x22,0x01,0x3C,0x00,0x12,0x01,0x10,0x00,0x22,0x01,0x3C,
   0x00,0x1F,0x01,0x02,0x00,0x23,0x01,0x3C,0x00,0x44,0x01,0x06,0x00,0x04,0x01,0x33,
   0x00,0x43,0x01,0x04,0x00,0x05,0x01,0x34,0x00,0x44,0x01,0x01,0x00,0x07,0x01,0x35,
   0x00,0x49,0x01,0x38,0x00,0x45,0x01,0x3C,0x00,0x44,0x01,0x3F,0x00,0x41,0x01,0x45,
   0x00,0x3C,0x01,0x44,0x00,0x3C,0x01,0x44,0x00,0x3C,0x01,0x44,0x00,0x3D,0x01,0x43,
   0x00,0x3E,0x01,0x42,0x00,0x3E,0x01,0x42,0x00,0x3F,0x01,0x42,0x00,0x3E,0x01,0x42,
   0x00,0x3F,0x01,0x10},
  // Frame 39/234 (Size: 512 bytes)
  {0x01,0xFF,0x01,0xD3,0x00,0x02,0x01,0x01,0x00,0x01,0x01,0x7B,0x00,0x06,0x01,0x79,
   0x00,0x08,0x01,0x78,0x00,0x09,0x01,0x77,0x00,0x0A,0x01,0x76,0x00,0x0B,0x01,0x75,
   0x00,0x0B,0x01,0x75,0x00,0x0C,0x01,0x74,0x00,0x0D,0x01,0x73,0x00,0x14,0x01,0x6C,
   0x00,0x15,0x01,0x69,0x00,0x18,0x01,0x66,0x00,0x1B,0x01,0x63,0x00,0x1E,0x01,0x60,
   0x00,0x20,0x01,0x5F,0x00,0x22,0x01,0x5D,0x00,0x23,0x01,0x5C,0x00,0x24,0x01,0x5C,
   0x00,0x24,0x01,0x5B,0x00,0x26,0x01,0x59,0x00,0x27,0x01,0x59,0x00,0x27,0x01,0x59,
   0x00,0x28,0x01,0x57,0x00,0x29,0x01,0x57,0x00,0x29,0x01,0x57,0x00,0x2A,0x01,0x55,
   0x00,0x2B,0x01,0x55,0x00,0x2B,0x01,0x56,0x00,0x2A,0x01,0x56,0x00,0x2B,0x01,0x55,
   0x00,0x2B,0x01,0x56,0x00,0x2A,0x01,0x56,0x00,0x2A,0x01,0x57,0x00,0x2A,0x01,0x58,
   0x00,0x28,0x01,0x5A,0x00,0x26,0x01,0x5A,0x00,0x26,0x01,0x59,0x00,0x27,0x01,0x58,
   0x00,0x28,0x01,0x58,0x00,0x28,0x01,0x59,0x00,0x27,0x01,0x5A,0x00,0x26,0x01,0x5A,
   0x00,0x27,0x01,0x5A,0x00,0x26,0x01,0x5B,0x00,0x25,0x01,0x5B,0x00,0x25,0x01,0x5C,
   0x00,0x24,0x01,0x5D,0x00,0x23,0x01,0x5D,0x00,0x23,0x01,0x5D,0x00,0x23,0x01,0x5D,
   0x00,0x23,0x01,0x5E,0x00,0x20,0x01,0x01,0x00,0x02,0x01,0x5D,0x00,0x1D,0x01,0x01,
   0x00,0x02,0x01,0x02,0x00,0x01,0x01,0x5D,0x00,0x1D,0x01,0x01,0x00,0x03,0x01,0x01,
   0x00,0x01,0x01,0x5D,0x00,0x1D,0x01,0x02,0x00,0x02,0x01,0x5F,0x00,0x1D,0x01,0x02,
   0x00,0x02,0x01,0x5F,0x00,0x1D,0x01,0x03,0x00,0x01,0x01,0x5F,0x00,0x1D,0x01,0x03,
   0x00,0x01,0x01,0x5F,0x00,0x1E,0x01,0x03,0x00,0x01,0x01,0x3A,0x00,0x01,0x01,0x02,
   0x00,0x03,0x01,0x1D,0x00,0x1F,0x01,0x3D,0x00,0x08,0x01,0x1C,0x00,0x1C,0x01,0x02,
   0x00,0x01,0x01,0x3A,0x00,0x0C,0x01,0x1A,0x00,0x1D,0x01,0x02,0x00,0x02,0x01,0x38,
   0x00,0x0D,0x01,0x1A,0x00,0x1B,0x01,0x01,0x00,0x01,0x01,0x3B,0x00,0x0F,0x01,0x15,
   0x00,0x1F,0x01,0x3D,0x00,0x0F,0x01,0x14,0x00,0x21,0x01,0x3C,0x00,0x0F,0x01,0x14,
   0x00,0x20,0x01,0x3D,0x00,0x0F,0x01,0x14,0x00,0x21,0x01,0x3C,0x00,0x0F,0x01,0x15,
   0x00,0x20,0x01,0x3C,0x00,0x0F,0x01,0x15,0x00,0x1C,0x01,0x01,0x00,0x03,0x01,0x3C,
   0x00,0x10,0x01,0x13,0x00,0x1D,0x01,0x01,0x00,0x03,0x01,0x3C,0x00,0x15,0x01,0x0D,
   0x00,0x1E,0x01,0x01,0x00,0x03,0x01,0x3D,0x00,0x18,0x01,0x08,0x00,0x24,0x01,0x3C,
   0x00,0x1C,0x01,0x04,0x00,0x24,0x01,0x3D,0x00,0x43,0x01,0x3E,0x00,0x42,0x01,0x3E,
   0x00,0x42,0x01,0x40,0x00,0x40,0x01,0x44,0x00,0x3C,0x01,0x05,0x00,0x02,0x01,0x40,
   0x00,0x3A,0x01,0x02,0x00,0x04,0x01,0x3F,0x00,0x40,0x01,0x40,0x00,0x3F,0x01,0x41,
   0x00,0x3C,0x01,0x44,0x00,0x3C,0x01,0x43,0x00,0x3D,0x01,0x43,0x00,0x3D,0x01,0x43,
   0x00,0x3D,0x01,0x43,0x00,0x3D,0x01,0x42,0x00,0x3F,0x01,0x41,0x00,0x3F,0x01,0x41,
   0x00,0x40,0x01,0x40,0x00,0x40,0x01,0x3F,0x00,0x42,0x01,0x3E,0x00,0x42,0x01,0x13},
  // Frame 40/234 (Size: 522 bytes)
  {0x01,0xFF,0x01,0xFF,0x01,0xD0,0x00,0x03,0x01,0x7B,0x00,0x07,0x01,0x78,0x00,0x09,
   0x01,0x77,0x00,0x0A,0x01,0x76,0x00,0x0B,0x01,0x75,0x00,0x0C,0x01,0x74,0x00,0x0E,
   0x01,0x02,0x00,0x04,0x01,0x6C,0x00,0x16,0x01,0x6A,0x00,0x17,0x01,0x6A,0x00,0x17,
   0x01,0x68,0x00,0x19,0x01,0x65,0x00,0x1C,0x01,0x63,0x00,0x1D,0x01,0x61,0x00,0x20,
   0x01,0x5F,0x00,0x21,0x01,0x5E,0x00,0x22,0x01,0x5D,0x00,0x23,0x01,0x5D,0x00,0x24,
   0x01,0x5B,0x00,0x25,0x01,0x5A,0x00,0x27,0x01,0x59,0x00,0x27,0x01,0x59,0x00,0x27,
   0x01,0x58,0x00,0x29,0x01,0x57,0x00,0x29,0x01,0x57,0x00,0x29,0x01,0x57,0x00,0x2A,
   0x01,0x56,0x00,0x2A,0x01,0x55,0x00,0x2B,0x01,0x56,0x00,0x2A,0x01,0x56,0x00,0x2A,
   0x01,0x56,0x00,0x2B,0x01,0x56,0x00,0x2A,0x01,0x57,0x00,0x29,0x01,0x59,0x00,0x27,
   0x01,0x5A,0x00,0x26,0x01,0x5C,0x00,0x24,0x01,0x5C,0x00,0x24,0x01,0x5B,0x00,0x25,
   0x01,0x5A,0x00,0x26,0x01,0x5B,0x00,0x25,0x01,0x5C,0x00,0x25,0x01,0x5C,0x00,0x24,
   0x01,0x5D,0x00,0x23,0x01,0x5D,0x00,0x22,0x01,0x5F,0x00,0x21,0x01,0x60,0x00,0x20,
   0x01,0x60,0x00,0x06,0x01,0x01,0x00,0x19,0x01,0x60,0x00,0x06,0x01,0x01,0x00,0x1A,
   0x01,0x5F,0x00,0x05,0x01,0x02,0x00,0x1A,0x01,0x5F,0x00,0x21,0x01,0x5F,0x00,0x21,
   0x01,0x60,0x00,0x1F,0x01,0x61,0x00,0x20,0x01,0x3C,0x00,0x01,0x01,0x23,0x00,0x20,
   0x01,0x60,0x00,0x1B,0x01,0x01,0x00,0x01,0x01,0x01,0x00,0x02,0x01,0x3C,0x00,0x07,
   0x01,0x1D,0x00,0x19,0x01,0x01,0x00,0x01,0x01,0x01,0x00,0x01,0x01,0x01,0x00,0x02,
   0x01,0x3A,0x00,0x0A,0x01,0x1C,0x00,0x19,0x01,0x01,0x00,0x01,0x01,0x02,0x00,0x01,
   0x01,0x01,0x00,0x01,0x01,0x38,0x00,0x0D,0x01,0x1B,0x00,0x19,0x01,0x04,0x00,0x01,
   0x01,0x39,0x00,0x0E,0x01,0x1A,0x00,0x1A,0x01,0x3E,0x00,0x0E,0x01,0x1A,0x00,0x1A,
   0x01,0x3E,0x00,0x0E,0x01,0x15,0x00,0x03,0x01,0x02,0x00,0x1A,0x01,0x3D,0x00,0x10,
   0x01,0x14,0x00,0x1F,0x01,0x3D,0x00,0x10,0x01,0x14,0x00,0x1F,0x01,0x3E,0x00,0x0F,
   0x01,0x14,0x00,0x20,0x01,0x3D,0x00,0x10,0x01,0x13,0x00,0x1F,0x01,0x3E,0x00,0x12,
   0x01,0x10,0x00,0x20,0x01,0x3E,0x00,0x16,0x01,0x0C,0x00,0x20,0x01,0x3F,0x00,0x18,
   0x01,0x08,0x00,0x22,0x01,0x3E,0x00,0x1B,0x01,0x04,0x00,0x23,0x01,0x3F,0x00,0x1C,
   0x01,0x01,0x00,0x24,0x01,0x40,0x00,0x40,0x01,0x42,0x00,0x3F,0x01,0x44,0x00,0x3C,
   0x01,0x47,0x00,0x39,0x01,0x46,0x00,0x3A,0x01,0x46,0x00,0x3A,0x01,0x46,0x00,0x3B,
   0x01,0x02,0x00,0x04,0x01,0x3E,0x00,0x41,0x01,0x3F,0x00,0x41,0x01,0x3F,0x00,0x3D,
   0x01,0x43,0x00,0x3C,0x01,0x43,0x00,0x3D,0x01,0x43,0x00,0x3D,0x01,0x43,0x00,0x3E,
   0x01,0x42,0x00,0x1D,0x01,0x01,0x00,0x20,0x01,0x41,0x00,0x1E,0x01,0x01,0x00,0x20,
   0x01,0x41,0x00,0x1E,0x01,0x01,0x00,0x21,0x01,0x3F,0x00,0x1E,0x01,0x02,0x00,0x21,
   0x01,0x3F,0x00,0x1E,0x01,0x02,0x00,0x22,0x01,0x3D,0x00,0x1F,0x01,0x02,0x00,0x22,
   0x01,0x3D,0x00,0x1F,0x01,0x01,0x00,0x24,0x01,0x14},
  // Frame 41/234 (Size: 488 bytes)
  {0x01,0xFF,0x01,0xFF,0x01,0xFF,0x01,0xCE,0x00,0x05,0x01,0x79,0x00,0x08,0x01,0x77,
   0x00,0x0B,0x01,0x75,0x00,0x0C,0x01,0x74,0x00,0x0F,0x01,0x02,0x00,0x05,0x01,0x6A,
   0x00,0x17,0x01,0x69,0x00,0x19,0x01,0x68,0x00,0x18,0x01,0x68,0x00,0x19,0x01,0x67,
   0x00,0x1A,0x01,0x64,0x00,0x1D,0x01,0x62,0x00,0x1E,0x01,0x61,0x00,0x1F,0x01,0x60,
   0x00,0x21,0x01,0x5E,0x00,0x22,0x01,0x5D,0x00,0x23,0x01,0x5C,0x00,0x24,0x01,0x5B,
   0x00,0x26,0x01,0x5A,0x00,0x26,0x01,0x5A,0x00,0x27,0x01,0x58,0x00,0x28,0x01,0x58,
   0x00,0x28,0x01,0x58,0x00,0x29,0x01,0x57,0x00,0x29,0x01,0x57,0x00,0x29,0x01,0x57,
   0x00,0x29,0x01,0x56,0x00,0x2B,0x01,0x56,0x00,0x2A,0x01,0x56,0x00,0x2A,0x01,0x57,
   0x00,0x29,0x01,0x57,0x00,0x29,0x01,0x58,0x00,0x28,0x01,0x5A,0x00,0x26,0x01,0x5B,
   0x00,0x01,0x01,0x01,0x00,0x24,0x01,0x5C,0x00,0x24,0x01,0x5C,0x00,0x24,0x01,0x5C,
   0x00,0x24,0x01,0x5B,0x00,0x25,0x01,0x5B,0x00,0x25,0x01,0x5D,0x00,0x23,0x01,0x5D,
   0x00,0x23,0x01,0x5E,0x00,0x22,0x01,0x5F,0x00,0x21,0x01,0x60,0x00,0x20,0x01,0x60,
   0x00,0x06,0x01,0x01,0x00,0x19,0x01,0x60,0x00,0x06,0x01,0x02,0x00,0x18,0x01,0x60,
   0x00,0x05,0x01,0x03,0x00,0x18,0x01,0x60,0x00,0x05,0x01,0x01,0x00,0x1A,0x01,0x60,
   0x00,0x20,0x01,0x60,0x00,0x20,0x01,0x61,0x00,0x1F,0x01,0x61,0x00,0x1F,0x01,0x3E,
   0x00,0x01,0x01,0x22,0x00,0x18,0x01,0x03,0x00,0x04,0x01,0x3E,0x00,0x07,0x01,0x1D,
   0x00,0x17,0x01,0x04,0x00,0x03,0x01,0x3C,0x00,0x0A,0x01,0x1C,0x00,0x17,0x01,0x04,
   0x00,0x03,0x01,0x3A,0x00,0x0D,0x01,0x1A,0x00,0x18,0x01,0x04,0x00,0x01,0x01,0x01,
   0x00,0x01,0x01,0x39,0x00,0x0E,0x01,0x1A,0x00,0x18,0x01,0x40,0x00,0x0E,0x01,0x19,
   0x00,0x19,0x01,0x40,0x00,0x0E,0x01,0x15,0x00,0x02,0x01,0x02,0x00,0x1A,0x01,0x3E,
   0x00,0x0F,0x01,0x14,0x00,0x1F,0x01,0x3E,0x00,0x0F,0x01,0x14,0x00,0x20,0x01,0x3D,
   0x00,0x0F,0x01,0x14,0x00,0x1E,0x01,0x01,0x00,0x01,0x01,0x3E,0x00,0x0F,0x01,0x13,
   0x00,0x1E,0x01,0x40,0x00,0x10,0x01,0x12,0x00,0x1F,0x01,0x3F,0x00,0x14,0x01,0x0D,
   0x00,0x20,0x01,0x3F,0x00,0x17,0x01,0x09,0x00,0x21,0x01,0x40,0x00,0x1A,0x01,0x04,
   0x00,0x22,0x01,0x41,0x00,0x1B,0x01,0x02,0x00,0x22,0x01,0x42,0x00,0x3F,0x01,0x42,
   0x00,0x3E,0x01,0x45,0x00,0x3B,0x01,0x49,0x00,0x37,0x01,0x49,0x00,0x38,0x01,0x47,
   0x00,0x39,0x01,0x47,0x00,0x39,0x01,0x04,0x00,0x03,0x01,0x40,0x00,0x39,0x01,0x02,
   0x00,0x05,0x01,0x40,0x00,0x3F,0x01,0x41,0x00,0x3D,0x01,0x42,0x00,0x3B,0x01,0x45,
   0x00,0x3B,0x01,0x45,0x00,0x3B,0x01,0x45,0x00,0x3B,0x01,0x45,0x00,0x3B,0x01,0x45,
   0x00,0x3C,0x01,0x43,0x00,0x3D,0x01,0x43,0x00,0x3E,0x01,0x42,0x00,0x3E,0x01,0x42,
   0x00,0x3F,0x01,0x40,0x00,0x40,0x01,0x16},
  // Frame 42/234 (Size: 520 bytes)
  {0x01,0xFF,0x01,0xFF,0x01,0xFF,0x01,0x4F,0x00,0x03,0x01,0x7B,0x00,0x07,0x01,0x78,
   0x00,0x0A,0x01,0x76,0x00,0x0B,0x01,0x75,0x00,0x0C,0x01,0x74,0x00,0x16,0x01,0x6A,
   0x00,0x17,0x01,0x69,0x00,0x18,0x01,0x68,0x00,0x19,0x01,0x67,0x00,0x1A,0x01,0x65,
   0x00,0x1C,0x01,0x62,0x00,0x1E,0x01,0x61,0x00,0x20,0x01,0x5F,0x00,0x21,0x01,0x5E,
   0x00,0x22,0x01,0x5D,0x00,0x23,0x01,0x5C,0x00,0x25,0x01,0x5B,0x00,0x25,0x01,0x5A,
   0x00,0x26,0x01,0x59,0x00,0x28,0x01,0x58,0x00,0x28,0x01,0x58,0x00,0x29,0x01,0x57,
   0x00,0x29,0x01,0x57,0x00,0x29,0x01,0x57,0x00,0x29,0x01,0x56,0x00,0x2B,0x01,0x55,
   0x00,0x2B,0x01,0x55,0x00,0x2B,0x01,0x56,0x00,0x2A,0x01,0x56,0x00,0x2B,0x01,0x55,
   0x00,0x2B,0x01,0x56,0x00,0x2A,0x01,0x57,0x00,0x29,0x01,0x59,0x00,0x27,0x01,0x5A,
   0x00,0x01,0x01,0x01,0x00,0x24,0x01,0x5C,0x00,0x24,0x01,0x5C,0x00,0x24,0x01,0x5B,
   0x00,0x25,0x01,0x5A,0x00,0x26,0x01,0x5B,0x00,0x25,0x01,0x5D,0x00,0x23,0x01,0x5D,
   0x00,0x23,0x01,0x5E,0x00,0x22,0x01,0x5F,0x00,0x21,0x01,0x60,0x00,0x20,0x01,0x60,
   0x00,0x05,0x01,0x02,0x00,0x19,0x01,0x5F,0x00,0x06,0x01,0x02,0x00,0x19,0x01,0x5F,
   0x00,0x06,0x01,0x02,0x00,0x1A,0x01,0x5E,0x00,0x06,0x01,0x02,0x00,0x1A,0x01,0x5F,
   0x00,0x21,0x01,0x5F,0x00,0x21,0x01,0x5F,0x00,0x21,0x01,0x3E,0x00,0x01,0x01,0x20,
   0x00,0x1C,0x01,0x01,0x00,0x01,0x01,0x01,0x00,0x02,0x01,0x3E,0x00,0x01,0x01,0x21,
   0x00,0x19,0x01,0x01,0x00,0x01,0x01,0x01,0x00,0x02,0x01,0x01,0x00,0x01,0x01,0x3E,
   0x00,0x07,0x01,0x1B,0x00,0x19,0x01,0x01,0x00,0x02,0x01,0x01,0x00,0x01,0x01,0x3D,
   0x00,0x0B,0x01,0x1A,0x00,0x19,0x01,0x02,0x00,0x01,0x01,0x01,0x00,0x01,0x01,0x3C,
   0x00,0x0D,0x01,0x19,0x00,0x19,0x01,0x02,0x00,0x01,0x01,0x3D,0x00,0x0E,0x01,0x19,
   0x00,0x19,0x01,0x40,0x00,0x0E,0x01,0x18,0x00,0x1A,0x01,0x3F,0x00,0x0F,0x01,0x18,
   0x00,0x1A,0x01,0x3F,0x00,0x0F,0x01,0x14,0x00,0x1C,0x01,0x01,0x00,0x02,0x01,0x3E,
   0x00,0x0F,0x01,0x13,0x00,0x1D,0x01,0x02,0x00,0x01,0x01,0x3E,0x00,0x10,0x01,0x12,
   0x00,0x1D,0x01,0x02,0x00,0x01,0x01,0x3F,0x00,0x0F,0x01,0x12,0x00,0x1D,0x01,0x02,
   0x00,0x02,0x01,0x3E,0x00,0x10,0x01,0x11,0x00,0x1E,0x01,0x41,0x00,0x14,0x01,0x0D,
   0x00,0x1E,0x01,0x41,0x00,0x16,0x01,0x0A,0x00,0x1F,0x01,0x42,0x00,0x18,0x01,0x06,
   0x00,0x20,0x01,0x43,0x00,0x19,0x01,0x03,0x00,0x21,0x01,0x43,0x00,0x3D,0x01,0x45,
   0x00,0x3C,0x01,0x46,0x00,0x3A,0x01,0x4A,0x00,0x36,0x01,0x4A,0x00,0x36,0x01,0x4A,
   0x00,0x36,0x01,0x4A,0x00,0x37,0x01,0x49,0x00,0x37,0x01,0x05,0x00,0x03,0x01,0x41,
   0x00,0x37,0x01,0x03,0x00,0x05,0x01,0x41,0x00,0x3E,0x01,0x42,0x00,0x3C,0x01,0x44,
   0x00,0x39,0x01,0x47,0x00,0x39,0x01,0x47,0x00,0x39,0x01,0x46,0x00,0x3A,0x01,0x46,
   0x00,0x3A,0x01,0x46,0x00,0x3B,0x01,0x45,0x00,0x3B,0x01,0x45,0x00,0x3C,0x01,0x44,
   0x00,0x3C,0x01,0x43,0x00,0x3E,0x01,0x16},
  // Frame 43/234 (Size: 542 bytes)
  {0x01,0xFF,0x01,0xFF,0x01,0x4D,0x00,0x05,0x01,0x7A,0x00,0x08,0x01,0x77,0x00,0x0A,
   0x01,0x76,0x00,0x0B,0x01,0x75,0x00,0x0D,0x01,0x73,0x00,0x0E,0x01,0x72,0x00,0x17,
   0x01,0x69,0x00,0x19,0x01,0x68,0x00,0x19,0x01,0x67,0x00,0x19,0x01,0x67,0x00,0x1A,
   0x01,0x64,0x00,0x1D,0x01,0x61,0x00,0x1F,0x01,0x60,0x00,0x21,0x01,0x5E,0x00,0x22,
   0x01,0x5D,0x00,0x23,0x01,0x5C,0x00,0x24,0x01,0x5B,0x00,0x26,0x01,0x59,0x00,0x27,
   0x01,0x59,0x00,0x28,0x01,0x57,0x00,0x29,0x01,0x57,0x00,0x29,0x01,0x57,0x00,0x2A,
   0x01,0x55,0x00,0x2B,0x01,0x55,0x00,0x2C,0x01,0x54,0x00,0x2C,0x01,0x54,0x00,0x2C,
   0x01,0x54,0x00,0x2C,0x01,0x53,0x00,0x2E,0x01,0x53,0x00,0x2D,0x01,0x54,0x00,0x2C,
   0x01,0x54,0x00,0x2C,0x01,0x54,0x00,0x2C,0x01,0x55,0x00,0x2C,0x01,0x55,0x00,0x2B,
   0x01,0x57,0x00,0x29,0x01,0x5A,0x00,0x26,0x01,0x59,0x00,0x27,0x01,0x59,0x00,0x27,
   0x01,0x58,0x00,0x28,0x01,0x58,0x00,0x28,0x01,0x59,0x00,0x27,0x01,0x5A,0x00,0x26,
   0x01,0x5B,0x00,0x25,0x01,0x5C,0x00,0x24,0x01,0x5D,0x00,0x23,0x01,0x5D,0x00,0x23,
   0x01,0x5E,0x00,0x23,0x01,0x5D,0x00,0x06,0x01,0x01,0x00,0x1C,0x01,0x5D,0x00,0x06,
   0x01,0x02,0x00,0x1B,0x01,0x5D,0x00,0x06,0x01,0x01,0x00,0x1C,0x01,0x5D,0x00,0x23,
   0x01,0x5E,0x00,0x1C,0x01,0x01,0x00,0x05,0x01,0x3E,0x00,0x01,0x01,0x1E,0x00,0x1D,
   0x01,0x01,0x00,0x02,0x01,0x01,0x00,0x02,0x01,0x3E,0x00,0x01,0x01,0x01,0x00,0x05,
   0x01,0x19,0x00,0x1C,0x01,0x02,0x00,0x01,0x01,0x01,0x00,0x02,0x01,0x3C,0x00,0x0A,
   0x01,0x18,0x00,0x1D,0x01,0x01,0x00,0x01,0x01,0x02,0x00,0x01,0x01,0x3A,0x00,0x0D,
   0x01,0x17,0x00,0x1D,0x01,0x01,0x00,0x02,0x01,0x3B,0x00,0x0E,0x01,0x17,0x00,0x1B,
   0x01,0x01,0x00,0x01,0x01,0x02,0x00,0x01,0x01,0x3A,0x00,0x0F,0x01,0x18,0x00,0x1A,
   0x01,0x01,0x00,0x01,0x01,0x02,0x00,0x01,0x01,0x3A,0x00,0x0F,0x01,0x17,0x00,0x1B,
   0x01,0x3F,0x00,0x10,0x01,0x16,0x00,0x1B,0x01,0x3E,0x00,0x11,0x01,0x15,0x00,0x1C,
   0x01,0x3E,0x00,0x11,0x01,0x15,0x00,0x1C,0x01,0x3F,0x00,0x10,0x01,0x10,0x00,0x03,
   0x01,0x02,0x00,0x19,0x01,0x01,0x00,0x02,0x01,0x3F,0x00,0x10,0x01,0x10,0x00,0x1E,
   0x01,0x02,0x00,0x01,0x01,0x3F,0x00,0x11,0x01,0x0E,0x00,0x1F,0x01,0x02,0x00,0x02,
   0x01,0x3E,0x00,0x13,0x01,0x0D,0x00,0x1E,0x01,0x43,0x00,0x14,0x01,0x0B,0x00,0x1F,
   0x01,0x42,0x00,0x16,0x01,0x09,0x00,0x1F,0x01,0x43,0x00,0x16,0x01,0x07,0x00,0x20,
   0x01,0x44,0x00,0x17,0x01,0x04,0x00,0x21,0x01,0x45,0x00,0x18,0x01,0x01,0x00,0x22,
   0x01,0x47,0x00,0x39,0x01,0x4B,0x00,0x36,0x01,0x4A,0x00,0x36,0x01,0x4A,0x00,0x36,
   0x01,0x4A,0x00,0x36,0x01,0x49,0x00,0x37,0x01,0x49,0x00,0x37,0x01,0x49,0x00,0x38,
   0x01,0x06,0x00,0x02,0x01,0x40,0x00,0x38,0x01,0x04,0x00,0x04,0x01,0x40,0x00,0x38,
   0x01,0x01,0x00,0x07,0x01,0x40,0x00,0x3F,0x01,0x41,0x00,0x3B,0x01,0x45,0x00,0x3A,
   0x01,0x46,0x00,0x3A,0x01,0x46,0x00,0x3A,0x01,0x45,0x00,0x3B,0x01,0x45,0x00,0x3C,
   0x01,0x44,0x00,0x3C,0x01,0x44,0x00,0x3D,0x01,0x43,0x00,0x3D,0x01,0x16},
  // Frame 44/234 (Size: 582 bytes)
  {0x01,0xCC,0x00,0x05,0x01,0x7A,0x00,0x07,0x01,0x78,0x00,0x0A,0x01,0x76,0x00,0x0B,
   0x01,0x75,0x00,0x0C,0x01,0x74,0x00,0x0D,0x01,0x73,0x00,0x0E,0x01,0x72,0x00,0x10,
   0x01,0x01,0x00,0x06,0x01,0x69,0x00,0x19,0x01,0x68,0x00,0x19,0x01,0x67,0x00,0x1A,
   0x01,0x66,0x00,0x1B,0x01,0x63,0x00,0x1D,0x01,0x61,0x00,0x20,0x01,0x5F,0x00,0x21,
   0x01,0x5D,0x00,0x24,0x01,0x5B,0x00,0x25,0x01,0x5A,0x00,0x26,0x01,0x59,0x00,0x27,
   0x01,0x59,0x00,0x28,0x01,0x57,0x00,0x29,0x01,0x56,0x00,0x2B,0x01,0x55,0x00,0x2B,
   0x01,0x55,0x00,0x2B,0x01,0x54,0x00,0x2D,0x01,0x53,0x00,0x2D,0x01,0x53,0x00,0x2D,
   0x01,0x53,0x00,0x2E,0x01,0x52,0x00,0x2E,0x01,0x51,0x00,0x2F,0x01,0x51,0x00,0x2F,
   0x01,0x52,0x00,0x2F,0x01,0x51,0x00,0x2F,0x01,0x51,0x00,0x2F,0x01,0x51,0x00,0x2F,
   0x01,0x53,0x00,0x2D,0x01,0x53,0x00,0x2E,0x01,0x54,0x00,0x2C,0x01,0x55,0x00,0x01,
   0x01,0x01,0x00,0x29,0x01,0x57,0x00,0x29,0x01,0x57,0x00,0x29,0x01,0x57,0x00,0x29,
   0x01,0x56,0x00,0x2A,0x01,0x56,0x00,0x2A,0x01,0x57,0x00,0x29,0x01,0x58,0x00,0x28,
   0x01,0x58,0x00,0x28,0x01,0x59,0x00,0x27,0x01,0x5A,0x00,0x26,0x01,0x5B,0x00,0x25,
   0x01,0x5C,0x00,0x25,0x01,0x5B,0x00,0x06,0x01,0x01,0x00,0x1E,0x01,0x5B,0x00,0x06,
   0x01,0x02,0x00,0x1D,0x01,0x5B,0x00,0x06,0x01,0x02,0x00,0x1D,0x01,0x3E,0x00,0x01,
   0x01,0x1C,0x00,0x25,0x01,0x3E,0x00,0x02,0x01,0x01,0x00,0x04,0x01,0x17,0x00,0x24,
   0x01,0x3D,0x00,0x0A,0x01,0x14,0x00,0x25,0x01,0x3A,0x00,0x0D,0x01,0x15,0x00,0x24,
   0x01,0x39,0x00,0x0F,0x01,0x14,0x00,0x1E,0x01,0x01,0x00,0x05,0x01,0x38,0x00,0x10,
   0x01,0x14,0x00,0x1E,0x01,0x01,0x00,0x05,0x01,0x38,0x00,0x10,0x01,0x15,0x00,0x1B,
   0x01,0x01,0x00,0x02,0x01,0x01,0x00,0x01,0x01,0x01,0x00,0x02,0x01,0x38,0x00,0x10,
   0x01,0x15,0x00,0x1B,0x01,0x01,0x00,0x02,0x01,0x01,0x00,0x02,0x01,0x01,0x00,0x01,
   0x01,0x37,0x00,0x11,0x01,0x15,0x00,0x1B,0x01,0x02,0x00,0x01,0x01,0x02,0x00,0x01,
   0x01,0x01,0x00,0x01,0x01,0x37,0x00,0x11,0x01,0x14,0x00,0x1D,0x01,0x04,0x00,0x01,
   0x01,0x39,0x00,0x11,0x01,0x14,0x00,0x1D,0x01,0x3F,0x00,0x10,0x01,0x14,0x00,0x1D,
   0x01,0x3F,0x00,0x11,0x01,0x12,0x00,0x1E,0x01,0x3F,0x00,0x12,0x01,0x11,0x00,0x1B,
   0x01,0x01,0x00,0x02,0x01,0x3F,0x00,0x14,0x01,0x09,0x00,0x21,0x01,0x01,0x00,0x02,
   0x01,0x40,0x00,0x14,0x01,0x08,0x00,0x21,0x01,0x02,0x00,0x02,0x01,0x3F,0x00,0x15,
   0x01,0x07,0x00,0x21,0x01,0x02,0x00,0x01,0x01,0x41,0x00,0x15,0x01,0x06,0x00,0x22,
   0x01,0x44,0x00,0x15,0x01,0x05,0x00,0x22,0x01,0x45,0x00,0x15,0x01,0x04,0x00,0x22,
   0x01,0x47,0x00,0x14,0x01,0x03,0x00,0x22,0x01,0x4A,0x00,0x12,0x01,0x01,0x00,0x23,
   0x01,0x4A,0x00,0x37,0x01,0x49,0x00,0x37,0x01,0x49,0x00,0x37,0x01,0x48,0x00,0x38,
   0x01,0x48,0x00,0x38,0x01,0x48,0x00,0x38,0x01,0x48,0x00,0x39,0x01,0x46,0x00,0x3A,
   0x01,0x46,0x00,0x3A,0x01,0x05,0x00,0x04,0x01,0x3D,0x00,0x3A,0x01,0x03,0x00,0x05,
   0x01,0x3E,0x00,0x42,0x01,0x3E,0x00,0x40,0x01,0x40,0x00,0x3D,0x01,0x43,0x00,0x3D,
   0x01,0x43,0x00,0x3D,0x01,0x42,0x00,0x1C,0x01,0x01,0x00,0x21,0x01,0x42,0x00,0x1C,
   0x01,0x01,0x00,0x21,0x01,0x42,0x00,0x1B,0x01,0x02,0x00,0x21,0x01,0x42,0x00,0x1B,
   0x01,0x02,0x00,0x21,0x01,0x15},
  // Frame 45/234 (Size: 606 bytes)
  {0x01,0x4B,0x00,0x0B,0x01,0x75,0x00,0x0C,0x01,0x74,0x00,0x0D,0x01,0x73,0x00,0x0E,
   0x01,0x72,0x00,0x0F,0x01,0x71,0x00,0x10,0x01,0x70,0x00,0x11,0x01,0x02,0x00,0x04,
   0x01,0x6A,0x00,0x18,0x01,0x68,0x00,0x1A,0x01,0x67,0x00,0x1A,0x01,0x65,0x00,0x1B,
   0x01,0x63,0x00,0x1E,0x01,0x60,0x00,0x21,0x01,0x5D,0x00,0x23,0x01,0x5C,0x00,0x25,
   0x01,0x5A,0x00,0x26,0x01,0x59,0x00,0x28,0x01,0x57,0x00,0x29,0x01,0x56,0x00,0x2A,
   0x01,0x55,0x00,0x2B,0x01,0x55,0x00,0x2C,0x01,0x53,0x00,0x2D,0x01,0x53,0x00,0x2D,
   0x01,0x52,0x00,0x2F,0x01,0x51,0x00,0x2F,0x01,0x51,0x00,0x30,0x01,0x50,0x00,0x30,
   0x01,0x50,0x00,0x30,0x01,0x4F,0x00,0x31,0x01,0x4F,0x00,0x32,0x01,0x4F,0x00,0x31,
   0x01,0x4F,0x00,0x31,0x01,0x4F,0x00,0x31,0x01,0x4F,0x00,0x32,0x01,0x4E,0x00,0x32,
   0x01,0x4F,0x00,0x31,0x01,0x50,0x00,0x30,0x01,0x51,0x00,0x2F,0x01,0x53,0x00,0x2D,
   0x01,0x55,0x00,0x2B,0x01,0x55,0x00,0x2C,0x01,0x54,0x00,0x2C,0x01,0x53,0x00,0x2D,
   0x01,0x52,0x00,0x2E,0x01,0x53,0x00,0x2D,0x01,0x54,0x00,0x2C,0x01,0x55,0x00,0x2B,
   0x01,0x55,0x00,0x2B,0x01,0x57,0x00,0x29,0x01,0x57,0x00,0x29,0x01,0x58,0x00,0x28,
   0x01,0x59,0x00,0x27,0x01,0x3F,0x00,0x01,0x01,0x19,0x00,0x27,0x01,0x3F,0x00,0x01,
   0x01,0x19,0x00,0x27,0x01,0x3F,0x00,0x08,0x01,0x12,0x00,0x07,0x01,0x01,0x00,0x1F,
   0x01,0x3D,0x00,0x0B,0x01,0x11,0x00,0x07,0x01,0x01,0x00,0x1F,0x01,0x3B,0x00,0x0E,
   0x01,0x11,0x00,0x26,0x01,0x39,0x00,0x10,0x01,0x11,0x00,0x26,0x01,0x39,0x00,0x10,
   0x01,0x11,0x00,0x26,0x01,0x38,0x00,0x12,0x01,0x10,0x00,0x20,0x01,0x01,0x00,0x05,
   0x01,0x38,0x00,0x12,0x01,0x10,0x00,0x20,0x01,0x01,0x00,0x05,0x01,0x38,0x00,0x12,
   0x01,0x10,0x00,0x20,0x01,0x01,0x00,0x05,0x01,0x37,0x00,0x13,0x01,0x11,0x00,0x20,
   0x01,0x01,0x00,0x01,0x01,0x02,0x00,0x02,0x01,0x37,0x00,0x12,0x01,0x11,0x00,0x1D,
   0x01,0x01,0x00,0x02,0x01,0x01,0x00,0x02,0x01,0x01,0x00,0x02,0x01,0x37,0x00,0x12,
   0x01,0x11,0x00,0x1E,0x01,0x01,0x00,0x01,0x01,0x02,0x00,0x01,0x01,0x02,0x00,0x01,
   0x01,0x37,0x00,0x12,0x01,0x11,0x00,0x1E,0x01,0x01,0x00,0x01,0x01,0x02,0x00,0x01,
   0x01,0x02,0x00,0x01,0x01,0x37,0x00,0x13,0x01,0x10,0x00,0x1E,0x01,0x05,0x00,0x01,
   0x01,0x39,0x00,0x13,0x01,0x0F,0x00,0x1F,0x01,0x40,0x00,0x13,0x01,0x0E,0x00,0x1F,
   0x01,0x40,0x00,0x15,0x01,0x0C,0x00,0x1C,0x01,0x01,0x00,0x02,0x01,0x41,0x00,0x15,
   0x01,0x04,0x00,0x04,0x01,0x02,0x00,0x1D,0x01,0x01,0x00,0x02,0x01,0x42,0x00,0x14,
   0x01,0x04,0x00,0x23,0x01,0x02,0x00,0x02,0x01,0x42,0x00,0x14,0x01,0x03,0x00,0x23,
   0x01,0x02,0x00,0x01,0x01,0x44,0x00,0x14,0x01,0x02,0x00,0x24,0x01,0x01,0x00,0x01,
   0x01,0x46,0x00,0x12,0x01,0x02,0x00,0x24,0x01,0x4A,0x00,0x10,0x01,0x02,0x00,0x24,
   0x01,0x4A,0x00,0x36,0x01,0x49,0x00,0x38,0x01,0x48,0x00,0x38,0x01,0x48,0x00,0x38,
   0x01,0x47,0x00,0x39,0x01,0x47,0x00,0x3A,0x01,0x46,0x00,0x3A,0x01,0x45,0x00,0x3B,
   0x01,0x45,0x00,0x3B,0x01,0x45,0x00,0x3B,0x01,0x45,0x00,0x3C,0x01,0x06,0x00,0x03,
   0x01,0x3B,0x00,0x3C,0x01,0x04,0x00,0x05,0x01,0x3B,0x00,0x3C,0x01,0x02,0x00,0x06,
   0x01,0x3C,0x00,0x44,0x01,0x3C,0x00,0x42,0x01,0x3E,0x00,0x3F,0x01,0x40,0x00,0x1B,
   0x01,0x01,0x00,0x24,0x01,0x40,0x00,0x1B,0x01,0x01,0x00,0x24,0x01,0x40,0x00,0x1B,
   0x01,0x02,0x00,0x23,0x01,0x3F,0x00,0x1C,0x01,0x02,0x00,0x23,0x01,0x12},
  // Frame 46/234 (Size: 582 bytes)
  {0x01,0x4C,0x00,0x0F,0x01,0x71,0x00,0x10,0x01,0x70,0x00,0x11,0x01,0x70,0x00,0x10,
   0x01,0x70,0x00,0x11,0x01,0x6F,0x00,0x19,0x01,0x68,0x00,0x1A,0x01,0x66,0x00,0x1B,
   0x01,0x64,0x00,0x1C,0x01,0x62,0x00,0x1F,0x01,0x5F,0x00,0x22,0x01,0x5C,0x00,0x24,
   0x01,0x5A,0x00,0x27,0x01,0x58,0x00,0x28,0x01,0x57,0x00,0x2A,0x01,0x55,0x00,0x2B,
   0x01,0x54,0x00,0x2C,0x01,0x54,0x00,0x2C,0x01,0x53,0x00,0x2E,0x01,0x51,0x00,0x2F,
   0x01,0x51,0x00,0x30,0x01,0x50,0x00,0x30,0x01,0x4F,0x00,0x32,0x01,0x4E,0x00,0x32,
   0x01,0x4E,0x00,0x32,0x01,0x4E,0x00,0x32,0x01,0x4D,0x00,0x34,0x01,0x4C,0x00,0x34,
   0x01,0x4B,0x00,0x35,0x01,0x4C,0x00,0x35,0x01,0x4C,0x00,0x34,0x01,0x4C,0x00,0x34,
   0x01,0x4C,0x00,0x34,0x01,0x4C,0x00,0x34,0x01,0x4D,0x00,0x34,0x01,0x4D,0x00,0x33,
   0x01,0x4E,0x00,0x32,0x01,0x4F,0x00,0x31,0x01,0x52,0x00,0x2E,0x01,0x52,0x00,0x2E,
   0x01,0x52,0x00,0x2E,0x01,0x51,0x00,0x2F,0x01,0x50,0x00,0x31,0x01,0x4F,0x00,0x31,
   0x01,0x50,0x00,0x30,0x01,0x52,0x00,0x2E,0x01,0x52,0x00,0x2E,0x01,0x52,0x00,0x2E,
   0x01,0x54,0x00,0x2C,0x01,0x54,0x00,0x2C,0x01,0x3F,0x00,0x01,0x01,0x15,0x00,0x2B,
   0x01,0x3F,0x00,0x01,0x01,0x16,0x00,0x2A,0x01,0x3F,0x00,0x08,0x01,0x0F,0x00,0x2A,
   0x01,0x3C,0x00,0x0C,0x01,0x0E,0x00,0x2A,0x01,0x3A,0x00,0x0F,0x01,0x0D,0x00,0x2A,
   0x01,0x39,0x00,0x10,0x01,0x0D,0x00,0x08,0x01,0x01,0x00,0x21,0x01,0x38,0x00,0x12,
   0x01,0x0C,0x00,0x2A,0x01,0x38,0x00,0x12,0x01,0x0D,0x00,0x29,0x01,0x37,0x00,0x13,
   0x01,0x0D,0x00,0x22,0x01,0x01,0x00,0x06,0x01,0x37,0x00,0x13,0x01,0x0D,0x00,0x22,
   0x01,0x01,0x00,0x06,0x01,0x37,0x00,0x13,0x01,0x0E,0x00,0x21,0x01,0x02,0x00,0x05,
   0x01,0x37,0x00,0x13,0x01,0x0E,0x00,0x21,0x01,0x02,0x00,0x02,0x01,0x01,0x00,0x02,
   0x01,0x37,0x00,0x13,0x01,0x0E,0x00,0x22,0x01,0x01,0x00,0x02,0x01,0x01,0x00,0x03,
   0x01,0x36,0x00,0x13,0x01,0x0E,0x00,0x22,0x01,0x02,0x00,0x01,0x01,0x02,0x00,0x02,
   0x01,0x37,0x00,0x12,0x01,0x0E,0x00,0x22,0x01,0x02,0x00,0x02,0x01,0x02,0x00,0x01,
   0x01,0x37,0x00,0x13,0x01,0x0D,0x00,0x22,0x01,0x03,0x00,0x01,0x01,0x02,0x00,0x01,
   0x01,0x37,0x00,0x14,0x01,0x0C,0x00,0x23,0x01,0x02,0x00,0x01,0x01,0x3A,0x00,0x14,
   0x01,0x0C,0x00,0x21,0x01,0x01,0x00,0x01,0x01,0x3E,0x00,0x15,0x01,0x0A,0x00,0x21,
   0x01,0x40,0x00,0x16,0x01,0x08,0x00,0x22,0x01,0x41,0x00,0x16,0x01,0x07,0x00,0x1E,
   0x01,0x01,0x00,0x03,0x01,0x42,0x00,0x18,0x01,0x03,0x00,0x1F,0x01,0x02,0x00,0x02,
   0x01,0x43,0x00,0x18,0x01,0x01,0x00,0x20,0x01,0x02,0x00,0x02,0x01,0x46,0x00,0x36,
   0x01,0x03,0x00,0x01,0x01,0x47,0x00,0x36,0x01,0x02,0x00,0x02,0x01,0x46,0x00,0x36,
   0x01,0x49,0x00,0x37,0x01,0x49,0x00,0x38,0x01,0x47,0x00,0x39,0x01,0x47,0x00,0x39,
   0x01,0x47,0x00,0x39,0x01,0x46,0x00,0x3B,0x01,0x45,0x00,0x3B,0x01,0x45,0x00,0x3B,
   0x01,0x45,0x00,0x3B,0x01,0x45,0x00,0x3B,0x01,0x44,0x00,0x3D,0x01,0x43,0x00,0x3D,
   0x01,0x43,0x00,0x3D,0x01,0x07,0x00,0x03,0x01,0x39,0x00,0x3D,0x01,0x05,0x00,0x05,
   0x01,0x39,0x00,0x3D,0x01,0x03,0x00,0x06,0x01,0x3A,0x00,0x46,0x01,0x3A,0x00,0x44,
   0x01,0x3C,0x00,0x41,0x01,0x3E,0x00,0x1B,0x01,0x01,0x00,0x26,0x01,0x3E,0x00,0x1B,
   0x01,0x01,0x00,0x26,0x01,0x0F},
  // Frame 47/234 (Size: 606 bytes)
  {0x01,0x4E,0x00,0x11,0x01,0x6F,0x00,0x12,0x01,0x6F,0x00,0x11,0x01,0x6F,0x00,0x12,
   0x01,0x02,0x00,0x03,0x01,0x69,0x00,0x1A,0x01,0x67,0x00,0x1A,0x01,0x66,0x00,0x1B,
   0x01,0x61,0x00,0x20,0x01,0x5E,0x00,0x22,0x01,0x5C,0x00,0x25,0x01,0x5A,0x00,0x27,
   0x01,0x57,0x00,0x29,0x01,0x56,0x00,0x2B,0x01,0x54,0x00,0x2C,0x01,0x53,0x00,0x2D,
   0x01,0x52,0x00,0x2E,0x01,0x52,0x00,0x2F,0x01,0x50,0x00,0x30,0x01,0x4F,0x00,0x32,
   0x01,0x4E,0x00,0x32,0x01,0x4E,0x00,0x32,0x01,0x4D,0x00,0x34,0x01,0x4C,0x00,0x34,
   0x01,0x4C,0x00,0x34,0x01,0x4C,0x00,0x35,0x01,0x4A,0x00,0x36,0x01,0x4A,0x00,0x36,
   0x01,0x49,0x00,0x38,0x01,0x49,0x00,0x37,0x01,0x4A,0x00,0x36,0x01,0x4A,0x00,0x36,
   0x01,0x4A,0x00,0x37,0x01,0x49,0x00,0x37,0x01,0x4A,0x00,0x36,0x01,0x4A,0x00,0x36,
   0x01,0x4C,0x00,0x34,0x01,0x4D,0x00,0x33,0x01,0x4E,0x00,0x33,0x01,0x4F,0x00,0x31,
   0x01,0x4F,0x00,0x31,0x01,0x4F,0x00,0x31,0x01,0x4E,0x00,0x32,0x01,0x4D,0x00,0x33,
   0x01,0x4D,0x00,0x33,0x01,0x4F,0x00,0x31,0x01,0x50,0x00,0x30,0x01,0x50,0x00,0x30,
   0x01,0x50,0x00,0x30,0x01,0x3F,0x00,0x01,0x01,0x12,0x00,0x2E,0x01,0x52,0x00,0x2E,
   0x01,0x3F,0x00,0x0A,0x01,0x0A,0x00,0x2D,0x01,0x3D,0x00,0x0D,0x01,0x0A,0x00,0x2C,
   0x01,0x3B,0x00,0x0F,0x01,0x0A,0x00,0x2C,0x01,0x39,0x00,0x12,0x01,0x0A,0x00,0x2B,
   0x01,0x38,0x00,0x13,0x01,0x0A,0x00,0x2C,0x01,0x37,0x00,0x13,0x01,0x0A,0x00,0x07,
   0x01,0x01,0x00,0x24,0x01,0x37,0x00,0x13,0x01,0x09,0x00,0x2D,0x01,0x37,0x00,0x14,
   0x01,0x0A,0x00,0x2B,0x01,0x36,0x00,0x15,0x01,0x0A,0x00,0x2B,0x01,0x36,0x00,0x15,
   0x01,0x0A,0x00,0x23,0x01,0x01,0x00,0x07,0x01,0x36,0x00,0x14,0x01,0x0B,0x00,0x23,
   0x01,0x01,0x00,0x07,0x01,0x37,0x00,0x13,0x01,0x0B,0x00,0x23,0x01,0x02,0x00,0x06,
   0x01,0x37,0x00,0x13,0x01,0x0B,0x00,0x23,0x01,0x02,0x00,0x02,0x01,0x01,0x00,0x03,
   0x01,0x37,0x00,0x14,0x01,0x0A,0x00,0x24,0x01,0x01,0x00,0x02,0x01,0x02,0x00,0x02,
   0x01,0x37,0x00,0x15,0x01,0x09,0x00,0x24,0x01,0x02,0x00,0x02,0x01,0x02,0x00,0x01,
   0x01,0x38,0x00,0x14,0x01,0x0A,0x00,0x23,0x01,0x02,0x00,0x02,0x01,0x02,0x00,0x02,
   0x01,0x37,0x00,0x15,0x01,0x09,0x00,0x23,0x01,0x03,0x00,0x01,0x01,0x03,0x00,0x01,
   0x01,0x38,0x00,0x15,0x01,0x08,0x00,0x23,0x01,0x03,0x00,0x02,0x01,0x3B,0x00,0x16,
   0x01,0x06,0x00,0x23,0x01,0x01,0x00,0x01,0x01,0x03,0x00,0x01,0x01,0x3C,0x00,0x16,
   0x01,0x05,0x00,0x23,0x01,0x05,0x00,0x01,0x01,0x3D,0x00,0x15,0x01,0x04,0x00,0x1F,
   0x01,0x01,0x00,0x04,0x01,0x44,0x00,0x15,0x01,0x03,0x00,0x1F,0x01,0x02,0x00,0x03,
   0x01,0x47,0x00,0x12,0x01,0x02,0x00,0x20,0x01,0x03,0x00,0x03,0x01,0x46,0x00,0x35,
   0x01,0x02,0x00,0x03,0x01,0x45,0x00,0x36,0x01,0x03,0x00,0x02,0x01,0x45,0x00,0x36,
   0x01,0x04,0x00,0x01,0x01,0x45,0x00,0x37,0x01,0x03,0x00,0x01,0x01,0x44,0x00,0x38,
   0x01,0x48,0x00,0x38,0x01,0x47,0x00,0x39,0x01,0x47,0x00,0x3A,0x01,0x46,0x00,0x3A,
   0x01,0x46,0x00,0x3A,0x01,0x46,0x00,0x3A,0x01,0x46,0x00,0x3B,0x01,0x45,0x00,0x3B,
   0x01,0x45,0x00,0x3B,0x01,0x44,0x00,0x3C,0x01,0x44,0x00,0x3D,0x01,0x43,0x00,0x3D,
   0x01,0x0A,0x00,0x01,0x01,0x38,0x00,0x3D,0x01,0x07,0x00,0x04,0x01,0x38,0x00,0x3D,
   0x01,0x05,0x00,0x05,0x01,0x39,0x00,0x3D,0x01,0x03,0x00,0x07,0x01,0x39,0x00,0x46,
   0x01,0x3A,0x00,0x44,0x01,0x3B,0x00,0x15,0x01,0x02,0x00,0x2C,0x01,0x0C},
  // Frame 48/234 (Size: 626 bytes)
  {0x01,0x4F,0x00,0x12,0x01,0x6F,0x00,0x12,0x01,0x6E,0x00,0x12,0x01,0x6F,0x00,0x17,
   0x01,0x69,0x00,0x19,0x01,0x67,0x00,0x1A,0x01,0x62,0x00,0x1F,0x01,0x5F,0x00,0x22,
   0x01,0x5C,0x00,0x25,0x01,0x59,0x00,0x27,0x01,0x58,0x00,0x29,0x01,0x56,0x00,0x2A,
   0x01,0x54,0x00,0x2D,0x01,0x53,0x00,0x2D,0x01,0x52,0x00,0x2E,0x01,0x51,0x00,0x30,
   0x01,0x4F,0x00,0x31,0x01,0x4F,0x00,0x31,0x01,0x4E,0x00,0x33,0x01,0x4D,0x00,0x33,
   0x01,0x4D,0x00,0x33,0x01,0x4C,0x00,0x35,0x01,0x4B,0x00,0x35,0x01,0x4B,0x00,0x36,
   0x01,0x49,0x00,0x37,0x01,0x48,0x00,0x38,0x01,0x48,0x00,0x38,0x01,0x49,0x00,0x38,
   0x01,0x48,0x00,0x38,0x01,0x48,0x00,0x38,0x01,0x48,0x00,0x38,0x01,0x48,0x00,0x39,
   0x01,0x49,0x00,0x37,0x01,0x49,0x00,0x37,0x01,0x4A,0x00,0x36,0x01,0x4B,0x00,0x35,
   0x01,0x4C,0x00,0x34,0x01,0x4E,0x00,0x33,0x01,0x4E,0x00,0x32,0x01,0x4E,0x00,0x32,
   0x01,0x4D,0x00,0x33,0x01,0x4C,0x00,0x34,0x01,0x4B,0x00,0x35,0x01,0x4C,0x00,0x34,
   0x01,0x4E,0x00,0x32,0x01,0x4E,0x00,0x32,0x01,0x41,0x00,0x01,0x01,0x0C,0x00,0x32,
   0x01,0x41,0x00,0x01,0x01,0x0E,0x00,0x30,0x01,0x41,0x00,0x09,0x01,0x07,0x00,0x2F,
   0x01,0x3E,0x00,0x0D,0x01,0x06,0x00,0x2F,0x01,0x3C,0x00,0x10,0x01,0x05,0x00,0x2F,
   0x01,0x3B,0x00,0x11,0x01,0x06,0x00,0x2E,0x01,0x3A,0x00,0x12,0x01,0x07,0x00,0x2E,
   0x01,0x38,0x00,0x14,0x01,0x07,0x00,0x2D,0x01,0x38,0x00,0x14,0x01,0x07,0x00,0x2D,
   0x01,0x38,0x00,0x14,0x01,0x07,0x00,0x2D,0x01,0x38,0x00,0x14,0x01,0x06,0x00,0x2E,
   0x01,0x37,0x00,0x15,0x01,0x07,0x00,0x2D,0x01,0x37,0x00,0x15,0x01,0x08,0x00,0x2C,
   0x01,0x38,0x00,0x14,0x01,0x08,0x00,0x2C,0x01,0x38,0x00,0x14,0x01,0x08,0x00,0x24,
   0x01,0x01,0x00,0x07,0x01,0x38,0x00,0x14,0x01,0x08,0x00,0x24,0x01,0x01,0x00,0x07,
   0x01,0x38,0x00,0x15,0x01,0x07,0x00,0x24,0x01,0x02,0x00,0x06,0x01,0x39,0x00,0x14,
   0x01,0x07,0x00,0x24,0x01,0x02,0x00,0x02,0x01,0x01,0x00,0x03,0x01,0x39,0x00,0x15,
   0x01,0x06,0x00,0x24,0x01,0x02,0x00,0x02,0x01,0x02,0x00,0x02,0x01,0x39,0x00,0x15,
   0x01,0x07,0x00,0x24,0x01,0x02,0x00,0x02,0x01,0x01,0x00,0x02,0x01,0x3A,0x00,0x15,
   0x01,0x06,0x00,0x24,0x01,0x02,0x00,0x02,0x01,0x02,0x00,0x02,0x01,0x3A,0x00,0x14,
   0x01,0x06,0x00,0x24,0x01,0x03,0x00,0x01,0x01,0x02,0x00,0x02,0x01,0x3B,0x00,0x14,
   0x01,0x05,0x00,0x24,0x01,0x03,0x00,0x01,0x01,0x03,0x00,0x01,0x01,0x3C,0x00,0x14,
   0x01,0x03,0x00,0x24,0x01,0x01,0x00,0x01,0x01,0x03,0x00,0x01,0x01,0x40,0x00,0x14,
   0x01,0x01,0x00,0x25,0x01,0x01,0x00,0x01,0x01,0x03,0x00,0x01,0x01,0x42,0x00,0x33,
   0x01,0x01,0x00,0x04,0x01,0x47,0x00,0x34,0x01,0x01,0x00,0x04,0x01,0x47,0x00,0x34,
   0x01,0x03,0x00,0x02,0x01,0x46,0x00,0x35,0x01,0x03,0x00,0x03,0x01,0x45,0x00,0x36,
   0x01,0x03,0x00,0x02,0x01,0x45,0x00,0x36,0x01,0x03,0x00,0x02,0x01,0x44,0x00,0x37,
   0x01,0x04,0x00,0x01,0x01,0x44,0x00,0x37,0x01,0x04,0x00,0x01,0x01,0x44,0x00,0x38,
   0x01,0x48,0x00,0x38,0x01,0x48,0x00,0x38,0x01,0x48,0x00,0x39,0x01,0x47,0x00,0x39,
   0x01,0x47,0x00,0x39,0x01,0x47,0x00,0x39,0x01,0x46,0x00,0x3A,0x01,0x46,0x00,0x3B,
   0x01,0x45,0x00,0x3B,0x01,0x45,0x00,0x3B,0x01,0x45,0x00,0x3B,0x01,0x09,0x00,0x03,
   0x01,0x39,0x00,0x3B,0x01,0x07,0x00,0x04,0x01,0x3A,0x00,0x12,0x01,0x01,0x00,0x28,
   0x01,0x05,0x00,0x06,0x01,0x3A,0x00,0x12,0x01,0x01,0x00,0x29,0x01,0x03,0x00,0x07,
   0x01,0x39,0x00,0x12,0x01,0x02,0x00,0x32,0x01,0x3A,0x00,0x12,0x01,0x02,0x00,0x30,
   0x01,0x09},
  // Frame 49/234 (Size: 630 bytes)
  {0x01,0x50,0x00,0x11,0x01,0x6F,0x00,0x12,0x01,0x6F,0x00,0x12,0x01,0x6E,0x00,0x12,
   0x01,0x6F,0x00,0x17,0x01,0x69,0x00,0x19,0x01,0x63,0x00,0x1E,0x01,0x5F,0x00,0x22,
   0x01,0x5C,0x00,0x25,0x01,0x59,0x00,0x27,0x01,0x58,0x00,0x29,0x01,0x56,0x00,0x2A,
   0x01,0x54,0x00,0x2D,0x01,0x53,0x00,0x2D,0x01,0x52,0x00,0x2E,0x01,0x51,0x00,0x2F,
   0x01,0x50,0x00,0x31,0x01,0x4F,0x00,0x31,0x01,0x4E,0x00,0x32,0x01,0x4E,0x00,0x33,
   0x01,0x4C,0x00,0x34,0x01,0x4C,0x00,0x35,0x01,0x4B,0x00,0x35,0x01,0x4A,0x00,0x36,
   0x01,0x4A,0x00,0x37,0x01,0x48,0x00,0x38,0x01,0x49,0x00,0x37,0x01,0x49,0x00,0x37,
   0x01,0x49,0x00,0x38,0x01,0x48,0x00,0x38,0x01,0x48,0x00,0x38,0x01,0x49,0x00,0x37,
   0x01,0x4A,0x00,0x37,0x01,0x49,0x00,0x37,0x01,0x4A,0x00,0x36,0x01,0x4B,0x00,0x35,
   0x01,0x4C,0x00,0x34,0x01,0x4E,0x00,0x32,0x01,0x4E,0x00,0x32,0x01,0x4E,0x00,0x33,
   0x01,0x4C,0x00,0x34,0x01,0x4B,0x00,0x35,0x01,0x4B,0x00,0x35,0x01,0x4C,0x00,0x34,
   0x01,0x4E,0x00,0x32,0x01,0x4E,0x00,0x32,0x01,0x41,0x00,0x01,0x01,0x0C,0x00,0x32,
   0x01,0x41,0x00,0x01,0x01,0x01,0x00,0x06,0x01,0x06,0x00,0x31,0x01,0x40,0x00,0x0B,
   0x01,0x06,0x00,0x2F,0x01,0x3E,0x00,0x0E,0x01,0x05,0x00,0x2F,0x01,0x3C,0x00,0x10,
   0x01,0x05,0x00,0x2F,0x01,0x3B,0x00,0x12,0x01,0x05,0x00,0x2E,0x01,0x3A,0x00,0x13,
   0x01,0x05,0x00,0x2E,0x01,0x39,0x00,0x14,0x01,0x06,0x00,0x2D,0x01,0x39,0x00,0x14,
   0x01,0x07,0x00,0x2D,0x01,0x38,0x00,0x14,0x01,0x07,0x00,0x2D,0x01,0x38,0x00,0x14,
   0x01,0x06,0x00,0x2E,0x01,0x38,0x00,0x14,0x01,0x07,0x00,0x2D,0x01,0x38,0x00,0x14,
   0x01,0x07,0x00,0x2D,0x01,0x38,0x00,0x14,0x01,0x07,0x00,0x2D,0x01,0x38,0x00,0x14,
   0x01,0x08,0x00,0x2C,0x01,0x39,0x00,0x14,0x01,0x07,0x00,0x24,0x01,0x01,0x00,0x07,
   0x01,0x39,0x00,0x14,0x01,0x07,0x00,0x24,0x01,0x01,0x00,0x07,0x01,0x39,0x00,0x15,
   0x01,0x06,0x00,0x24,0x01,0x02,0x00,0x06,0x01,0x39,0x00,0x16,0x01,0x05,0x00,0x24,
   0x01,0x02,0x00,0x02,0x01,0x01,0x00,0x03,0x01,0x3A,0x00,0x15,0x01,0x05,0x00,0x24,
   0x01,0x02,0x00,0x02,0x01,0x02,0x00,0x02,0x01,0x3B,0x00,0x14,0x01,0x05,0x00,0x25,
   0x01,0x02,0x00,0x02,0x01,0x01,0x00,0x02,0x01,0x3C,0x00,0x14,0x01,0x05,0x00,0x24,
   0x01,0x02,0x00,0x02,0x01,0x02,0x00,0x02,0x01,0x3C,0x00,0x14,0x01,0x03,0x00,0x25,
   0x01,0x03,0x00,0x01,0x01,0x03,0x00,0x01,0x01,0x3D,0x00,0x14,0x01,0x02,0x00,0x25,
   0x01,0x03,0x00,0x02,0x01,0x42,0x00,0x38,0x01,0x01,0x00,0x01,0x01,0x03,0x00,0x01,
   0x01,0x42,0x00,0x33,0x01,0x01,0x00,0x04,0x01,0x05,0x00,0x01,0x01,0x42,0x00,0x33,
   0x01,0x01,0x00,0x04,0x01,0x47,0x00,0x34,0x01,0x01,0x00,0x04,0x01,0x47,0x00,0x34,
   0x01,0x03,0x00,0x02,0x01,0x46,0x00,0x35,0x01,0x04,0x00,0x02,0x01,0x45,0x00,0x36,
   0x01,0x03,0x00,0x02,0x01,0x45,0x00,0x36,0x01,0x03,0x00,0x02,0x01,0x45,0x00,0x36,
   0x01,0x04,0x00,0x01,0x01,0x45,0x00,0x37,0x01,0x03,0x00,0x01,0x01,0x44,0x00,0x38,
   0x01,0x48,0x00,0x38,0x01,0x48,0x00,0x38,0x01,0x48,0x00,0x39,0x01,0x47,0x00,0x39,
   0x01,0x46,0x00,0x3A,0x01,0x46,0x00,0x3A,0x01,0x46,0x00,0x3A,0x01,0x46,0x00,0x3B,
   0x01,0x45,0x00,0x3B,0x01,0x45,0x00,0x12,0x01,0x01,0x00,0x28,0x01,0x08,0x00,0x04,
   0x01,0x39,0x00,0x12,0x01,0x01,0x00,0x28,0x01,0x07,0x00,0x04,0x01,0x3A,0x00,0x11,
   0x01,0x02,0x00,0x28,0x01,0x05,0x00,0x05,0x01,0x3B,0x00,0x11,0x01,0x02,0x00,0x29,
   0x01,0x02,0x00,0x08,0x01,0x3A,0x00,0x10,0x01,0x03,0x00,0x31,0x01,0x3C,0x00,0x10,
   0x01,0x03,0x00,0x2F,0x01,0x0A},
  // Frame 50/234 (Size: 634 bytes)
  {0x01,0x50,0x00,0x11,0x01,0x6F,0x00,0x12,0x01,0x6F,0x00,0x11,0x01,0x6F,0x00,0x12,
   0x01,0x6F,0x00,0x16,0x01,0x6A,0x00,0x18,0x01,0x64,0x00,0x1D,0x01,0x60,0x00,0x21,
   0x01,0x5D,0x00,0x24,0x01,0x5A,0x00,0x27,0x01,0x58,0x00,0x28,0x01,0x56,0x00,0x2B,
   0x01,0x54,0x00,0x2C,0x01,0x53,0x00,0x2E,0x01,0x52,0x00,0x2E,0x01,0x51,0x00,0x2F,
   0x01,0x50,0x00,0x30,0x01,0x4F,0x00,0x32,0x01,0x4E,0x00,0x32,0x01,0x4E,0x00,0x33,
   0x01,0x4C,0x00,0x34,0x01,0x4C,0x00,0x34,0x01,0x4B,0x00,0x36,0x01,0x4A,0x00,0x36,
   0x01,0x49,0x00,0x37,0x01,0x49,0x00,0x38,0x01,0x49,0x00,0x37,0x01,0x49,0x00,0x37,
   0x01,0x49,0x00,0x37,0x01,0x49,0x00,0x38,0x01,0x48,0x00,0x38,0x01,0x49,0x00,0x37,
   0x01,0x49,0x00,0x37,0x01,0x4A,0x00,0x36,0x01,0x4B,0x00,0x36,0x01,0x4B,0x00,0x35,
   0x01,0x4C,0x00,0x34,0x01,0x4E,0x00,0x32,0x01,0x4E,0x00,0x32,0x01,0x4E,0x00,0x32,
   0x01,0x4D,0x00,0x33,0x01,0x4C,0x00,0x35,0x01,0x4B,0x00,0x35,0x01,0x4C,0x00,0x34,
   0x01,0x4D,0x00,0x33,0x01,0x4D,0x00,0x33,0x01,0x41,0x00,0x01,0x01,0x0B,0x00,0x33,
   0x01,0x41,0x00,0x08,0x01,0x06,0x00,0x31,0x01,0x40,0x00,0x0B,0x01,0x05,0x00,0x30,
   0x01,0x3D,0x00,0x0E,0x01,0x05,0x00,0x30,0x01,0x3C,0x00,0x10,0x01,0x04,0x00,0x30,
   0x01,0x3A,0x00,0x12,0x01,0x05,0x00,0x2F,0x01,0x3A,0x00,0x13,0x01,0x05,0x00,0x2E,
   0x01,0x39,0x00,0x14,0x01,0x06,0x00,0x2D,0x01,0x39,0x00,0x14,0x01,0x06,0x00,0x2D,
   0x01,0x39,0x00,0x14,0x01,0x06,0x00,0x2D,0x01,0x38,0x00,0x15,0x01,0x06,0x00,0x2D,
   0x01,0x38,0x00,0x15,0x01,0x06,0x00,0x2D,0x01,0x39,0x00,0x14,0x01,0x07,0x00,0x2D,
   0x01,0x38,0x00,0x14,0x01,0x07,0x00,0x2D,0x01,0x38,0x00,0x14,0x01,0x08,0x00,0x2C,
   0x01,0x38,0x00,0x15,0x01,0x07,0x00,0x24,0x01,0x01,0x00,0x07,0x01,0x39,0x00,0x14,
   0x01,0x07,0x00,0x24,0x01,0x01,0x00,0x07,0x01,0x39,0x00,0x15,0x01,0x06,0x00,0x24,
   0x01,0x01,0x00,0x07,0x01,0x39,0x00,0x15,0x01,0x06,0x00,0x24,0x01,0x02,0x00,0x02,
   0x01,0x01,0x00,0x03,0x01,0x3A,0x00,0x15,0x01,0x05,0x00,0x24,0x01,0x02,0x00,0x02,
   0x01,0x02,0x00,0x02,0x01,0x3B,0x00,0x14,0x01,0x05,0x00,0x24,0x01,0x02,0x00,0x03,
   0x01,0x01,0x00,0x02,0x01,0x3C,0x00,0x14,0x01,0x05,0x00,0x24,0x01,0x02,0x00,0x02,
   0x01,0x02,0x00,0x01,0x01,0x3C,0x00,0x15,0x01,0x03,0x00,0x25,0x01,0x02,0x00,0x02,
   0x01,0x02,0x00,0x02,0x01,0x3D,0x00,0x14,0x01,0x01,0x00,0x26,0x01,0x03,0x00,0x01,
   0x01,0x03,0x00,0x01,0x01,0x3F,0x00,0x38,0x01,0x05,0x00,0x01,0x01,0x42,0x00,0x33,
   0x01,0x01,0x00,0x04,0x01,0x01,0x00,0x01,0x01,0x03,0x00,0x01,0x01,0x41,0x00,0x34,
   0x01,0x01,0x00,0x04,0x01,0x47,0x00,0x34,0x01,0x01,0x00,0x04,0x01,0x46,0x00,0x35,
   0x01,0x03,0x00,0x02,0x01,0x46,0x00,0x35,0x01,0x03,0x00,0x02,0x01,0x46,0x00,0x36,
   0x01,0x03,0x00,0x02,0x01,0x45,0x00,0x36,0x01,0x03,0x00,0x02,0x01,0x44,0x00,0x37,
   0x01,0x04,0x00,0x01,0x01,0x44,0x00,0x37,0x01,0x04,0x00,0x01,0x01,0x44,0x00,0x38,
   0x01,0x48,0x00,0x38,0x01,0x48,0x00,0x38,0x01,0x47,0x00,0x3A,0x01,0x46,0x00,0x3A,
   0x01,0x46,0x00,0x3A,0x01,0x45,0x00,0x3B,0x01,0x45,0x00,0x3B,0x01,0x45,0x00,0x3C,
   0x01,0x44,0x00,0x13,0x01,0x01,0x00,0x28,0x01,0x44,0x00,0x12,0x01,0x02,0x00,0x28,
   0x01,0x08,0x00,0x04,0x01,0x38,0x00,0x12,0x01,0x02,0x00,0x28,0x01,0x06,0x00,0x05,
   0x01,0x39,0x00,0x11,0x01,0x03,0x00,0x28,0x01,0x05,0x00,0x05,0x01,0x3A,0x00,0x11,
   0x01,0x03,0x00,0x29,0x01,0x02,0x00,0x08,0x01,0x39,0x00,0x10,0x01,0x04,0x00,0x31,
   0x01,0x3B,0x00,0x10,0x01,0x04,0x00,0x2F,0x01,0x0A},
  // Frame 51/234 (Size: 634 bytes)
  {0x01,0x4F,0x00,0x11,0x01,0x6F,0x00,0x12,0x01,0x6F,0x00,0x11,0x01,0x6F,0x00,0x12,
   0x01,0x6F,0x00,0x17,0x01,0x69,0x00,0x19,0x01,0x64,0x00,0x1D,0x01,0x60,0x00,0x21,
   0x01,0x5D,0x00,0x23,0x01,0x5B,0x00,0x26,0x01,0x58,0x00,0x29,0x01,0x56,0x00,0x2A,
   0x01,0x55,0x00,0x2C,0x01,0x53,0x00,0x2D,0x01,0x52,0x00,0x2E,0x01,0x51,0x00,0x30,
   0x01,0x50,0x00,0x30,0x01,0x4F,0x00,0x31,0x01,0x4E,0x00,0x33,0x01,0x4D,0x00,0x33,
   0x01,0x4D,0x00,0x33,0x01,0x4C,0x00,0x35,0x01,0x4B,0x00,0x35,0x01,0x4B,0x00,0x35,
   0x01,0x4A,0x00,0x37,0x01,0x49,0x00,0x37,0x01,0x48,0x00,0x01,0x01,0x01,0x00,0x36,
   0x01,0x49,0x00,0x38,0x01,0x48,0x00,0x38,0x01,0x48,0x00,0x38,0x01,0x48,0x00,0x38,
   0x01,0x48,0x00,0x39,0x01,0x48,0x00,0x38,0x01,0x49,0x00,0x37,0x01,0x4A,0x00,0x36,
   0x01,0x4B,0x00,0x35,0x01,0x4C,0x00,0x34,0x01,0x4D,0x00,0x34,0x01,0x4E,0x00,0x32,
   0x01,0x4E,0x00,0x32,0x01,0x4D,0x00,0x33,0x01,0x4C,0x00,0x34,0x01,0x4B,0x00,0x35,
   0x01,0x4C,0x00,0x34,0x01,0x4D,0x00,0x33,0x01,0x4E,0x00,0x32,0x01,0x41,0x00,0x01,
   0x01,0x0C,0x00,0x33,0x01,0x40,0x00,0x01,0x01,0x0C,0x00,0x33,0x01,0x40,0x00,0x09,
   0x01,0x07,0x00,0x30,0x01,0x3E,0x00,0x0C,0x01,0x06,0x00,0x30,0x01,0x3B,0x00,0x10,
   0x01,0x05,0x00,0x30,0x01,0x3A,0x00,0x12,0x01,0x05,0x00,0x2F,0x01,0x39,0x00,0x13,
   0x01,0x06,0x00,0x2E,0x01,0x39,0x00,0x13,0x01,0x06,0x00,0x2E,0x01,0x38,0x00,0x14,
   0x01,0x07,0x00,0x2D,0x01,0x38,0x00,0x14,0x01,0x07,0x00,0x2D,0x01,0x38,0x00,0x14,
   0x01,0x07,0x00,0x2D,0x01,0x38,0x00,0x14,0x01,0x07,0x00,0x2D,0x01,0x38,0x00,0x14,
   0x01,0x08,0x00,0x2C,0x01,0x38,0x00,0x14,0x01,0x08,0x00,0x2C,0x01,0x38,0x00,0x14,
   0x01,0x08,0x00,0x2C,0x01,0x39,0x00,0x14,0x01,0x07,0x00,0x2C,0x01,0x39,0x00,0x14,
   0x01,0x07,0x00,0x25,0x01,0x01,0x00,0x06,0x01,0x39,0x00,0x15,0x01,0x07,0x00,0x24,
   0x01,0x01,0x00,0x07,0x01,0x38,0x00,0x16,0x01,0x06,0x00,0x24,0x01,0x02,0x00,0x02,
   0x01,0x01,0x00,0x03,0x01,0x39,0x00,0x15,0x01,0x06,0x00,0x24,0x01,0x02,0x00,0x02,
   0x01,0x01,0x00,0x03,0x01,0x3A,0x00,0x14,0x01,0x06,0x00,0x24,0x01,0x02,0x00,0x02,
   0x01,0x02,0x00,0x02,0x01,0x3A,0x00,0x15,0x01,0x05,0x00,0x24,0x01,0x03,0x00,0x02,
   0x01,0x02,0x00,0x01,0x01,0x3B,0x00,0x15,0x01,0x04,0x00,0x25,0x01,0x02,0x00,0x02,
   0x01,0x02,0x00,0x01,0x01,0x3C,0x00,0x15,0x01,0x02,0x00,0x26,0x01,0x03,0x00,0x01,
   0x01,0x41,0x00,0x39,0x01,0x01,0x00,0x01,0x01,0x03,0x00,0x01,0x01,0x42,0x00,0x33,
   0x01,0x01,0x00,0x05,0x01,0x05,0x00,0x01,0x01,0x41,0x00,0x34,0x01,0x01,0x00,0x04,
   0x01,0x46,0x00,0x35,0x01,0x01,0x00,0x04,0x01,0x46,0x00,0x35,0x01,0x03,0x00,0x02,
   0x01,0x45,0x00,0x36,0x01,0x03,0x00,0x02,0x01,0x45,0x00,0x37,0x01,0x03,0x00,0x01,
   0x01,0x45,0x00,0x37,0x01,0x03,0x00,0x01,0x01,0x45,0x00,0x37,0x01,0x03,0x00,0x02,
   0x01,0x43,0x00,0x39,0x01,0x03,0x00,0x01,0x01,0x43,0x00,0x39,0x01,0x47,0x00,0x39,
   0x01,0x47,0x00,0x39,0x01,0x47,0x00,0x3A,0x01,0x46,0x00,0x3A,0x01,0x45,0x00,0x3B,
   0x01,0x45,0x00,0x3B,0x01,0x45,0x00,0x3B,0x01,0x45,0x00,0x13,0x01,0x01,0x00,0x28,
   0x01,0x44,0x00,0x13,0x01,0x01,0x00,0x28,0x01,0x44,0x00,0x12,0x01,0x02,0x00,0x28,
   0x01,0x08,0x00,0x04,0x01,0x38,0x00,0x11,0x01,0x03,0x00,0x28,0x01,0x07,0x00,0x04,
   0x01,0x39,0x00,0x11,0x01,0x03,0x00,0x28,0x01,0x05,0x00,0x06,0x01,0x39,0x00,0x10,
   0x01,0x04,0x00,0x29,0x01,0x03,0x00,0x07,0x01,0x39,0x00,0x10,0x01,0x04,0x00,0x32,
   0x01,0x3A,0x00,0x0F,0x01,0x05,0x00,0x2F,0x01,0x0A},
  // Frame 52/234 (Size: 622 bytes)
  {0x01,0x4C,0x00,0x12,0x01,0x6F,0x00,0x12,0x01,0x6E,0x00,0x13,0x01,0x6D,0x00,0x18,
   0x01,0x69,0x00,0x19,0x01,0x68,0x00,0x1A,0x01,0x65,0x00,0x1C,0x01,0x60,0x00,0x21,
   0x01,0x5D,0x00,0x23,0x01,0x5B,0x00,0x26,0x01,0x59,0x00,0x28,0x01,0x56,0x00,0x2A,
   0x01,0x55,0x00,0x2B,0x01,0x54,0x00,0x2D,0x01,0x52,0x00,0x2E,0x01,0x51,0x00,0x2F,
   0x01,0x51,0x00,0x30,0x01,0x4F,0x00,0x31,0x01,0x4E,0x00,0x33,0x01,0x4D,0x00,0x33,
   0x01,0x4D,0x00,0x33,0x01,0x4C,0x00,0x35,0x01,0x4B,0x00,0x35,0x01,0x4B,0x00,0x36,
   0x01,0x49,0x00,0x37,0x01,0x49,0x00,0x37,0x01,0x49,0x00,0x38,0x01,0x47,0x00,0x39,
   0x01,0x46,0x00,0x01,0x01,0x01,0x00,0x38,0x01,0x48,0x00,0x38,0x01,0x48,0x00,0x39,
   0x01,0x47,0x00,0x39,0x01,0x47,0x00,0x39,0x01,0x48,0x00,0x38,0x01,0x49,0x00,0x37,
   0x01,0x49,0x00,0x38,0x01,0x49,0x00,0x37,0x01,0x4B,0x00,0x35,0x01,0x4C,0x00,0x34,
   0x01,0x4E,0x00,0x32,0x01,0x4E,0x00,0x32,0x01,0x4E,0x00,0x33,0x01,0x4C,0x00,0x34,
   0x01,0x4B,0x00,0x35,0x01,0x4B,0x00,0x35,0x01,0x4D,0x00,0x33,0x01,0x4E,0x00,0x32,
   0x01,0x4E,0x00,0x32,0x01,0x3F,0x00,0x01,0x01,0x0E,0x00,0x32,0x01,0x40,0x00,0x01,
   0x01,0x02,0x00,0x04,0x01,0x09,0x00,0x30,0x01,0x3F,0x00,0x0A,0x01,0x07,0x00,0x30,
   0x01,0x3C,0x00,0x0E,0x01,0x07,0x00,0x2F,0x01,0x3A,0x00,0x11,0x01,0x07,0x00,0x2E,
   0x01,0x39,0x00,0x12,0x01,0x08,0x00,0x2D,0x01,0x38,0x00,0x13,0x01,0x08,0x00,0x2D,
   0x01,0x38,0x00,0x14,0x01,0x07,0x00,0x2D,0x01,0x38,0x00,0x14,0x01,0x07,0x00,0x08,
   0x01,0x01,0x00,0x25,0x01,0x37,0x00,0x14,0x01,0x07,0x00,0x2E,0x01,0x36,0x00,0x15,
   0x01,0x07,0x00,0x2E,0x01,0x36,0x00,0x15,0x01,0x08,0x00,0x2D,0x01,0x36,0x00,0x15,
   0x01,0x08,0x00,0x2D,0x01,0x37,0x00,0x14,0x01,0x09,0x00,0x24,0x01,0x01,0x00,0x07,
   0x01,0x37,0x00,0x14,0x01,0x09,0x00,0x24,0x01,0x02,0x00,0x06,0x01,0x37,0x00,0x15,
   0x01,0x08,0x00,0x24,0x01,0x02,0x00,0x02,0x01,0x01,0x00,0x03,0x01,0x37,0x00,0x15,
   0x01,0x08,0x00,0x24,0x01,0x02,0x00,0x02,0x01,0x02,0x00,0x02,0x01,0x38,0x00,0x15,
   0x01,0x07,0x00,0x25,0x01,0x02,0x00,0x02,0x01,0x01,0x00,0x02,0x01,0x38,0x00,0x15,
   0x01,0x08,0x00,0x24,0x01,0x02,0x00,0x02,0x01,0x02,0x00,0x02,0x01,0x38,0x00,0x15,
   0x01,0x07,0x00,0x24,0x01,0x03,0x00,0x01,0x01,0x03,0x00,0x01,0x01,0x38,0x00,0x16,
   0x01,0x06,0x00,0x24,0x01,0x03,0x00,0x02,0x01,0x3C,0x00,0x16,0x01,0x04,0x00,0x24,
   0x01,0x05,0x00,0x01,0x01,0x3D,0x00,0x16,0x01,0x02,0x00,0x25,0x01,0x05,0x00,0x01,
   0x01,0x3E,0x00,0x15,0x01,0x01,0x00,0x26,0x01,0x46,0x00,0x3B,0x01,0x46,0x00,0x36,
   0x01,0x01,0x00,0x03,0x01,0x45,0x00,0x37,0x01,0x02,0x00,0x02,0x01,0x45,0x00,0x37,
   0x01,0x02,0x00,0x02,0x01,0x44,0x00,0x38,0x01,0x03,0x00,0x01,0x01,0x44,0x00,0x39,
   0x01,0x02,0x00,0x01,0x01,0x44,0x00,0x39,0x01,0x46,0x00,0x3A,0x01,0x46,0x00,0x3A,
   0x01,0x46,0x00,0x3A,0x01,0x46,0x00,0x3B,0x01,0x45,0x00,0x3B,0x01,0x45,0x00,0x3B,
   0x01,0x45,0x00,0x3B,0x01,0x45,0x00,0x3B,0x01,0x45,0x00,0x3C,0x01,0x44,0x00,0x13,
   0x01,0x01,0x00,0x28,0x01,0x44,0x00,0x13,0x01,0x01,0x00,0x28,0x01,0x43,0x00,0x13,
   0x01,0x02,0x00,0x29,0x01,0x08,0x00,0x04,0x01,0x36,0x00,0x12,0x01,0x03,0x00,0x29,
   0x01,0x07,0x00,0x04,0x01,0x37,0x00,0x12,0x01,0x03,0x00,0x29,0x01,0x06,0x00,0x05,
   0x01,0x37,0x00,0x11,0x01,0x04,0x00,0x2A,0x01,0x03,0x00,0x07,0x01,0x37,0x00,0x11,
   0x01,0x04,0x00,0x33,0x01,0x37,0x00,0x11,0x01,0x05,0x00,0x31,0x01,0x08},
  // Frame 53/234 (Size: 614 bytes)
  {0x01,0x47,0x00,0x12,0x01,0x6E,0x00,0x13,0x01,0x6D,0x00,0x14,0x01,0x6D,0x00,0x1B,
   0x01,0x65,0x00,0x1D,0x01,0x64,0x00,0x1D,0x01,0x64,0x00,0x1D,0x01,0x62,0x00,0x1E,
   0x01,0x60,0x00,0x21,0x01,0x5C,0x00,0x25,0x01,0x5A,0x00,0x26,0x01,0x58,0x00,0x29,
   0x01,0x56,0x00,0x2A,0x01,0x55,0x00,0x2C,0x01,0x53,0x00,0x2D,0x01,0x52,0x00,0x2E,
   0x01,0x51,0x00,0x30,0x01,0x50,0x00,0x30,0x01,0x4F,0x00,0x32,0x01,0x4E,0x00,0x32,
   0x01,0x4D,0x00,0x34,0x01,0x4C,0x00,0x34,0x01,0x4B,0x00,0x36,0x01,0x4A,0x00,0x36,
   0x01,0x4A,0x00,0x36,0x01,0x4A,0x00,0x37,0x01,0x49,0x00,0x37,0x01,0x48,0x00,0x38,
   0x01,0x48,0x00,0x39,0x01,0x46,0x00,0x3A,0x01,0x48,0x00,0x38,0x01,0x47,0x00,0x39,
   0x01,0x48,0x00,0x39,0x01,0x47,0x00,0x39,0x01,0x47,0x00,0x39,0x01,0x47,0x00,0x39,
   0x01,0x48,0x00,0x38,0x01,0x49,0x00,0x38,0x01,0x49,0x00,0x37,0x01,0x4B,0x00,0x35,
   0x01,0x4C,0x00,0x34,0x01,0x4E,0x00,0x32,0x01,0x4E,0x00,0x32,0x01,0x4E,0x00,0x32,
   0x01,0x4D,0x00,0x34,0x01,0x4B,0x00,0x35,0x01,0x4C,0x00,0x34,0x01,0x4E,0x00,0x32,
   0x01,0x4E,0x00,0x32,0x01,0x3F,0x00,0x01,0x01,0x0F,0x00,0x31,0x01,0x50,0x00,0x30,
   0x01,0x3F,0x00,0x0A,0x01,0x08,0x00,0x2F,0x01,0x3C,0x00,0x0E,0x01,0x08,0x00,0x2E,
   0x01,0x3B,0x00,0x0F,0x01,0x09,0x00,0x2D,0x01,0x39,0x00,0x12,0x01,0x08,0x00,0x2E,
   0x01,0x37,0x00,0x13,0x01,0x09,0x00,0x2D,0x01,0x37,0x00,0x13,0x01,0x09,0x00,0x08,
   0x01,0x01,0x00,0x24,0x01,0x37,0x00,0x14,0x01,0x08,0x00,0x08,0x01,0x01,0x00,0x24,
   0x01,0x37,0x00,0x14,0x01,0x08,0x00,0x2D,0x01,0x36,0x00,0x15,0x01,0x08,0x00,0x25,
   0x01,0x01,0x00,0x07,0x01,0x36,0x00,0x15,0x01,0x09,0x00,0x24,0x01,0x01,0x00,0x07,
   0x01,0x36,0x00,0x15,0x01,0x09,0x00,0x24,0x01,0x02,0x00,0x06,0x01,0x36,0x00,0x15,
   0x01,0x09,0x00,0x25,0x01,0x01,0x00,0x06,0x01,0x37,0x00,0x14,0x01,0x09,0x00,0x25,
   0x01,0x01,0x00,0x03,0x01,0x01,0x00,0x03,0x01,0x36,0x00,0x15,0x01,0x08,0x00,0x25,
   0x01,0x02,0x00,0x02,0x01,0x02,0x00,0x02,0x01,0x36,0x00,0x15,0x01,0x09,0x00,0x24,
   0x01,0x02,0x00,0x02,0x01,0x02,0x00,0x02,0x01,0x36,0x00,0x16,0x01,0x08,0x00,0x25,
   0x01,0x02,0x00,0x02,0x01,0x02,0x00,0x01,0x01,0x37,0x00,0x15,0x01,0x08,0x00,0x25,
   0x01,0x02,0x00,0x02,0x01,0x3A,0x00,0x16,0x01,0x07,0x00,0x23,0x01,0x01,0x00,0x01,
   0x01,0x03,0x00,0x01,0x01,0x3B,0x00,0x16,0x01,0x07,0x00,0x22,0x01,0x06,0x00,0x01,
   0x01,0x3B,0x00,0x16,0x01,0x05,0x00,0x24,0x01,0x42,0x00,0x16,0x01,0x03,0x00,0x25,
   0x01,0x43,0x00,0x15,0x01,0x01,0x00,0x27,0x01,0x45,0x00,0x37,0x01,0x02,0x00,0x02,
   0x01,0x46,0x00,0x36,0x01,0x02,0x00,0x02,0x01,0x45,0x00,0x37,0x01,0x03,0x00,0x02,
   0x01,0x44,0x00,0x38,0x01,0x02,0x00,0x02,0x01,0x43,0x00,0x39,0x01,0x03,0x00,0x01,
   0x01,0x43,0x00,0x39,0x01,0x47,0x00,0x3A,0x01,0x45,0x00,0x3B,0x01,0x45,0x00,0x3B,
   0x01,0x45,0x00,0x3B,0x01,0x45,0x00,0x3C,0x01,0x44,0x00,0x3C,0x01,0x44,0x00,0x3C,
   0x01,0x44,0x00,0x3C,0x01,0x44,0x00,0x3D,0x01,0x43,0x00,0x3D,0x01,0x43,0x00,0x3D,
   0x01,0x43,0x00,0x14,0x01,0x01,0x00,0x28,0x01,0x09,0x00,0x04,0x01,0x36,0x00,0x13,
   0x01,0x02,0x00,0x29,0x01,0x07,0x00,0x04,0x01,0x36,0x00,0x14,0x01,0x02,0x00,0x29,
   0x01,0x06,0x00,0x05,0x01,0x36,0x00,0x13,0x01,0x03,0x00,0x2A,0x01,0x03,0x00,0x07,
   0x01,0x36,0x00,0x13,0x01,0x03,0x00,0x2A,0x01,0x01,0x00,0x08,0x01,0x37,0x00,0x12,
   0x01,0x04,0x00,0x31,0x01,0x09},
  // Frame 54/234 (Size: 638 bytes)
  {0x01,0x40,0x00,0x13,0x01,0x6D,0x00,0x14,0x01,0x6D,0x00,0x15,0x01,0x02,0x00,0x08,
   0x01,0x61,0x00,0x20,0x01,0x61,0x00,0x21,0x01,0x5F,0x00,0x22,0x01,0x5F,0x00,0x22,
   0x01,0x5F,0x00,0x21,0x01,0x60,0x00,0x21,0x01,0x5E,0x00,0x23,0x01,0x5B,0x00,0x25,
   0x01,0x59,0x00,0x28,0x01,0x57,0x00,0x29,0x01,0x56,0x00,0x2A,0x01,0x55,0x00,0x2B,
   0x01,0x54,0x00,0x2D,0x01,0x52,0x00,0x2E,0x01,0x51,0x00,0x2F,0x01,0x51,0x00,0x30,
   0x01,0x4F,0x00,0x31,0x01,0x4F,0x00,0x32,0x01,0x4E,0x00,0x32,0x01,0x4D,0x00,0x33,
   0x01,0x4D,0x00,0x34,0x01,0x4B,0x00,0x35,0x01,0x4B,0x00,0x36,0x01,0x4A,0x00,0x36,
   0x01,0x4A,0x00,0x36,0x01,0x4A,0x00,0x36,0x01,0x49,0x00,0x37,0x01,0x49,0x00,0x38,
   0x01,0x48,0x00,0x38,0x01,0x47,0x00,0x01,0x01,0x01,0x00,0x37,0x01,0x49,0x00,0x37,
   0x01,0x49,0x00,0x38,0x01,0x48,0x00,0x38,0x01,0x48,0x00,0x38,0x01,0x4A,0x00,0x36,
   0x01,0x4A,0x00,0x36,0x01,0x4B,0x00,0x35,0x01,0x4E,0x00,0x02,0x01,0x01,0x00,0x2F,
   0x01,0x4F,0x00,0x01,0x01,0x01,0x00,0x2F,0x01,0x52,0x00,0x2E,0x01,0x52,0x00,0x2F,
   0x01,0x50,0x00,0x30,0x01,0x50,0x00,0x30,0x01,0x4F,0x00,0x31,0x01,0x4F,0x00,0x31,
   0x01,0x51,0x00,0x2F,0x01,0x52,0x00,0x2E,0x01,0x52,0x00,0x2E,0x01,0x53,0x00,0x2D,
   0x01,0x40,0x00,0x01,0x01,0x13,0x00,0x2C,0x01,0x40,0x00,0x01,0x01,0x01,0x00,0x06,
   0x01,0x0D,0x00,0x2B,0x01,0x3F,0x00,0x0B,0x01,0x0B,0x00,0x08,0x01,0x02,0x00,0x21,
   0x01,0x3D,0x00,0x0E,0x01,0x0A,0x00,0x07,0x01,0x04,0x00,0x20,0x01,0x3B,0x00,0x10,
   0x01,0x0A,0x00,0x07,0x01,0x04,0x00,0x20,0x01,0x3A,0x00,0x12,0x01,0x09,0x00,0x07,
   0x01,0x05,0x00,0x20,0x01,0x38,0x00,0x13,0x01,0x09,0x00,0x07,0x01,0x04,0x00,0x21,
   0x01,0x38,0x00,0x13,0x01,0x09,0x00,0x07,0x01,0x03,0x00,0x22,0x01,0x38,0x00,0x13,
   0x01,0x09,0x00,0x07,0x01,0x03,0x00,0x22,0x01,0x37,0x00,0x15,0x01,0x08,0x00,0x07,
   0x01,0x02,0x00,0x23,0x01,0x37,0x00,0x15,0x01,0x07,0x00,0x08,0x01,0x02,0x00,0x24,
   0x01,0x36,0x00,0x15,0x01,0x09,0x00,0x05,0x01,0x02,0x00,0x1C,0x01,0x01,0x00,0x02,
   0x01,0x01,0x00,0x02,0x01,0x01,0x00,0x02,0x01,0x36,0x00,0x15,0x01,0x09,0x00,0x05,
   0x01,0x02,0x00,0x1C,0x01,0x01,0x00,0x02,0x01,0x01,0x00,0x02,0x01,0x02,0x00,0x01,
   0x01,0x36,0x00,0x14,0x01,0x0A,0x00,0x05,0x01,0x01,0x00,0x1D,0x01,0x02,0x00,0x02,
   0x01,0x01,0x00,0x02,0x01,0x01,0x00,0x02,0x01,0x36,0x00,0x14,0x01,0x0A,0x00,0x04,
   0x01,0x01,0x00,0x1D,0x01,0x02,0x00,0x02,0x01,0x02,0x00,0x01,0x01,0x39,0x00,0x15,
   0x01,0x09,0x00,0x22,0x01,0x03,0x00,0x01,0x01,0x02,0x00,0x01,0x01,0x39,0x00,0x16,
   0x01,0x08,0x00,0x23,0x01,0x06,0x00,0x01,0x01,0x38,0x00,0x16,0x01,0x08,0x00,0x23,
   0x01,0x40,0x00,0x17,0x01,0x06,0x00,0x23,0x01,0x40,0x00,0x18,0x01,0x05,0x00,0x23,
   0x01,0x41,0x00,0x18,0x01,0x05,0x00,0x23,0x01,0x41,0x00,0x19,0x01,0x03,0x00,0x24,
   0x01,0x41,0x00,0x3B,0x01,0x01,0x00,0x03,0x01,0x42,0x00,0x3A,0x01,0x01,0x00,0x04,
   0x01,0x42,0x00,0x3A,0x01,0x01,0x00,0x04,0x01,0x44,0x00,0x37,0x01,0x03,0x00,0x02,
   0x01,0x44,0x00,0x37,0x01,0x48,0x00,0x39,0x01,0x47,0x00,0x39,0x01,0x46,0x00,0x3A,
   0x01,0x46,0x00,0x3A,0x01,0x46,0x00,0x3A,0x01,0x45,0x00,0x3C,0x01,0x44,0x00,0x3C,
   0x01,0x44,0x00,0x3C,0x01,0x44,0x00,0x3C,0x01,0x44,0x00,0x3D,0x01,0x43,0x00,0x3D,
   0x01,0x43,0x00,0x3D,0x01,0x43,0x00,0x3D,0x01,0x0B,0x00,0x01,0x01,0x37,0x00,0x3D,
   0x01,0x08,0x00,0x04,0x01,0x37,0x00,0x3E,0x01,0x05,0x00,0x05,0x01,0x38,0x00,0x3E,
   0x01,0x03,0x00,0x06,0x01,0x38,0x00,0x3F,0x01,0x01,0x00,0x09,0x01,0x09},
  // Frame 55/234 (Size: 634 bytes)
  {0x01,0x39,0x00,0x14,0x01,0x08,0x00,0x09,0x01,0x5B,0x00,0x19,0x01,0x02,0x00,0x0B,
   0x01,0x5B,0x00,0x26,0x01,0x5A,0x00,0x28,0x01,0x58,0x00,0x29,0x01,0x58,0x00,0x29,
   0x01,0x57,0x00,0x29,0x01,0x58,0x00,0x29,0x01,0x58,0x00,0x28,0x01,0x59,0x00,0x28,
   0x01,0x59,0x00,0x27,0x01,0x59,0x00,0x28,0x01,0x57,0x00,0x29,0x01,0x56,0x00,0x2A,
   0x01,0x55,0x00,0x2C,0x01,0x53,0x00,0x2E,0x01,0x51,0x00,0x2F,0x01,0x51,0x00,0x30,
   0x01,0x4F,0x00,0x31,0x01,0x4F,0x00,0x32,0x01,0x4D,0x00,0x33,0x01,0x4D,0x00,0x34,
   0x01,0x4B,0x00,0x35,0x01,0x4B,0x00,0x35,0x01,0x4B,0x00,0x36,0x01,0x4A,0x00,0x36,
   0x01,0x4A,0x00,0x36,0x01,0x49,0x00,0x37,0x01,0x49,0x00,0x38,0x01,0x48,0x00,0x38,
   0x01,0x48,0x00,0x38,0x01,0x48,0x00,0x38,0x01,0x48,0x00,0x38,0x01,0x48,0x00,0x38,
   0x01,0x47,0x00,0x39,0x01,0x49,0x00,0x37,0x01,0x49,0x00,0x38,0x01,0x48,0x00,0x38,
   0x01,0x4A,0x00,0x36,0x01,0x4A,0x00,0x36,0x01,0x4B,0x00,0x35,0x01,0x4E,0x00,0x32,
   0x01,0x4F,0x00,0x31,0x01,0x53,0x00,0x2D,0x01,0x53,0x00,0x2D,0x01,0x53,0x00,0x2D,
   0x01,0x52,0x00,0x2E,0x01,0x52,0x00,0x2E,0x01,0x52,0x00,0x2E,0x01,0x54,0x00,0x2C,
   0x01,0x55,0x00,0x2B,0x01,0x55,0x00,0x2B,0x01,0x55,0x00,0x2B,0x01,0x55,0x00,0x2A,
   0x01,0x56,0x00,0x0A,0x01,0x03,0x00,0x1D,0x01,0x56,0x00,0x09,0x01,0x05,0x00,0x1D,
   0x01,0x55,0x00,0x09,0x01,0x05,0x00,0x1D,0x01,0x55,0x00,0x09,0x01,0x06,0x00,0x1B,
   0x01,0x56,0x00,0x09,0x01,0x05,0x00,0x1D,0x01,0x55,0x00,0x09,0x01,0x04,0x00,0x17,
   0x01,0x01,0x00,0x06,0x01,0x54,0x00,0x0A,0x01,0x04,0x00,0x17,0x01,0x01,0x00,0x06,
   0x01,0x3B,0x00,0x01,0x01,0x01,0x00,0x07,0x01,0x10,0x00,0x08,0x01,0x05,0x00,0x18,
   0x01,0x02,0x00,0x06,0x01,0x3A,0x00,0x0B,0x01,0x0E,0x00,0x08,0x01,0x04,0x00,0x19,
   0x01,0x02,0x00,0x01,0x01,0x01,0x00,0x02,0x01,0x01,0x00,0x01,0x01,0x39,0x00,0x0C,
   0x01,0x0E,0x00,0x08,0x01,0x03,0x00,0x1A,0x01,0x05,0x00,0x01,0x01,0x39,0x00,0x0F,
   0x01,0x0E,0x00,0x07,0x01,0x03,0x00,0x1A,0x01,0x03,0x00,0x01,0x01,0x01,0x00,0x02,
   0x01,0x37,0x00,0x10,0x01,0x0F,0x00,0x05,0x01,0x03,0x00,0x1B,0x01,0x06,0x00,0x01,
   0x01,0x36,0x00,0x12,0x01,0x0E,0x00,0x05,0x01,0x03,0x00,0x1C,0x01,0x3B,0x00,0x13,
   0x01,0x0E,0x00,0x05,0x01,0x02,0x00,0x1D,0x01,0x3B,0x00,0x13,0x01,0x0E,0x00,0x05,
   0x01,0x02,0x00,0x1D,0x01,0x3B,0x00,0x14,0x01,0x0D,0x00,0x04,0x01,0x02,0x00,0x1F,
   0x01,0x3A,0x00,0x14,0x01,0x0D,0x00,0x04,0x01,0x01,0x00,0x20,0x01,0x3A,0x00,0x14,
   0x01,0x0D,0x00,0x03,0x01,0x01,0x00,0x22,0x01,0x39,0x00,0x14,0x01,0x0D,0x00,0x03,
   0x01,0x01,0x00,0x22,0x01,0x39,0x00,0x15,0x01,0x0C,0x00,0x02,0x01,0x02,0x00,0x1F,
   0x01,0x01,0x00,0x03,0x01,0x38,0x00,0x16,0x01,0x0B,0x00,0x02,0x01,0x01,0x00,0x20,
   0x01,0x02,0x00,0x02,0x01,0x39,0x00,0x16,0x01,0x0A,0x00,0x23,0x01,0x02,0x00,0x03,
   0x01,0x38,0x00,0x19,0x01,0x07,0x00,0x23,0x01,0x03,0x00,0x03,0x01,0x37,0x00,0x1A,
   0x01,0x06,0x00,0x23,0x01,0x03,0x00,0x04,0x01,0x37,0x00,0x1A,0x01,0x05,0x00,0x23,
   0x01,0x04,0x00,0x03,0x01,0x37,0x00,0x1B,0x01,0x04,0x00,0x23,0x01,0x3F,0x00,0x1B,
   0x01,0x03,0x00,0x23,0x01,0x40,0x00,0x1B,0x01,0x02,0x00,0x23,0x01,0x41,0x00,0x1B,
   0x01,0x01,0x00,0x23,0x01,0x42,0x00,0x3F,0x01,0x42,0x00,0x3E,0x01,0x48,0x00,0x38,
   0x01,0x48,0x00,0x38,0x01,0x48,0x00,0x38,0x01,0x47,0x00,0x39,0x01,0x47,0x00,0x3A,
   0x01,0x46,0x00,0x39,0x01,0x46,0x00,0x3B,0x01,0x45,0x00,0x3B,0x01,0x45,0x00,0x3B,
   0x01,0x45,0x00,0x3B,0x01,0x45,0x00,0x3C,0x01,0x15},
  // Frame 56/234 (Size: 686 bytes)
  {0x01,0x2A,0x00,0x15,0x01,0x04,0x00,0x16,0x01,0x52,0x00,0x16,0x01,0x01,0x00,0x18,
   0x01,0x51,0x00,0x30,0x01,0x4F,0x00,0x32,0x01,0x4F,0x00,0x32,0x01,0x4E,0x00,0x33,
   0x01,0x4E,0x00,0x32,0x01,0x4E,0x00,0x32,0x01,0x4F,0x00,0x32,0x01,0x4F,0x00,0x32,
   0x01,0x4E,0x00,0x33,0x01,0x4F,0x00,0x32,0x01,0x4F,0x00,0x32,0x01,0x4F,0x00,0x31,
   0x01,0x51,0x00,0x30,0x01,0x51,0x00,0x30,0x01,0x4F,0x00,0x31,0x01,0x4F,0x00,0x32,
   0x01,0x4D,0x00,0x33,0x01,0x4C,0x00,0x35,0x01,0x4B,0x00,0x35,0x01,0x4B,0x00,0x36,
   0x01,0x49,0x00,0x37,0x01,0x49,0x00,0x38,0x01,0x48,0x00,0x38,0x01,0x48,0x00,0x38,
   0x01,0x48,0x00,0x39,0x01,0x47,0x00,0x39,0x01,0x47,0x00,0x39,0x01,0x46,0x00,0x3A,
   0x01,0x46,0x00,0x3B,0x01,0x45,0x00,0x3B,0x01,0x45,0x00,0x3B,0x01,0x45,0x00,0x3C,
   0x01,0x45,0x00,0x3B,0x01,0x45,0x00,0x3B,0x01,0x45,0x00,0x3B,0x01,0x45,0x00,0x3C,
   0x01,0x44,0x00,0x3C,0x01,0x45,0x00,0x3B,0x01,0x45,0x00,0x3B,0x01,0x47,0x00,0x3A,
   0x01,0x47,0x00,0x39,0x01,0x48,0x00,0x02,0x01,0x01,0x00,0x35,0x01,0x4D,0x00,0x02,
   0x01,0x01,0x00,0x30,0x01,0x51,0x00,0x2E,0x01,0x01,0x00,0x01,0x01,0x50,0x00,0x2E,
   0x01,0x52,0x00,0x2F,0x01,0x51,0x00,0x2F,0x01,0x50,0x00,0x2E,0x01,0x01,0x00,0x01,
   0x01,0x52,0x00,0x2C,0x01,0x01,0x00,0x02,0x01,0x52,0x00,0x2C,0x01,0x01,0x00,0x01,
   0x01,0x51,0x00,0x2D,0x01,0x53,0x00,0x0E,0x01,0x01,0x00,0x1F,0x01,0x52,0x00,0x0E,
   0x01,0x02,0x00,0x17,0x01,0x01,0x00,0x06,0x01,0x52,0x00,0x0E,0x01,0x02,0x00,0x17,
   0x01,0x01,0x00,0x05,0x01,0x53,0x00,0x07,0x01,0x02,0x00,0x05,0x01,0x03,0x00,0x16,
   0x01,0x02,0x00,0x05,0x01,0x53,0x00,0x06,0x01,0x02,0x00,0x06,0x01,0x03,0x00,0x15,
   0x01,0x02,0x00,0x05,0x01,0x53,0x00,0x06,0x01,0x02,0x00,0x06,0x01,0x03,0x00,0x15,
   0x01,0x03,0x00,0x05,0x01,0x52,0x00,0x07,0x01,0x01,0x00,0x06,0x01,0x02,0x00,0x17,
   0x01,0x02,0x00,0x05,0x01,0x52,0x00,0x07,0x01,0x03,0x00,0x03,0x01,0x02,0x00,0x18,
   0x01,0x03,0x00,0x03,0x01,0x53,0x00,0x07,0x01,0x03,0x00,0x03,0x01,0x01,0x00,0x19,
   0x01,0x05,0x00,0x01,0x01,0x53,0x00,0x07,0x01,0x03,0x00,0x1E,0x01,0x05,0x00,0x01,
   0x01,0x52,0x00,0x07,0x01,0x03,0x00,0x1E,0x01,0x58,0x00,0x08,0x01,0x02,0x00,0x1F,
   0x01,0x57,0x00,0x06,0x01,0x05,0x00,0x1E,0x01,0x59,0x00,0x04,0x01,0x04,0x00,0x1F,
   0x01,0x59,0x00,0x04,0x01,0x04,0x00,0x20,0x01,0x58,0x00,0x04,0x01,0x03,0x00,0x21,
   0x01,0x58,0x00,0x04,0x01,0x03,0x00,0x22,0x01,0x58,0x00,0x03,0x01,0x02,0x00,0x23,
   0x01,0x58,0x00,0x03,0x01,0x02,0x00,0x23,0x01,0x58,0x00,0x03,0x01,0x02,0x00,0x24,
   0x01,0x57,0x00,0x03,0x01,0x01,0x00,0x25,0x01,0x58,0x00,0x02,0x01,0x01,0x00,0x26,
   0x01,0x57,0x00,0x02,0x01,0x01,0x00,0x27,0x01,0x56,0x00,0x02,0x01,0x01,0x00,0x27,
   0x01,0x56,0x00,0x01,0x01,0x01,0x00,0x27,0x01,0x58,0x00,0x29,0x01,0x57,0x00,0x29,
   0x01,0x58,0x00,0x28,0x01,0x2E,0x00,0x02,0x01,0x01,0x00,0x07,0x01,0x1F,0x00,0x2A,
   0x01,0x2D,0x00,0x0B,0x01,0x1E,0x00,0x24,0x01,0x01,0x00,0x05,0x01,0x2B,0x00,0x0D,
   0x01,0x1E,0x00,0x24,0x01,0x01,0x00,0x05,0x01,0x2A,0x00,0x0F,0x01,0x1D,0x00,0x2A,
   0x01,0x29,0x00,0x11,0x01,0x1C,0x00,0x24,0x01,0x01,0x00,0x05,0x01,0x28,0x00,0x12,
   0x01,0x1B,0x00,0x26,0x01,0x01,0x00,0x05,0x01,0x26,0x00,0x13,0x01,0x1B,0x00,0x26,
   0x01,0x01,0x00,0x05,0x01,0x26,0x00,0x13,0x01,0x1B,0x00,0x26,0x01,0x01,0x00,0x05,
   0x01,0x26,0x00,0x14,0x01,0x1A,0x00,0x26,0x01,0x01,0x00,0x06,0x01,0x25,0x00,0x14,
   0x01,0x1A,0x00,0x26,0x01,0x01,0x00,0x06,0x01,0x25,0x00,0x14,0x01,0x1A,0x00,0x26,
   0x01,0x01,0x00,0x06,0x01,0x25,0x00,0x15,0x01,0x19,0x00,0x26,0x01,0x01,0x00,0x06,
   0x01,0x25,0x00,0x16,0x01,0x07,0x00,0x37,0x01,0x02,0x00,0x05,0x01,0x25,0x00,0x54,
   0x01,0x02,0x00,0x06,0x01,0x25,0x00,0x54,0x01,0x01,0x00,0x06,0x01,0x0D},
  // Frame 57/234 (Size: 608 bytes)
  {0x01,0xFF,0x01,0xCE,0x00,0x07,0x01,0x77,0x00,0x0C,0x01,0x73,0x00,0x0F,0x01,0x70,
   0x00,0x11,0x01,0x59,0x00,0x08,0x01,0x08,0x00,0x18,0x01,0x53,0x00,0x10,0x01,0x04,
   0x00,0x1A,0x01,0x51,0x00,0x13,0x01,0x01,0x00,0x1C,0x01,0x4E,0x00,0x33,0x01,0x4C,
   0x00,0x35,0x01,0x4B,0x00,0x35,0x01,0x4B,0x00,0x35,0x01,0x4B,0x00,0x35,0x01,0x4B,
   0x00,0x36,0x01,0x4A,0x00,0x37,0x01,0x4A,0x00,0x37,0x01,0x4A,0x00,0x37,0x01,0x49,
   0x00,0x37,0x01,0x4A,0x00,0x37,0x01,0x4A,0x00,0x36,0x01,0x4C,0x00,0x35,0x01,0x4D,
   0x00,0x33,0x01,0x4E,0x00,0x33,0x01,0x4E,0x00,0x32,0x01,0x4E,0x00,0x33,0x01,0x4C,
   0x00,0x34,0x01,0x4C,0x00,0x35,0x01,0x4A,0x00,0x36,0x01,0x4A,0x00,0x36,0x01,0x4A,
   0x00,0x37,0x01,0x49,0x00,0x37,0x01,0x49,0x00,0x37,0x01,0x49,0x00,0x37,0x01,0x49,
   0x00,0x38,0x01,0x48,0x00,0x38,0x01,0x48,0x00,0x38,0x01,0x48,0x00,0x39,0x01,0x47,
   0x00,0x39,0x01,0x47,0x00,0x39,0x01,0x47,0x00,0x39,0x01,0x47,0x00,0x3A,0x01,0x46,
   0x00,0x3A,0x01,0x46,0x00,0x3A,0x01,0x47,0x00,0x39,0x01,0x47,0x00,0x3A,0x01,0x46,
   0x00,0x3A,0x01,0x47,0x00,0x39,0x01,0x48,0x00,0x39,0x01,0x49,0x00,0x37,0x01,0x4A,
   0x00,0x04,0x01,0x01,0x00,0x31,0x01,0x4E,0x00,0x33,0x01,0x4F,0x00,0x31,0x01,0x4F,
   0x00,0x31,0x01,0x4F,0x00,0x30,0x01,0x50,0x00,0x31,0x01,0x4F,0x00,0x31,0x01,0x4F,
   0x00,0x05,0x01,0x01,0x00,0x2C,0x01,0x4E,0x00,0x05,0x01,0x02,0x00,0x28,0x01,0x02,
   0x00,0x01,0x01,0x4D,0x00,0x06,0x01,0x03,0x00,0x0A,0x01,0x01,0x00,0x1D,0x01,0x02,
   0x00,0x01,0x01,0x4B,0x00,0x07,0x01,0x03,0x00,0x09,0x01,0x02,0x00,0x1A,0x01,0x01,
   0x00,0x03,0x01,0x4D,0x00,0x07,0x01,0x03,0x00,0x08,0x01,0x04,0x00,0x1A,0x01,0x01,
   0x00,0x02,0x01,0x4D,0x00,0x07,0x01,0x03,0x00,0x06,0x01,0x06,0x00,0x1A,0x01,0x02,
   0x00,0x02,0x01,0x4C,0x00,0x07,0x01,0x03,0x00,0x06,0x01,0x06,0x00,0x1B,0x01,0x02,
   0x00,0x02,0x01,0x4B,0x00,0x07,0x01,0x03,0x00,0x06,0x01,0x07,0x00,0x1B,0x01,0x02,
   0x00,0x01,0x01,0x4B,0x00,0x07,0x01,0x04,0x00,0x04,0x01,0x08,0x00,0x1B,0x01,0x4E,
   0x00,0x07,0x01,0x05,0x00,0x03,0x01,0x09,0x00,0x1B,0x01,0x4D,0x00,0x07,0x01,0x05,
   0x00,0x03,0x01,0x09,0x00,0x1C,0x01,0x4C,0x00,0x06,0x01,0x06,0x00,0x03,0x01,0x09,
   0x00,0x1C,0x01,0x4B,0x00,0x07,0x01,0x07,0x00,0x02,0x01,0x08,0x00,0x1C,0x01,0x01,
   0x00,0x01,0x01,0x4A,0x00,0x07,0x01,0x07,0x00,0x02,0x01,0x07,0x00,0x1D,0x01,0x4C,
   0x00,0x07,0x01,0x07,0x00,0x02,0x01,0x06,0x00,0x1E,0x01,0x4C,0x00,0x07,0x01,0x08,
   0x00,0x01,0x01,0x06,0x00,0x1F,0x01,0x4B,0x00,0x07,0x01,0x08,0x00,0x02,0x01,0x04,
   0x00,0x20,0x01,0x4D,0x00,0x05,0x01,0x09,0x00,0x01,0x01,0x04,0x00,0x21,0x01,0x4C,
   0x00,0x04,0x01,0x0A,0x00,0x01,0x01,0x03,0x00,0x22,0x01,0x4C,0x00,0x04,0x01,0x0E,
   0x00,0x22,0x01,0x4D,0x00,0x03,0x01,0x0E,0x00,0x23,0x01,0x4C,0x00,0x03,0x01,0x0C,
   0x00,0x25,0x01,0x4C,0x00,0x03,0x01,0x0B,0x00,0x27,0x01,0x4B,0x00,0x03,0x01,0x0B,
   0x00,0x27,0x01,0x4C,0x00,0x02,0x01,0x0A,0x00,0x29,0x01,0x4B,0x00,0x02,0x01,0x0A,
   0x00,0x2A,0x01,0x4B,0x00,0x01,0x01,0x0A,0x00,0x2A,0x01,0x4B,0x00,0x01,0x01,0x0B,
   0x00,0x2A,0x01,0x4A,0x00,0x01,0x01,0x0B,0x00,0x2A,0x01,0x56,0x00,0x2B,0x01,0x55,
   0x00,0x2C,0x01,0x54,0x00,0x2C,0x01,0x54,0x00,0x2D,0x01,0x53,0x00,0x2D,0x01,0x53,
   0x00,0x2E,0x01,0x52,0x00,0x2E,0x01,0x51,0x00,0x30,0x01,0x50,0x00,0x31,0x01,0x04},
  // Frame 58/234 (Size: 446 bytes)
  {0x01,0xFF,0x01,0xFF,0x01,0xFF,0x01,0xFF,0x01,0xFF,0x01,0xDA,0x00,0x01,0x01,0x7B,
   0x00,0x08,0x01,0x76,0x00,0x0C,0x01,0x73,0x00,0x0F,0x01,0x6F,0x00,0x17,0x01,0x03,
   0x00,0x08,0x01,0x5E,0x00,0x24,0x01,0x5C,0x00,0x25,0x01,0x5B,0x00,0x26,0x01,0x5A,
   0x00,0x27,0x01,0x59,0x00,0x28,0x01,0x59,0x00,0x27,0x01,0x59,0x00,0x28,0x01,0x59,
   0x00,0x28,0x01,0x56,0x00,0x2A,0x01,0x55,0x00,0x2C,0x01,0x53,0x00,0x2D,0x01,0x52,
   0x00,0x2E,0x01,0x51,0x00,0x2F,0x01,0x50,0x00,0x30,0x01,0x4F,0x00,0x31,0x01,0x4E,
   0x00,0x32,0x01,0x4E,0x00,0x33,0x01,0x4C,0x00,0x34,0x01,0x4C,0x00,0x35,0x01,0x4A,
   0x00,0x36,0x01,0x4A,0x00,0x36,0x01,0x4A,0x00,0x36,0x01,0x49,0x00,0x38,0x01,0x48,
   0x00,0x38,0x01,0x48,0x00,0x38,0x01,0x48,0x00,0x38,0x01,0x48,0x00,0x38,0x01,0x47,
   0x00,0x3A,0x01,0x46,0x00,0x3A,0x01,0x46,0x00,0x3A,0x01,0x47,0x00,0x39,0x01,0x47,
   0x00,0x39,0x01,0x47,0x00,0x39,0x01,0x47,0x00,0x39,0x01,0x48,0x00,0x38,0x01,0x49,
   0x00,0x37,0x01,0x4A,0x00,0x36,0x01,0x4C,0x00,0x34,0x01,0x4D,0x00,0x33,0x01,0x4F,
   0x00,0x31,0x01,0x51,0x00,0x2E,0x01,0x52,0x00,0x2E,0x01,0x51,0x00,0x2F,0x01,0x50,
   0x00,0x30,0x01,0x50,0x00,0x30,0x01,0x51,0x00,0x2F,0x01,0x52,0x00,0x2E,0x01,0x53,
   0x00,0x2D,0x01,0x53,0x00,0x2D,0x01,0x52,0x00,0x2D,0x01,0x52,0x00,0x2E,0x01,0x52,
   0x00,0x2E,0x01,0x51,0x00,0x2F,0x01,0x51,0x00,0x0D,0x01,0x03,0x00,0x1F,0x01,0x51,
   0x00,0x0A,0x01,0x07,0x00,0x1E,0x01,0x50,0x00,0x09,0x01,0x09,0x00,0x1E,0x01,0x50,
   0x00,0x09,0x01,0x09,0x00,0x1E,0x01,0x4F,0x00,0x08,0x01,0x0C,0x00,0x1D,0x01,0x4F,
   0x00,0x08,0x01,0x0D,0x00,0x1D,0x01,0x4D,0x00,0x08,0x01,0x0E,0x00,0x1E,0x01,0x4C,
   0x00,0x08,0x01,0x0F,0x00,0x1D,0x01,0x4B,0x00,0x08,0x01,0x10,0x00,0x1E,0x01,0x4A,
   0x00,0x08,0x01,0x10,0x00,0x1E,0x01,0x4B,0x00,0x06,0x01,0x11,0x00,0x1F,0x01,0x4A,
   0x00,0x06,0x01,0x11,0x00,0x20,0x01,0x48,0x00,0x07,0x01,0x11,0x00,0x21,0x01,0x47,
   0x00,0x06,0x01,0x12,0x00,0x22,0x01,0x46,0x00,0x04,0x01,0x12,0x00,0x24,0x01,0x45,
   0x00,0x04,0x01,0x13,0x00,0x24,0x01,0x45,0x00,0x04,0x01,0x12,0x00,0x25,0x01,0x45,
   0x00,0x03,0x01,0x13,0x00,0x25,0x01,0x44,0x00,0x03,0x01,0x14,0x00,0x25,0x01,0x44,
   0x00,0x02,0x01,0x14,0x00,0x26,0x01,0x44,0x00,0x02,0x01,0x14,0x00,0x26,0x01,0x43,
   0x00,0x02,0x01,0x15,0x00,0x26,0x01,0x43,0x00,0x01,0x01,0x16,0x00,0x26,0x01,0x5A,
   0x00,0x26,0x01,0x5A,0x00,0x26,0x01,0x5A,0x00,0x26,0x01,0x5A,0x00,0x26},
  // Frame 59/234 (Size: 444 bytes)
  {0x01,0x78,0x00,0x08,0x01,0x79,0x00,0x07,0x01,0x79,0x00,0x07,0x01,0x79,0x00,0x07,
   0x01,0x79,0x00,0x07,0x01,0x7A,0x00,0x06,0x01,0x7A,0x00,0x06,0x01,0x6E,0x00,0x12,
   0x01,0x6B,0x00,0x15,0x01,0x68,0x00,0x18,0x01,0x66,0x00,0x1A,0x01,0x65,0x00,0x1B,
   0x01,0x63,0x00,0x1D,0x01,0x62,0x00,0x1E,0x01,0x61,0x00,0x1F,0x01,0x60,0x00,0x20,
   0x01,0x5F,0x00,0x21,0x01,0x5F,0x00,0x21,0x01,0x5E,0x00,0x22,0x01,0x5E,0x00,0x22,
   0x01,0x5D,0x00,0x23,0x01,0x5D,0x00,0x23,0x01,0x5C,0x00,0x24,0x01,0x5B,0x00,0x25,
   0x01,0x5B,0x00,0x25,0x01,0x5B,0x00,0x25,0x01,0x5B,0x00,0x25,0x01,0x5B,0x00,0x25,
   0x01,0x5C,0x00,0x24,0x01,0x5C,0x00,0x24,0x01,0x5C,0x00,0x24,0x01,0x5C,0x00,0x24,
   0x01,0x5C,0x00,0x24,0x01,0x5C,0x00,0x24,0x01,0x5D,0x00,0x23,0x01,0x5E,0x00,0x22,
   0x01,0x61,0x00,0x1F,0x01,0x61,0x00,0x1F,0x01,0x61,0x00,0x1F,0x01,0x5F,0x00,0x21,
   0x01,0x5E,0x00,0x22,0x01,0x5E,0x00,0x22,0x01,0x5F,0x00,0x21,0x01,0x60,0x00,0x20,
   0x01,0x60,0x00,0x20,0x01,0x60,0x00,0x20,0x01,0x61,0x00,0x1F,0x01,0x61,0x00,0x1F,
   0x01,0x62,0x00,0x1E,0x01,0x62,0x00,0x1E,0x01,0x62,0x00,0x1E,0x01,0x63,0x00,0x1D,
   0x01,0x62,0x00,0x1E,0x01,0x62,0x00,0x06,0x01,0x02,0x00,0x16,0x01,0x62,0x00,0x06,
   0x01,0x04,0x00,0x14,0x01,0x62,0x00,0x05,0x01,0x05,0x00,0x14,0x01,0x62,0x00,0x05,
   0x01,0x04,0x00,0x15,0x01,0x61,0x00,0x06,0x01,0x04,0x00,0x15,0x01,0x61,0x00,0x06,
   0x01,0x04,0x00,0x15,0x01,0x62,0x00,0x04,0x01,0x06,0x00,0x14,0x01,0x62,0x00,0x03,
   0x01,0x06,0x00,0x15,0x01,0x62,0x00,0x03,0x01,0x05,0x00,0x16,0x01,0x62,0x00,0x03,
   0x01,0x04,0x00,0x17,0x01,0x62,0x00,0x03,0x01,0x04,0x00,0x17,0x01,0x62,0x00,0x02,
   0x01,0x04,0x00,0x18,0x01,0x62,0x00,0x02,0x01,0x04,0x00,0x18,0x01,0x62,0x00,0x02,
   0x01,0x04,0x00,0x18,0x01,0x62,0x00,0x02,0x01,0x04,0x00,0x18,0x01,0x68,0x00,0x18,
   0x01,0x67,0x00,0x19,0x01,0x67,0x00,0x19,0x01,0x67,0x00,0x19,0x01,0x67,0x00,0x19,
   0x01,0x67,0x00,0x19,0x01,0x67,0x00,0x19,0x01,0x67,0x00,0x19,0x01,0x67,0x00,0x19,
   0x01,0x67,0x00,0x19,0x01,0x66,0x00,0x1A,0x01,0x66,0x00,0x1A,0x01,0x66,0x00,0x1A,
   0x01,0x66,0x00,0x1A,0x01,0x67,0x00,0x19,0x01,0x67,0x00,0x19,0x01,0x67,0x00,0x19,
   0x01,0x67,0x00,0x19,0x01,0x66,0x00,0x1A,0x01,0x66,0x00,0x1A,0x01,0x66,0x00,0x1A,
   0x01,0x66,0x00,0x1A,0x01,0x65,0x00,0x1B,0x01,0x65,0x00,0x1B,0x01,0x65,0x00,0x1B,
   0x01,0x65,0x00,0x1B,0x01,0x65,0x00,0x1B,0x01,0x65,0x00,0x1B},
  // Frame 60/234 (Size: 718 bytes)
  {0x01,0xFF,0x01,0xFF,0x01,0xFF,0x01,0x21,0x00,0x01,0x01,0x60,0x00,0x01,0x01,0x1A,
   0x00,0x09,0x01,0x58,0x00,0x05,0x01,0x18,0x00,0x0C,0x01,0x56,0x00,0x06,0x01,0x17,
   0x00,0x0E,0x01,0x53,0x00,0x08,0x01,0x16,0x00,0x10,0x01,0x4F,0x00,0x0B,0x01,0x16,
   0x00,0x11,0x01,0x4C,0x00,0x0D,0x01,0x15,0x00,0x13,0x01,0x4C,0x00,0x0C,0x01,0x15,
   0x00,0x13,0x01,0x4B,0x00,0x0D,0x01,0x14,0x00,0x15,0x01,0x49,0x00,0x0E,0x01,0x14,
   0x00,0x15,0x01,0x48,0x00,0x0F,0x01,0x14,0x00,0x15,0x01,0x48,0x00,0x0F,0x01,0x14,
   0x00,0x15,0x01,0x47,0x00,0x10,0x01,0x14,0x00,0x15,0x01,0x47,0x00,0x10,0x01,0x14,
   0x00,0x15,0x01,0x47,0x00,0x10,0x01,0x14,0x00,0x14,0x01,0x48,0x00,0x10,0x01,0x14,
   0x00,0x14,0x01,0x47,0x00,0x11,0x01,0x14,0x00,0x14,0x01,0x47,0x00,0x11,0x01,0x14,
   0x00,0x13,0x01,0x48,0x00,0x11,0x01,0x15,0x00,0x12,0x01,0x48,0x00,0x11,0x01,0x15,
   0x00,0x12,0x01,0x49,0x00,0x10,0x01,0x15,0x00,0x15,0x01,0x08,0x00,0x02,0x01,0x3C,
   0x00,0x10,0x01,0x15,0x00,0x18,0x01,0x03,0x00,0x05,0x01,0x3B,0x00,0x10,0x01,0x15,
   0x00,0x21,0x01,0x38,0x00,0x12,0x01,0x16,0x00,0x22,0x01,0x34,0x00,0x14,0x01,0x1C,
   0x00,0x1D,0x01,0x33,0x00,0x14,0x01,0x1C,0x00,0x1E,0x01,0x32,0x00,0x14,0x01,0x1D,
   0x00,0x1F,0x01,0x30,0x00,0x14,0x01,0x1E,0x00,0x1F,0x01,0x2F,0x00,0x14,0x01,0x20,
   0x00,0x1E,0x01,0x2D,0x00,0x15,0x01,0x20,0x00,0x1F,0x01,0x2D,0x00,0x14,0x01,0x20,
   0x00,0x21,0x01,0x2A,0x00,0x15,0x01,0x22,0x00,0x01,0x01,0x05,0x00,0x1A,0x01,0x29,
   0x00,0x15,0x01,0x28,0x00,0x1B,0x01,0x28,0x00,0x15,0x01,0x28,0x00,0x1C,0x01,0x27,
   0x00,0x15,0x01,0x28,0x00,0x1E,0x01,0x25,0x00,0x15,0x01,0x28,0x00,0x1F,0x01,0x24,
   0x00,0x15,0x01,0x28,0x00,0x20,0x01,0x23,0x00,0x15,0x01,0x28,0x00,0x22,0x01,0x12,
   0x00,0x03,0x01,0x0E,0x00,0x13,0x01,0x27,0x00,0x25,0x01,0x0E,0x00,0x06,0x01,0x0F,
   0x00,0x11,0x01,0x27,0x00,0x2D,0x01,0x05,0x00,0x07,0x01,0x11,0x00,0x0F,0x01,0x26,
   0x00,0x3A,0x01,0x11,0x00,0x0F,0x01,0x26,0x00,0x3B,0x01,0x10,0x00,0x0F,0x01,0x25,
   0x00,0x3C,0x01,0x10,0x00,0x0F,0x01,0x25,0x00,0x3F,0x01,0x0D,0x00,0x0F,0x01,0x24,
   0x00,0x43,0x01,0x0A,0x00,0x0F,0x01,0x24,0x00,0x47,0x01,0x06,0x00,0x0F,0x01,0x23,
   0x00,0x5D,0x01,0x23,0x00,0x5D,0x01,0x23,0x00,0x5D,0x01,0x22,0x00,0x5E,0x01,0x21,
   0x00,0x5F,0x01,0x21,0x00,0x5F,0x01,0x20,0x00,0x60,0x01,0x20,0x00,0x60,0x01,0x20,
   0x00,0x32,0x01,0x04,0x00,0x2A,0x01,0x1F,0x00,0x31,0x01,0x07,0x00,0x05,0x01,0x05,
   0x00,0x1F,0x01,0x1F,0x00,0x30,0x01,0x08,0x00,0x03,0x01,0x07,0x00,0x1F,0x01,0x1E,
   0x00,0x31,0x01,0x08,0x00,0x02,0x01,0x07,0x00,0x20,0x01,0x1E,0x00,0x31,0x01,0x08,
   0x00,0x02,0x01,0x07,0x00,0x20,0x01,0x1D,0x00,0x32,0x01,0x08,0x00,0x02,0x01,0x06,
   0x00,0x21,0x01,0x1D,0x00,0x32,0x01,0x10,0x00,0x21,0x01,0x1C,0x00,0x34,0x01,0x0F,
   0x00,0x21,0x01,0x1C,0x00,0x34,0x01,0x0E,0x00,0x22,0x01,0x1B,0x00,0x35,0x01,0x0E,
   0x00,0x22,0x01,0x1B,0x00,0x36,0x01,0x0D,0x00,0x22,0x01,0x1A,0x00,0x37,0x01,0x0D,
   0x00,0x22,0x01,0x1A,0x00,0x37,0x01,0x0C,0x00,0x23,0x01,0x1A,0x00,0x37,0x01,0x0C,
   0x00,0x23,0x01,0x19,0x00,0x39,0x01,0x0A,0x00,0x24,0x01,0x19,0x00,0x39,0x01,0x0A,
   0x00,0x24,0x01,0x19,0x00,0x39,0x01,0x0A,0x00,0x24,0x01,0x1A,0x00,0x38,0x01,0x09,
   0x00,0x25,0x01,0x1A,0x00,0x38,0x01,0x09,0x00,0x25,0x01,0x1B,0x00,0x38,0x01,0x08,
   0x00,0x25,0x01,0x1B,0x00,0x38,0x01,0x07,0x00,0x26,0x01,0x1C,0x00,0x37,0x01,0x07,
   0x00,0x26,0x01,0x1C,0x00,0x37,0x01,0x07,0x00,0x26,0x01,0x1D,0x00,0x36,0x01,0x07,
   0x00,0x26,0x01,0x1D,0x00,0x35,0x01,0x08,0x00,0x26,0x01,0x20,0x00,0x32,0x01,0x08,
   0x00,0x26,0x01,0x25,0x00,0x2D,0x01,0x08,0x00,0x26,0x01,0x2A,0x00,0x27,0x01,0x09,
   0x00,0x26,0x01,0x2F,0x00,0x21,0x01,0x0A,0x00,0x26,0x01,0x34,0x00,0x1B,0x01,0x0B,
   0x00,0x26,0x01,0x3C,0x00,0x11,0x01,0x0D,0x00,0x26,0x01,0x5A,0x00,0x26,0x01,0x5A,
   0x00,0x26,0x01,0x5B,0x00,0x25,0x01,0x5B,0x00,0x25,0x01,0x5B,0x00,0x25},
  // Frame 61/234 (Size: 158 bytes)
  {0x01,0xFF,0x01,0xFF,0x01,0xFF,0x01,0xFF,0x01,0xFF,0x01,0xFF,0x01,0xFF,0x01,0xFF,
   0x01,0xFF,0x01,0xFF,0x01,0xFF,0x01,0xFF,0x01,0xFF,0x01,0xFF,0x01,0xFF,0x01,0xFF,
   0x01,0xFF,0x01,0xFF,0x01,0xFF,0x01,0xFF,0x01,0xFF,0x01,0xFF,0x01,0xFF,0x01,0xFF,
   0x01,0xFF,0x01,0xFF,0x01,0xFF,0x01,0xFF,0x01,0xFF,0x01,0xFF,0x01,0xFF,0x01,0xFF,
   0x01,0xFF,0x01,0xFF,0x01,0xFF,0x01,0xFF,0x01,0xFF,0x01,0xFF,0x01,0x1A,0x00,0x02,
   0x01,0x7E,0x00,0x03,0x01,0x7D,0x00,0x03,0x01,0x7D,0x00,0x02,0x01,0x7E,0x00,0x02,
   0x01,0xF6,0x00,0x05,0x01,0x77,0x00,0x09,0x01,0x76,0x00,0x0B,0x01,0x74,0x00,0x0B,
   0x01,0x74,0x00,0x0B,0x01,0x74,0x00,0x0C,0x01,0x73,0x00,0x0D,0x01,0x72,0x00,0x0E,
   0x01,0x71,0x00,0x0F,0x01,0x6F,0x00,0x10,0x01,0x6F,0x00,0x11,0x01,0x6E,0x00,0x11,
   0x01,0x6E,0x00,0x12,0x01,0x6D,0x00,0x12,0x01,0x6B,0x00,0x16,0x01,0x12},
  // Frame 62/234 (Size: 170 bytes)
  {0x01,0x31,0x00,0x15,0x01,0x6B,0x00,0x15,0x01,0x6A,0x00,0x17,0x01,0x68,0x00,0x18,
   0x01,0x68,0x00,0x18,0x01,0x68,0x00,0x18,0x01,0x68,0x00,0x18,0x01,0x68,0x00,0x18,
   0x01,0x68,0x00,0x18,0x01,0x69,0x00,0x16,0x01,0x6A,0x00,0x15,0x01,0x6C,0x00,0x14,
   0x01,0x6C,0x00,0x13,0x01,0x6E,0x00,0x13,0x01,0x6E,0x00,0x10,0x01,0x01,0x00,0x01,
   0x01,0x6F,0x00,0x0E,0x01,0x03,0x00,0x01,0x01,0x6F,0x00,0x0C,0x01,0x04,0x00,0x01,
   0x01,0x70,0x00,0x0A,0x01,0x77,0x00,0x08,0x01,0x7A,0x00,0x05,0x01,0xFF,0x01,0xFF,
   0x01,0xFF,0x01,0xFF,0x01,0xFF,0x01,0xFF,0x01,0xFF,0x01,0xFF,0x01,0xFF,0x01,0xFF,
   0x01,0xFF,0x01,0xFF,0x01,0xFF,0x01,0xFF,0x01,0xFF,0x01,0xFF,0x01,0xFF,0x01,0xFF,
   0x01,0xFF,0x01,0xFF,0x01,0xFF,0x01,0xFF,0x01,0xFF,0x01,0xFF,0x01,0xFF,0x01,0xFF,
   0x01,0xFF,0x01,0xFF,0x01,0xFF,0x01,0xFF,0x01,0xFF,0x01,0xFF,0x01,0xFF,0x01,0xFF,
   0x01,0xFF,0x01,0xFF,0x01,0xFF,0x01,0xFF,0x01,0x68},
  // Frame 63/234 (Size: 188 bytes)
  {0x01,0xFF,0x01,0xFF,0x01,0xFF,0x01,0xFF,0x01,0xFF,0x01,0xFF,0x01,0xFF,0x01,0xFF,
   0x01,0x43,0x00,0x09,0x01,0x75,0x00,0x0F,0x01,0x70,0x00,0x11,0x01,0x6E,0x00,0x13,
   0x01,0x6D,0x00,0x14,0x01,0x6B,0x00,0x16,0x01,0x69,0x00,0x17,0x01,0x69,0x00,0x18,
   0x01,0x67,0x00,0x19,0x01,0x67,0x00,0x1A,0x01,0x65,0x00,0x1B,0x01,0x65,0x00,0x1B,
   0x01,0x65,0x00,0x1C,0x01,0x64,0x00,0x1C,0x01,0x64,0x00,0x1C,0x01,0x64,0x00,0x1B,
   0x01,0x65,0x00,0x1B,0x01,0x65,0x00,0x1B,0x01,0x65,0x00,0x1B,0x01,0x65,0x00,0x1A,
   0x01,0x67,0x00,0x19,0x01,0x67,0x00,0x18,0x01,0x68,0x00,0x17,0x01,0x6A,0x00,0x16,
   0x01,0x6A,0x00,0x15,0x01,0x6C,0x00,0x13,0x01,0x6E,0x00,0x11,0x01,0x72,0x00,0x0C,
   0x01,0x76,0x00,0x09,0x01,0x79,0x00,0x04,0x01,0xFF,0x01,0xFF,0x01,0xFF,0x01,0xFF,
   0x01,0xFF,0x01,0xFF,0x01,0xFF,0x01,0xFF,0x01,0xFF,0x01,0xFF,0x01,0xFF,0x01,0xFF,
   0x01,0xFF,0x01,0xFF,0x01,0xFF,0x01,0xFF,0x01,0xFF,0x01,0xFF,0x01,0xFF,0x01,0xFF,
   0x01,0xFF,0x01,0xFF,0x01,0xFF,0x01,0xFF,0x01,0xFF,0x01,0x57},
  // Frame 64/234 (Size: 190 bytes)
  {0x01,0xFF,0x01,0xFF,0x01,0xFF,0x01,0xFF,0x01,0xFF,0x01,0xFF,0x01,0xFF,0x01,0xFF,
   0x01,0xFF,0x01,0xFF,0x01,0xFF,0x01,0xFF,0x01,0xFF,0x01,0xFF,0x01,0xFF,0x01,0xFF,
   0x01,0xFF,0x01,0x51,0x00,0x05,0x01,0x79,0x00,0x0A,0x01,0x74,0x00,0x0E,0x01,0x72,
   0x00,0x10,0x01,0x6F,0x00,0x12,0x01,0x6D,0x00,0x15,0x01,0x6B,0x00,0x16,0x01,0x69,
   0x00,0x18,0x01,0x68,0x00,0x19,0x01,0x67,0x00,0x19,0x01,0x66,0x00,0x1B,0x01,0x65,
   0x00,0x1C,0x01,0x5E,0x00,0x22,0x01,0x61,0x00,0x1F,0x01,0x63,0x00,0x1D,0x01,0x63,
   0x00,0x1D,0x01,0x63,0x00,0x1C,0x01,0x63,0x00,0x1E,0x01,0x62,0x00,0x1E,0x01,0x62,
   0x00,0x1E,0x01,0x62,0x00,0x1E,0x01,0x62,0x00,0x1E,0x01,0x62,0x00,0x1D,0x01,0x64,
   0x00,0x1C,0x01,0x64,0x00,0x1B,0x01,0x66,0x00,0x1A,0x01,0x67,0x00,0x18,0x01,0x69,
   0x00,0x16,0x01,0x6B,0x00,0x13,0x01,0x6E,0x00,0x11,0x01,0x71,0x00,0x0C,0x01,0xFF,
   0x01,0xFF,0x01,0xFF,0x01,0xFF,0x01,0xFF,0x01,0xFF,0x01,0xFF,0x01,0xFF,0x01,0xFF,
   0x01,0xFF,0x01,0xFF,0x01,0xFF,0x01,0xFF,0x01,0xFF,0x01,0xFF,0x01,0xC5},
  // Frame 65/234 (Size: 208 bytes)
  {0x01,0xFF,0x01,0xFF,0x01,0xFF,0x01,0xFF,0x01,0xFF,0x01,0xFF,0x01,0xFF,0x01,0xFF,
   0x01,0xFF,0x01,0xFF,0x01,0xFF,0x01,0xFF,0x01,0xFF,0x01,0xFF,0x01,0xFF,0x01,0xFF,
   0x01,0xFF,0x01,0xFF,0x01,0xFF,0x01,0xFF,0x01,0xFF,0x01,0xFF,0x01,0xFF,0x01,0xDA,
   0x00,0x02,0x01,0x7B,0x00,0x0E,0x01,0x70,0x00,0x11,0x01,0x6E,0x00,0x13,0x01,0x6C,
   0x00,0x15,0x01,0x6A,0x00,0x17,0x01,0x69,0x00,0x17,0x01,0x68,0x00,0x19,0x01,0x66,
   0x00,0x1B,0x01,0x65,0x00,0x1B,0x01,0x65,0x00,0x1C,0x01,0x63,0x00,0x1D,0x01,0x63,
   0x00,0x1D,0x01,0x63,0x00,0x1E,0x01,0x61,0x00,0x1F,0x01,0x61,0x00,0x1F,0x01,0x61,
   0x00,0x1F,0x01,0x61,0x00,0x1F,0x01,0x61,0x00,0x20,0x01,0x60,0x00,0x20,0x01,0x60,
   0x00,0x20,0x01,0x60,0x00,0x1F,0x01,0x61,0x00,0x1F,0x01,0x61,0x00,0x1F,0x01,0x62,
   0x00,0x1E,0x01,0x62,0x00,0x1D,0x01,0x64,0x00,0x1C,0x01,0x64,0x00,0x1B,0x01,0x66,
   0x00,0x18,0x01,0x6A,0x00,0x14,0x01,0x6E,0x00,0x0E,0x01,0x7B,0x00,0x02,0x01,0x7E,
   0x00,0x01,0x01,0x7F,0x00,0x01,0x01,0x7F,0x00,0x01,0x01,0x7E,0x00,0x02,0x01,0x7E,
   0x00,0x02,0x01,0xFF,0x01,0xFF,0x01,0xFF,0x01,0xFF,0x01,0xFF,0x01,0xFF,0x01,0x3E},
  // Frame 66/234 (Size: 200 bytes)
  {0x01,0xFF,0x01,0xFF,0x01,0xFF,0x01,0xFF,0x01,0xFF,0x01,0xFF,0x01,0xFF,0x01,0xFF,
   0x01,0xFF,0x01,0xFF,0x01,0xFF,0x01,0xFF,0x01,0xFF,0x01,0xFF,0x01,0xFF,0x01,0xFF,
   0x01,0xFF,0x01,0xFF,0x01,0xFF,0x01,0xFF,0x01,0xFF,0x01,0xFF,0x01,0xFF,0x01,0xFF,
   0x01,0xFF,0x01,0xDD,0x00,0x09,0x01,0x74,0x00,0x0E,0x01,0x70,0x00,0x11,0x01,0x6D,
   0x00,0x14,0x01,0x6B,0x00,0x16,0x01,0x69,0x00,0x18,0x01,0x67,0x00,0x19,0x01,0x66,
   0x00,0x1A,0x01,0x65,0x00,0x1C,0x01,0x63,0x00,0x1D,0x01,0x63,0x00,0x1E,0x01,0x61,
   0x00,0x1F,0x01,0x02,0x00,0x01,0x01,0x5E,0x00,0x23,0x01,0x5D,0x00,0x20,0x01,0x60,
   0x00,0x20,0x01,0x60,0x00,0x20,0x01,0x60,0x00,0x20,0x01,0x60,0x00,0x20,0x01,0x61,
   0x00,0x1F,0x01,0x61,0x00,0x1F,0x01,0x62,0x00,0x1E,0x01,0x62,0x00,0x1E,0x01,0x62,
   0x00,0x1E,0x01,0x62,0x00,0x1E,0x01,0x62,0x00,0x1E,0x01,0x62,0x00,0x1E,0x01,0x63,
   0x00,0x1C,0x01,0x64,0x00,0x1C,0x01,0x65,0x00,0x1A,0x01,0x67,0x00,0x18,0x01,0x6A,
   0x00,0x14,0x01,0x6E,0x00,0x10,0x01,0x75,0x00,0x06,0x01,0xFF,0x01,0xFF,0x01,0xFF,
   0x01,0xFF,0x01,0xFF,0x01,0xFF,0x01,0x3C},
  // Frame 67/234 (Size: 218 bytes)
  {0x01,0xFF,0x01,0xFF,0x01,0xFF,0x01,0xFF,0x01,0xFF,0x01,0xFF,0x01,0xFF,0x01,0xFF,
   0x01,0xFF,0x01,0xFF,0x01,0xFF,0x01,0xFF,0x01,0xFF,0x01,0xFF,0x01,0xFF,0x01,0xFF,
   0x01,0xFF,0x01,0xFF,0x01,0xFF,0x01,0xFF,0x01,0x50,0x00,0x01,0x01,0x7F,0x00,0x02,
   0x01,0x0A,0x00,0x04,0x01,0x71,0x00,0x01,0x01,0x07,0x00,0x09,0x01,0x6F,0x00,0x02,
   0x01,0x02,0x00,0x0F,0x01,0x6D,0x00,0x13,0x01,0x6E,0x00,0x13,0x01,0x6B,0x00,0x16,
   0x01,0x69,0x00,0x18,0x01,0x66,0x00,0x1A,0x01,0x65,0x00,0x1C,0x01,0x63,0x00,0x1D,
   0x01,0x62,0x00,0x1E,0x01,0x61,0x00,0x20,0x01,0x60,0x00,0x20,0x01,0x60,0x00,0x20,
   0x01,0x5F,0x00,0x22,0x01,0x5E,0x00,0x22,0x01,0x5E,0x00,0x22,0x01,0x5E,0x00,0x22,
   0x01,0x5F,0x00,0x21,0x01,0x5F,0x00,0x21,0x01,0x5F,0x00,0x21,0x01,0x5F,0x00,0x21,
   0x01,0x60,0x00,0x20,0x01,0x60,0x00,0x20,0x01,0x61,0x00,0x1F,0x01,0x62,0x00,0x1D,
   0x01,0x63,0x00,0x1D,0x01,0x64,0x00,0x1B,0x01,0x66,0x00,0x1A,0x01,0x66,0x00,0x19,
   0x01,0x68,0x00,0x16,0x01,0x6B,0x00,0x11,0x01,0x70,0x00,0x0E,0x01,0x74,0x00,0x0B,
   0x01,0x77,0x00,0x08,0x01,0xFF,0x01,0xFF,0x01,0xFF,0x01,0xFF,0x01,0xFF,0x01,0xFF,
   0x01,0xFF,0x01,0xFF,0x01,0xFF,0x01,0xFF,0x01,0x41},
  // Frame 68/234 (Size: 214 bytes)
  {0x01,0xFF,0x01,0xFF,0x01,0xFF,0x01,0xFF,0x01,0xFF,0x01,0xFF,0x01,0xFF,0x01,0xFF,
   0x01,0xFF,0x01,0xFF,0x01,0xFF,0x01,0xFF,0x01,0xFF,0x01,0xFF,0x01,0x50,0x00,0x09,
   0x01,0x73,0x00,0x0E,0x01,0x70,0x00,0x11,0x01,0x6D,0x00,0x14,0x01,0x6B,0x00,0x16,
   0x01,0x68,0x00,0x19,0x01,0x66,0x00,0x1A,0x01,0x65,0x00,0x1C,0x01,0x63,0x00,0x1F,
   0x01,0x61,0x00,0x20,0x01,0x5F,0x00,0x21,0x01,0x5E,0x00,0x23,0x01,0x5D,0x00,0x23,
   0x01,0x5D,0x00,0x24,0x01,0x5C,0x00,0x24,0x01,0x5C,0x00,0x24,0x01,0x5C,0x00,0x24,
   0x01,0x5C,0x00,0x24,0x01,0x5D,0x00,0x23,0x01,0x5D,0x00,0x22,0x01,0x5F,0x00,0x21,
   0x01,0x60,0x00,0x20,0x01,0x60,0x00,0x1F,0x01,0x62,0x00,0x1E,0x01,0x62,0x00,0x1E,
   0x01,0x63,0x00,0x1C,0x01,0x64,0x00,0x1B,0x01,0x63,0x00,0x1C,0x01,0x62,0x00,0x05,
   0x01,0x02,0x00,0x17,0x01,0x62,0x00,0x03,0x01,0x04,0x00,0x16,0x01,0x6B,0x00,0x14,
   0x01,0x6D,0x00,0x11,0x01,0x70,0x00,0x0F,0x01,0x72,0x00,0x0D,0x01,0x74,0x00,0x0A,
   0x01,0x7A,0x00,0x02,0x01,0xFF,0x01,0xFF,0x01,0xFF,0x01,0xFF,0x01,0xFF,0x01,0xFF,
   0x01,0xFF,0x01,0xFF,0x01,0xFF,0x01,0xFF,0x01,0xFF,0x01,0xFF,0x01,0xFF,0x01,0xFF,
   0x01,0xFF,0x01,0xFF,0x01,0x4B},
  // Frame 69/234 (Size: 228 bytes)
  {0x01,0xFF,0x01,0xFF,0x01,0xFF,0x01,0xFF,0x01,0xFF,0x01,0xFF,0x01,0xFF,0x01,0xFF,
   0x01,0xFF,0x01,0xFF,0x01,0xC7,0x00,0x07,0x01,0x77,0x00,0x0D,0x01,0x71,0x00,0x11,
   0x01,0x6E,0x00,0x14,0x01,0x6B,0x00,0x16,0x01,0x6A,0x00,0x18,0x01,0x67,0x00,0x1A,
   0x01,0x65,0x00,0x1C,0x01,0x63,0x00,0x1E,0x01,0x61,0x00,0x20,0x01,0x5F,0x00,0x22,
   0x01,0x5E,0x00,0x22,0x01,0x5D,0x00,0x24,0x01,0x5C,0x00,0x24,0x01,0x5C,0x00,0x24,
   0x01,0x5C,0x00,0x24,0x01,0x5C,0x00,0x24,0x01,0x5C,0x00,0x24,0x01,0x5C,0x00,0x24,
   0x01,0x5C,0x00,0x24,0x01,0x5C,0x00,0x23,0x01,0x5E,0x00,0x22,0x01,0x5E,0x00,0x22,
   0x01,0x5F,0x00,0x20,0x01,0x60,0x00,0x1F,0x01,0x62,0x00,0x1E,0x01,0x62,0x00,0x1D,
   0x01,0x64,0x00,0x1B,0x01,0x65,0x00,0x1B,0x01,0x66,0x00,0x1B,0x01,0x66,0x00,0x16,
   0x01,0x01,0x00,0x04,0x01,0x66,0x00,0x14,0x01,0x03,0x00,0x01,0x01,0x01,0x00,0x02,
   0x01,0x65,0x00,0x13,0x01,0x07,0x00,0x02,0x01,0x65,0x00,0x11,0x01,0x08,0x00,0x01,
   0x01,0x68,0x00,0x0E,0x01,0x73,0x00,0x0B,0x01,0x77,0x00,0x08,0x01,0xFF,0x01,0xFF,
   0x01,0xFF,0x01,0xFF,0x01,0xFF,0x01,0xFF,0x01,0xFF,0x01,0xFF,0x01,0xFF,0x01,0xFF,
   0x01,0xFF,0x01,0xFF,0x01,0xFF,0x01,0xFF,0x01,0xFF,0x01,0xFF,0x01,0xFF,0x01,0xFF,
   0x01,0xFF,0x01,0x4D},
  // Frame 70/234 (Size: 226 bytes)
  {0x01,0xFF,0x01,0xFF,0x01,0xFF,0x01,0xFF,0x01,0xFF,0x01,0xFF,0x01,0xFF,0x01,0xFF,
   0x01,0xFF,0x01,0xFF,0x01,0xFF,0x01,0xC9,0x00,0x07,0x01,0x0B,0x00,0x03,0x01,0x69,
   0x00,0x0B,0x01,0x08,0x00,0x04,0x01,0x68,0x00,0x0E,0x01,0x06,0x00,0x03,0x01,0x68,
   0x00,0x11,0x01,0x03,0x00,0x03,0x01,0x68,0x00,0x17,0x01,0x68,0x00,0x17,0x01,0x68,
   0x00,0x18,0x01,0x68,0x00,0x1A,0x01,0x65,0x00,0x1C,0x01,0x64,0x00,0x1D,0x01,0x62,
   0x00,0x1F,0x01,0x61,0x00,0x20,0x01,0x5F,0x00,0x22,0x01,0x5E,0x00,0x23,0x01,0x5D,
   0x00,0x24,0x01,0x5C,0x00,0x24,0x01,0x5B,0x00,0x25,0x01,0x5B,0x00,0x26,0x01,0x5A,
   0x00,0x26,0x01,0x5A,0x00,0x26,0x01,0x5A,0x00,0x25,0x01,0x5B,0x00,0x25,0x01,0x5B,
   0x00,0x25,0x01,0x5B,0x00,0x24,0x01,0x5C,0x00,0x24,0x01,0x5C,0x00,0x23,0x01,0x5E,
   0x00,0x22,0x01,0x5E,0x00,0x21,0x01,0x5F,0x00,0x20,0x01,0x61,0x00,0x1E,0x01,0x63,
   0x00,0x1C,0x01,0x65,0x00,0x1A,0x01,0x69,0x00,0x16,0x01,0x6B,0x00,0x14,0x01,0x6C,
   0x00,0x12,0x01,0x70,0x00,0x0F,0x01,0x72,0x00,0x0B,0x01,0x78,0x00,0x05,0x01,0xFF,
   0x01,0xFF,0x01,0xFF,0x01,0xFF,0x01,0xFF,0x01,0xFF,0x01,0xFF,0x01,0xFF,0x01,0xFF,
   0x01,0xFF,0x01,0xFF,0x01,0xFF,0x01,0xFF,0x01,0xFF,0x01,0xFF,0x01,0xFF,0x01,0xFF,
   0x01,0xCB},
  // Frame 71/234 (Size: 218 bytes)
  {0x01,0xFF,0x01,0xFF,0x01,0xFF,0x01,0xFF,0x01,0xFF,0x01,0xFF,0x01,0xFF,0x01,0xFF,
   0x01,0xFF,0x01,0xFF,0x01,0xFF,0x01,0xFF,0x01,0xFF,0x01,0xD0,0x00,0x09,0x01,0x75,
   0x00,0x0D,0x01,0x72,0x00,0x10,0x01,0x6F,0x00,0x12,0x01,0x6D,0x00,0x14,0x01,0x6B,
   0x00,0x16,0x01,0x69,0x00,0x19,0x01,0x63,0x00,0x01,0x01,0x02,0x00,0x1A,0x01,0x63,
   0x00,0x01,0x01,0x01,0x00,0x1C,0x01,0x62,0x00,0x1F,0x01,0x61,0x00,0x20,0x01,0x60,
   0x00,0x21,0x01,0x5F,0x00,0x21,0x01,0x5E,0x00,0x23,0x01,0x5D,0x00,0x24,0x01,0x5B,
   0x00,0x25,0x01,0x5B,0x00,0x25,0x01,0x5B,0x00,0x26,0x01,0x5A,0x00,0x26,0x01,0x59,
   0x00,0x27,0x01,0x59,0x00,0x27,0x01,0x59,0x00,0x27,0x01,0x59,0x00,0x27,0x01,0x59,
   0x00,0x26,0x01,0x5A,0x00,0x26,0x01,0x5A,0x00,0x25,0x01,0x5B,0x00,0x24,0x01,0x5D,
   0x00,0x22,0x01,0x5F,0x00,0x21,0x01,0x5F,0x00,0x21,0x01,0x60,0x00,0x20,0x01,0x61,
   0x00,0x1E,0x01,0x63,0x00,0x1D,0x01,0x65,0x00,0x1A,0x01,0x67,0x00,0x18,0x01,0x6A,
   0x00,0x14,0x01,0x6E,0x00,0x11,0x01,0x72,0x00,0x0C,0x01,0xFF,0x01,0xFF,0x01,0xFF,
   0x01,0xFF,0x01,0xFF,0x01,0xFF,0x01,0xFF,0x01,0xFF,0x01,0xFF,0x01,0xFF,0x01,0xFF,
   0x01,0xFF,0x01,0xFF,0x01,0xFF,0x01,0xFF,0x01,0xBF},
  // Frame 72/234 (Size: 218 bytes)
  {0x01,0xFF,0x01,0xFF,0x01,0xFF,0x01,0xFF,0x01,0xFF,0x01,0xFF,0x01,0xFF,0x01,0xFF,
   0x01,0xFF,0x01,0xFF,0x01,0xFF,0x01,0xFF,0x01,0xFF,0x01,0xFF,0x01,0xFF,0x01,0xFF,
   0x01,0x57,0x00,0x09,0x01,0x74,0x00,0x0E,0x01,0x70,0x00,0x11,0x01,0x6E,0x00,0x13,
   0x01,0x6C,0x00,0x16,0x01,0x68,0x00,0x1A,0x01,0x65,0x00,0x1D,0x01,0x62,0x00,0x1F,
   0x01,0x61,0x00,0x1F,0x01,0x60,0x00,0x21,0x01,0x5E,0x00,0x22,0x01,0x5D,0x00,0x24,
   0x01,0x5C,0x00,0x24,0x01,0x5B,0x00,0x25,0x01,0x5B,0x00,0x25,0x01,0x5A,0x00,0x26,
   0x01,0x5A,0x00,0x26,0x01,0x5A,0x00,0x26,0x01,0x5A,0x00,0x26,0x01,0x5A,0x00,0x26,
   0x01,0x5A,0x00,0x26,0x01,0x5A,0x00,0x26,0x01,0x5A,0x00,0x26,0x01,0x5A,0x00,0x25,
   0x01,0x5B,0x00,0x25,0x01,0x5B,0x00,0x25,0x01,0x5C,0x00,0x24,0x01,0x5C,0x00,0x23,
   0x01,0x5E,0x00,0x22,0x01,0x5E,0x00,0x21,0x01,0x60,0x00,0x20,0x01,0x60,0x00,0x1F,
   0x01,0x62,0x00,0x1D,0x01,0x65,0x00,0x1A,0x01,0x67,0x00,0x18,0x01,0x6A,0x00,0x15,
   0x01,0x6D,0x00,0x12,0x01,0x70,0x00,0x0E,0x01,0x75,0x00,0x0A,0x01,0x79,0x00,0x04,
   0x01,0xFF,0x01,0xFF,0x01,0xFF,0x01,0xFF,0x01,0xFF,0x01,0xFF,0x01,0xFF,0x01,0xFF,
   0x01,0xFF,0x01,0xFF,0x01,0xFF,0x01,0xFF,0x01,0x3E},
  // Frame 73/234 (Size: 226 bytes)
  {0x01,0xFF,0x01,0xFF,0x01,0xFF,0x01,0xFF,0x01,0xFF,0x01,0xFF,0x01,0xFF,0x01,0xFF,
   0x01,0xFF,0x01,0xFF,0x01,0xFF,0x01,0xFF,0x01,0xFF,0x01,0xFF,0x01,0xFF,0x01,0xFF,
   0x01,0xFF,0x01,0x56,0x00,0x04,0x01,0x78,0x00,0x0D,0x01,0x70,0x00,0x13,0x01,0x6B,
   0x00,0x17,0x01,0x68,0x00,0x1A,0x01,0x65,0x00,0x1C,0x01,0x63,0x00,0x1F,0x01,0x61,
   0x00,0x1F,0x01,0x60,0x00,0x21,0x01,0x5F,0x00,0x22,0x01,0x5D,0x00,0x24,0x01,0x5C,
   0x00,0x24,0x01,0x5C,0x00,0x25,0x01,0x5B,0x00,0x25,0x01,0x5A,0x00,0x26,0x01,0x5A,
   0x00,0x26,0x01,0x59,0x00,0x28,0x01,0x58,0x00,0x28,0x01,0x58,0x00,0x27,0x01,0x59,
   0x00,0x27,0x01,0x5A,0x00,0x26,0x01,0x5A,0x00,0x25,0x01,0x5B,0x00,0x24,0x01,0x5D,
   0x00,0x23,0x01,0x5D,0x00,0x22,0x01,0x5F,0x00,0x21,0x01,0x5F,0x00,0x20,0x01,0x61,
   0x00,0x1F,0x01,0x61,0x00,0x1F,0x01,0x62,0x00,0x1F,0x01,0x62,0x00,0x1B,0x01,0x01,
   0x00,0x04,0x01,0x61,0x00,0x19,0x01,0x04,0x00,0x03,0x01,0x61,0x00,0x17,0x01,0x06,
   0x00,0x02,0x01,0x61,0x00,0x16,0x01,0x6B,0x00,0x14,0x01,0x6E,0x00,0x11,0x01,0x70,
   0x00,0x0F,0x01,0x72,0x00,0x0D,0x01,0x75,0x00,0x09,0x01,0xFF,0x01,0xFF,0x01,0xFF,
   0x01,0xFF,0x01,0xFF,0x01,0xFF,0x01,0xFF,0x01,0xFF,0x01,0xFF,0x01,0xFF,0x01,0xFF,
   0x01,0xBE},
  // Frame 74/234 (Size: 278 bytes)
  {0x00,0xFF,0x00,0xFF,0x00,0x82,0x01,0x02,0x00,0x7E,0x01,0x0A,0x00,0x76,0x01,0x10,
   0x00,0x70,0x01,0x18,0x00,0x68,0x01,0x48,0x00,0x38,0x01,0x62,0x00,0x1E,0x01,0x7C,
   0x00,0x03,0x01,0x7B,0x00,0x06,0x01,0x78,0x00,0x08,0x01,0x75,0x00,0x0B,0x01,0x74,
   0x00,0x0C,0x01,0x73,0x00,0x0D,0x01,0x73,0x00,0x0D,0x01,0x73,0x00,0x0D,0x01,0x73,
   0x00,0x0D,0x01,0x73,0x00,0x0D,0x01,0x73,0x00,0x0D,0x01,0x73,0x00,0x0D,0x01,0x74,
   0x00,0x0C,0x01,0x74,0x00,0x0C,0x01,0x75,0x00,0x0B,0x01,0x7B,0x00,0x04,0x01,0xFF,
   0x01,0xFF,0x01,0xFF,0x01,0xFF,0x01,0x4A,0x00,0x03,0x01,0x7A,0x00,0x09,0x01,0x72,
   0x00,0x10,0x01,0x6D,0x00,0x18,0x01,0x66,0x00,0x1C,0x01,0x63,0x00,0x1E,0x01,0x61,
   0x00,0x20,0x01,0x5F,0x00,0x21,0x01,0x5F,0x00,0x22,0x01,0x5D,0x00,0x23,0x01,0x5D,
   0x00,0x24,0x01,0x5C,0x00,0x24,0x01,0x5C,0x00,0x24,0x01,0x5C,0x00,0x24,0x01,0x5C,
   0x00,0x25,0x01,0x5B,0x00,0x25,0x01,0x5B,0x00,0x25,0x01,0x5B,0x00,0x24,0x01,0x5C,
   0x00,0x24,0x01,0x5C,0x00,0x24,0x01,0x5C,0x00,0x24,0x01,0x5C,0x00,0x24,0x01,0x5D,
   0x00,0x22,0x01,0x5E,0x00,0x22,0x01,0x5E,0x00,0x22,0x01,0x5F,0x00,0x20,0x01,0x60,
   0x00,0x20,0x01,0x60,0x00,0x20,0x01,0x61,0x00,0x1E,0x01,0x62,0x00,0x1D,0x01,0x64,
   0x00,0x1C,0x01,0x65,0x00,0x1A,0x01,0x67,0x00,0x18,0x01,0x69,0x00,0x16,0x01,0x6B,
   0x00,0x14,0x01,0x6E,0x00,0x10,0x01,0x72,0x00,0x0C,0x01,0x76,0x00,0x08,0x01,0xFF,
   0x01,0xFF,0x01,0xFF,0x01,0xFF,0x01,0xFF,0x01,0xFF,0x01,0xFF,0x01,0xFF,0x01,0xFF,
   0x01,0xFF,0x01,0xFF,0x01,0xC1},
  // Frame 75/234 (Size: 440 bytes)
  {0x00,0x10,0x01,0x70,0x00,0x24,0x01,0x5C,0x00,0x29,0x01,0x02,0x00,0x13,0x01,0x42,
   0x00,0x3B,0x01,0x45,0x00,0x39,0x01,0x47,0x00,0x37,0x01,0x49,0x00,0x36,0x01,0x4A,
   0x00,0x35,0x01,0x4B,0x00,0x34,0x01,0x4C,0x00,0x34,0x01,0x4C,0x00,0x34,0x01,0x4C,
   0x00,0x34,0x01,0x4C,0x00,0x34,0x01,0x4C,0x00,0x34,0x01,0x4C,0x00,0x34,0x01,0x4C,
   0x00,0x35,0x01,0x4B,0x00,0x35,0x01,0x4B,0x00,0x36,0x01,0x4A,0x00,0x3A,0x01,0x46,
   0x00,0x3E,0x01,0x0E,0x00,0x0D,0x01,0x27,0x00,0x3E,0x01,0x0D,0x00,0x11,0x01,0x03,
   0x00,0x01,0x01,0x20,0x00,0x3E,0x01,0x0D,0x00,0x16,0x01,0x1F,0x00,0x3E,0x01,0x0D,
   0x00,0x16,0x01,0x1F,0x00,0x3E,0x01,0x0D,0x00,0x17,0x01,0x1E,0x00,0x3E,0x01,0x0C,
   0x00,0x19,0x01,0x1D,0x00,0x3E,0x01,0x0C,0x00,0x1A,0x01,0x1C,0x00,0x3E,0x01,0x0C,
   0x00,0x1A,0x01,0x1C,0x00,0x3E,0x01,0x0C,0x00,0x1B,0x01,0x1B,0x00,0x3E,0x01,0x0C,
   0x00,0x1C,0x01,0x1A,0x00,0x3E,0x01,0x0C,0x00,0x1D,0x01,0x18,0x00,0x3E,0x01,0x0D,
   0x00,0x1D,0x01,0x16,0x00,0x40,0x01,0x0D,0x00,0x1E,0x01,0x14,0x00,0x41,0x01,0x0D,
   0x00,0x1E,0x01,0x14,0x00,0x41,0x01,0x0E,0x00,0x1E,0x01,0x12,0x00,0x42,0x01,0x0F,
   0x00,0x1D,0x01,0x10,0x00,0x44,0x01,0x11,0x00,0x1C,0x01,0x0E,0x00,0x45,0x01,0x12,
   0x00,0x1C,0x01,0x0C,0x00,0x41,0x01,0x02,0x00,0x02,0x01,0x14,0x00,0x1C,0x01,0x0A,
   0x00,0x42,0x01,0x02,0x00,0x01,0x01,0x16,0x00,0x1C,0x01,0x0A,0x00,0x42,0x01,0x19,
   0x00,0x1C,0x01,0x09,0x00,0x42,0x01,0x1A,0x00,0x1C,0x01,0x08,0x00,0x41,0x01,0x1C,
   0x00,0x1C,0x01,0x06,0x00,0x41,0x01,0x1D,0x00,0x1D,0x01,0x05,0x00,0x40,0x01,0x1E,
   0x00,0x1E,0x01,0x03,0x00,0x40,0x01,0x1F,0x00,0x1F,0x01,0x01,0x00,0x40,0x01,0x20,
   0x00,0x5F,0x01,0x22,0x00,0x5E,0x01,0x22,0x00,0x5D,0x01,0x24,0x00,0x5C,0x01,0x24,
   0x00,0x5C,0x01,0x24,0x00,0x5C,0x01,0x25,0x00,0x5A,0x01,0x26,0x00,0x5A,0x01,0x26,
   0x00,0x5B,0x01,0x25,0x00,0x5B,0x01,0x25,0x00,0x5B,0x01,0x25,0x00,0x5C,0x01,0x24,
   0x00,0x5C,0x01,0x24,0x00,0x5C,0x01,0x24,0x00,0x5D,0x01,0x23,0x00,0x5E,0x01,0x22,
   0x00,0x5E,0x01,0x22,0x00,0x5F,0x01,0x21,0x00,0x60,0x01,0x1F,0x00,0x62,0x01,0x1E,
   0x00,0x63,0x01,0x1D,0x00,0x64,0x01,0x1C,0x00,0x65,0x01,0x1A,0x00,0x68,0x01,0x17,
   0x00,0x6B,0x01,0x14,0x00,0x6D,0x01,0x0E,0x00,0x73,0x01,0x0C,0x00,0x78,0x01,0x07,
   0x00,0xFF,0x00,0xFF,0x00,0xFF,0x00,0xFF,0x00,0xFF,0x00,0xFF,0x00,0xFF,0x00,0xFF,
   0x00,0xFF,0x00,0xFF,0x00,0xFF,0x00,0x3F},
  // Frame 76/234 (Size: 440 bytes)
  {0x00,0x10,0x01,0x70,0x00,0x23,0x01,0x5D,0x00,0x29,0x01,0x02,0x00,0x13,0x01,0x42,
   0x00,0x3B,0x01,0x45,0x00,0x39,0x01,0x47,0x00,0x37,0x01,0x49,0x00,0x36,0x01,0x4A,
   0x00,0x35,0x01,0x4B,0x00,0x34,0x01,0x4C,0x00,0x34,0x01,0x4C,0x00,0x34,0x01,0x4C,
   0x00,0x34,0x01,0x4C,0x00,0x34,0x01,0x4C,0x00,0x34,0x01,0x4C,0x00,0x34,0x01,0x4C,
   0x00,0x35,0x01,0x4B,0x00,0x35,0x01,0x4B,0x00,0x36,0x01,0x4A,0x00,0x3A,0x01,0x46,
   0x00,0x3E,0x01,0x0E,0x00,0x0D,0x01,0x27,0x00,0x3E,0x01,0x0D,0x00,0x11,0x01,0x03,
   0x00,0x01,0x01,0x20,0x00,0x3E,0x01,0x0D,0x00,0x16,0x01,0x1F,0x00,0x3E,0x01,0x0D,
   0x00,0x16,0x01,0x1F,0x00,0x3E,0x01,0x0D,0x00,0x17,0x01,0x1E,0x00,0x3E,0x01,0x0C,
   0x00,0x19,0x01,0x1D,0x00,0x3E,0x01,0x0C,0x00,0x1A,0x01,0x1C,0x00,0x3E,0x01,0x0C,
   0x00,0x1A,0x01,0x1C,0x00,0x3E,0x01,0x0C,0x00,0x1B,0x01,0x1B,0x00,0x3E,0x01,0x0C,
   0x00,0x1C,0x01,0x1A,0x00,0x3E,0x01,0x0C,0x00,0x1D,0x01,0x18,0x00,0x3E,0x01,0x0D,
   0x00,0x1D,0x01,0x16,0x00,0x40,0x01,0x0D,0x00,0x1E,0x01,0x14,0x00,0x41,0x01,0x0D,
   0x00,0x1E,0x01,0x14,0x00,0x41,0x01,0x0E,0x00,0x1E,0x01,0x12,0x00,0x42,0x01,0x0F,
   0x00,0x1D,0x01,0x10,0x00,0x44,0x01,0x11,0x00,0x1C,0x01,0x0E,0x00,0x45,0x01,0x12,
   0x00,0x1C,0x01,0x0C,0x00,0x41,0x01,0x02,0x00,0x02,0x01,0x14,0x00,0x1C,0x01,0x0A,
   0x00,0x42,0x01,0x02,0x00,0x01,0x01,0x16,0x00,0x1C,0x01,0x09,0x00,0x43,0x01,0x19,
   0x00,0x1C,0x01,0x09,0x00,0x42,0x01,0x1A,0x00,0x1C,0x01,0x08,0x00,0x41,0x01,0x1C,
   0x00,0x1C,0x01,0x06,0x00,0x41,0x01,0x1D,0x00,0x1D,0x01,0x05,0x00,0x40,0x01,0x1E,
   0x00,0x1E,0x01,0x03,0x00,0x40,0x01,0x1F,0x00,0x1F,0x01,0x01,0x00,0x40,0x01,0x20,
   0x00,0x5F,0x01,0x22,0x00,0x5E,0x01,0x22,0x00,0x5D,0x01,0x24,0x00,0x5C,0x01,0x24,
   0x00,0x5C,0x01,0x24,0x00,0x5C,0x01,0x25,0x00,0x5A,0x01,0x26,0x00,0x5A,0x01,0x26,
   0x00,0x5B,0x01,0x25,0x00,0x5B,0x01,0x25,0x00,0x5B,0x01,0x25,0x00,0x5C,0x01,0x24,
   0x00,0x5C,0x01,0x24,0x00,0x5C,0x01,0x24,0x00,0x5D,0x01,0x23,0x00,0x5E,0x01,0x22,
   0x00,0x5E,0x01,0x22,0x00,0x5F,0x01,0x21,0x00,0x60,0x01,0x1F,0x00,0x62,0x01,0x1E,
   0x00,0x63,0x01,0x1D,0x00,0x64,0x01,0x1C,0x00,0x65,0x01,0x1A,0x00,0x68,0x01,0x17,
   0x00,0x6B,0x01,0x14,0x00,0x6D,0x01,0x0E,0x00,0x73,0x01,0x0C,0x00,0x78,0x01,0x07,
   0x00,0xFF,0x00,0xFF,0x00,0xFF,0x00,0xFF,0x00,0xFF,0x00,0xFF,0x00,0xFF,0x00,0xFF,
   0x00,0xFF,0x00,0xFF,0x00,0xFF,0x00,0x3F},
  // Frame 77/234 (Size: 354 bytes)
  {0x01,0xFF,0x01,0xFF,0x01,0xFF,0x01,0xFF,0x01,0x04,0x00,0x07,0x01,0x79,0x00,0x16,
   0x01,0x6A,0x00,0x16,0x01,0x6A,0x00,0x18,0x01,0x68,0x00,0x17,0x01,0x69,0x00,0x18,
   0x01,0x68,0x00,0x19,0x01,0x67,0x00,0x19,0x01,0x67,0x00,0x1A,0x01,0x66,0x00,0x1C,
   0x01,0x64,0x00,0x1E,0x01,0x62,0x00,0x1F,0x01,0x61,0x00,0x20,0x01,0x60,0x00,0x21,
   0x01,0x57,0x00,0x03,0x01,0x05,0x00,0x22,0x01,0x53,0x00,0x08,0x01,0x03,0x00,0x22,
   0x01,0x51,0x00,0x0B,0x01,0x02,0x00,0x23,0x01,0x4E,0x00,0x31,0x01,0x4E,0x00,0x2A,
   0x01,0x55,0x00,0x24,0x01,0x5B,0x00,0x23,0x01,0x5C,0x00,0x23,0x01,0x5B,0x00,0x24,
   0x01,0x5B,0x00,0x24,0x01,0x5B,0x00,0x24,0x01,0x5B,0x00,0x25,0x01,0x59,0x00,0x27,
   0x01,0x58,0x00,0x27,0x01,0x59,0x00,0x27,0x01,0x59,0x00,0x27,0x01,0x59,0x00,0x26,
   0x01,0x30,0x00,0x02,0x01,0x27,0x00,0x27,0x01,0x31,0x00,0x04,0x01,0x23,0x00,0x28,
   0x01,0x31,0x00,0x06,0x01,0x20,0x00,0x29,0x01,0x31,0x00,0x08,0x01,0x1C,0x00,0x2B,
   0x01,0x30,0x00,0x0B,0x01,0x16,0x00,0x2F,0x01,0x30,0x00,0x0D,0x01,0x14,0x00,0x2F,
   0x01,0x30,0x00,0x10,0x01,0x11,0x00,0x2F,0x01,0x30,0x00,0x12,0x01,0x0F,0x00,0x2F,
   0x01,0x30,0x00,0x16,0x01,0x0C,0x00,0x2E,0x01,0x30,0x00,0x18,0x01,0x0A,0x00,0x2E,
   0x01,0x30,0x00,0x1A,0x01,0x08,0x00,0x2E,0x01,0x30,0x00,0x1B,0x01,0x07,0x00,0x2F,
   0x01,0x2F,0x00,0x1C,0x01,0x06,0x00,0x2F,0x01,0x2F,0x00,0x1E,0x01,0x04,0x00,0x2F,
   0x01,0x2F,0x00,0x21,0x01,0x01,0x00,0x30,0x01,0x2E,0x00,0x52,0x01,0x2E,0x00,0x52,
   0x01,0x2E,0x00,0x53,0x01,0x2C,0x00,0x55,0x01,0x2B,0x00,0x55,0x01,0x2A,0x00,0x57,
   0x01,0x29,0x00,0x58,0x01,0x28,0x00,0x59,0x01,0x25,0x00,0x5E,0x01,0x1E,0x00,0x66,
   0x01,0x19,0x00,0x68,0x01,0x17,0x00,0x6A,0x01,0x14,0x00,0x6D,0x01,0x0F,0x00,0x72,
   0x01,0x0B,0x00,0x76,0x01,0x04,0x00,0xFF,0x00,0xFF,0x00,0xFF,0x00,0xFF,0x00,0xFF,
   0x00,0xFF,0x00,0xFF,0x00,0xFF,0x00,0xFF,0x00,0xFF,0x00,0xFF,0x00,0xFF,0x00,0xFF,
   0x00,0xEB},
  // Frame 78/234 (Size: 414 bytes)
  {0x01,0x01,0x00,0x20,0x01,0x03,0x00,0x5C,0x01,0x02,0x00,0x1C,0x01,0x08,0x00,0x5A,
   0x01,0x03,0x00,0x19,0x01,0x0A,0x00,0x5A,0x01,0x04,0x00,0x17,0x01,0x0C,0x00,0x59,
   0x01,0x05,0x00,0x15,0x01,0x0D,0x00,0x59,0x01,0x05,0x00,0x14,0x01,0x0F,0x00,0x58,
   0x01,0x06,0x00,0x12,0x01,0x10,0x00,0x58,0x01,0x07,0x00,0x11,0x01,0x11,0x00,0x57,
   0x01,0x08,0x00,0x0F,0x01,0x12,0x00,0x57,0x01,0x09,0x00,0x0E,0x01,0x13,0x00,0x56,
   0x01,0x0A,0x00,0x0C,0x01,0x14,0x00,0x56,0x01,0x0A,0x00,0x0C,0x01,0x15,0x00,0x55,
   0x01,0x0B,0x00,0x0A,0x01,0x16,0x00,0x55,0x01,0x0C,0x00,0x09,0x01,0x16,0x00,0x55,
   0x01,0x0D,0x00,0x08,0x01,0x16,0x00,0x55,0x01,0x0E,0x00,0x06,0x01,0x18,0x00,0x54,
   0x01,0x0F,0x00,0x05,0x01,0x18,0x00,0x54,0x01,0x11,0x00,0x03,0x01,0x18,0x00,0x54,
   0x01,0x12,0x00,0x01,0x01,0x1A,0x00,0x53,0x01,0x2D,0x00,0x53,0x01,0x2D,0x00,0x53,
   0x01,0x2E,0x00,0x52,0x01,0x31,0x00,0x4F,0x01,0x31,0x00,0x4F,0x01,0x31,0x00,0x4F,
   0x01,0x32,0x00,0x4E,0x01,0x32,0x00,0x4E,0x01,0x33,0x00,0x4D,0x01,0x33,0x00,0x4D,
   0x01,0x34,0x00,0x4C,0x01,0x34,0x00,0x4C,0x01,0x33,0x00,0x37,0x01,0x0A,0x00,0x0B,
   0x01,0x33,0x00,0x30,0x01,0x17,0x00,0x02,0x01,0x36,0x00,0x2C,0x01,0x53,0x00,0x27,
   0x01,0x5A,0x00,0x21,0x01,0x61,0x00,0x1B,0x01,0x66,0x00,0x02,0x01,0x03,0x00,0x11,
   0x01,0x6F,0x00,0x0D,0x01,0x72,0x00,0x0B,0x01,0x76,0x00,0x07,0x01,0xFF,0x01,0xFF,
   0x01,0xFF,0x01,0xFF,0x01,0xFF,0x01,0xFF,0x01,0xFF,0x01,0xFF,0x01,0xFF,0x01,0xFF,
   0x01,0xFF,0x01,0xFF,0x01,0xFF,0x01,0xFF,0x01,0x8C,0x00,0x03,0x01,0x7C,0x00,0x07,
   0x01,0x79,0x00,0x0A,0x01,0x39,0x00,0x09,0x01,0x34,0x00,0x0D,0x01,0x36,0x00,0x1C,
   0x01,0x1B,0x00,0x01,0x01,0x02,0x00,0x14,0x01,0x32,0x00,0x1D,0x01,0x0C,0x00,0x2A,
   0x01,0x2D,0x00,0x1D,0x01,0x0C,0x00,0x2F,0x01,0x28,0x00,0x1D,0x01,0x0C,0x00,0x36,
   0x01,0x21,0x00,0x1E,0x01,0x0C,0x00,0x3C,0x01,0x1A,0x00,0x1E,0x01,0x0C,0x00,0x46,
   0x01,0x10,0x00,0x20,0x01,0x0B,0x00,0x4A,0x01,0x0B,0x00,0x21,0x01,0x0A,0x00,0x4C,
   0x01,0x08,0x00,0x23,0x01,0x09,0x00,0x4D,0x01,0x01,0x00,0x03,0x01,0x04,0x00,0x23,
   0x01,0x07,0x00,0x4F,0x01,0x01,0x00,0x05,0x01,0x01,0x00,0x24,0x01,0x05,0x00,0x7C,
   0x01,0x03,0x00,0xFF,0x00,0xFF,0x00,0xFF,0x00,0xFF,0x00,0xFF,0x00,0xDD},
  // Frame 79/234 (Size: 562 bytes)
  {0x01,0x0F,0x00,0x71,0x01,0x06,0x00,0x7A,0x01,0x08,0x00,0x78,0x01,0x0B,0x00,0x75,
   0x01,0x0B,0x00,0x75,0x01,0x0B,0x00,0x01,0x01,0x02,0x00,0x72,0x01,0x0B,0x00,0x01,
   0x01,0x01,0x00,0x73,0x01,0x0D,0x00,0x73,0x01,0x0D,0x00,0x73,0x01,0x0D,0x00,0x73,
   0x01,0x0B,0x00,0x03,0x01,0x02,0x00,0x70,0x01,0x0B,0x00,0x02,0x01,0x02,0x00,0x71,
   0x01,0x0E,0x00,0x72,0x01,0x0E,0x00,0x72,0x01,0x0C,0x00,0x03,0x01,0x03,0x00,0x6E,
   0x01,0x14,0x00,0x6C,0x01,0x15,0x00,0x6B,0x01,0x01,0x00,0x01,0x01,0x13,0x00,0x6F,
   0x01,0x01,0x00,0x02,0x01,0x0E,0x00,0x6B,0x01,0x01,0x00,0x06,0x01,0x0F,0x00,0x6A,
   0x01,0x03,0x00,0x03,0x01,0x10,0x00,0x70,0x01,0x10,0x00,0x6F,0x01,0x12,0x00,0x6E,
   0x01,0x12,0x00,0x6D,0x01,0x13,0x00,0x6D,0x01,0x14,0x00,0x6B,0x01,0x15,0x00,0x6B,
   0x01,0x15,0x00,0x6A,0x01,0x16,0x00,0x6A,0x01,0x16,0x00,0x6A,0x01,0x17,0x00,0x68,
   0x01,0x18,0x00,0x67,0x01,0x19,0x00,0x67,0x01,0x19,0x00,0x67,0x01,0x19,0x00,0x67,
   0x01,0x1A,0x00,0x66,0x01,0x1D,0x00,0x63,0x01,0x1F,0x00,0x61,0x01,0x21,0x00,0x5F,
   0x01,0x23,0x00,0x5D,0x01,0x0C,0x00,0x06,0x01,0x12,0x00,0x5C,0x01,0x0E,0x00,0x06,
   0x01,0x12,0x00,0x5A,0x01,0x0F,0x00,0x09,0x01,0x0F,0x00,0x59,0x01,0x11,0x00,0x0A,
   0x01,0x0D,0x00,0x58,0x01,0x13,0x00,0x0A,0x01,0x0C,0x00,0x57,0x01,0x16,0x00,0x0A,
   0x01,0x09,0x00,0x09,0x01,0x01,0x00,0x4D,0x01,0x19,0x00,0x09,0x01,0x08,0x00,0x03,
   0x01,0x09,0x00,0x1B,0x01,0x0C,0x00,0x23,0x01,0x1C,0x00,0x07,0x01,0x13,0x00,0x14,
   0x01,0x19,0x00,0x1D,0x01,0x1F,0x00,0x06,0x01,0x11,0x00,0x0E,0x01,0x22,0x00,0x01,
   0x01,0x06,0x00,0x13,0x01,0x36,0x00,0x09,0x01,0x32,0x00,0x0F,0x01,0x1E,0x00,0x02,
   0x01,0x17,0x00,0x03,0x01,0x34,0x00,0x12,0x01,0x1F,0x00,0x06,0x01,0x49,0x00,0x12,
   0x01,0x21,0x00,0x07,0x01,0x49,0x00,0x0F,0x01,0x23,0x00,0x07,0x01,0x4B,0x00,0x0B,
   0x01,0x73,0x00,0x0D,0x01,0x74,0x00,0x0C,0x01,0x73,0x00,0x0D,0x01,0x74,0x00,0x0C,
   0x01,0x74,0x00,0x0C,0x01,0x77,0x00,0x09,0x01,0x78,0x00,0x08,0x01,0x76,0x00,0x04,
   0x01,0x03,0x00,0x03,0x01,0x7C,0x00,0x04,0x01,0x7A,0x00,0x06,0x01,0x7F,0x00,0x01,
   0x01,0x7D,0x00,0x03,0x01,0xFF,0x01,0xFF,0x01,0x80,0x00,0x02,0x01,0xFF,0x01,0xFF,
   0x01,0xFF,0x01,0x80,0x00,0x01,0x01,0x7E,0x00,0x04,0x01,0x27,0x00,0x02,0x01,0x56,
   0x00,0x01,0x01,0x27,0x00,0x04,0x01,0x7B,0x00,0x07,0x01,0x51,0x00,0x02,0x01,0x26,
   0x00,0x09,0x01,0x77,0x00,0x0C,0x01,0x73,0x00,0x10,0x01,0x47,0x00,0x02,0x01,0x26,
   0x00,0x15,0x01,0x45,0x00,0x02,0x01,0x24,0x00,0x19,0x01,0x66,0x00,0x1F,0x01,0x32,
   0x00,0x05,0x01,0x01,0x00,0x02,0x01,0x01,0x00,0x02,0x01,0x24,0x00,0x24,0x01,0x26,
   0x00,0x02,0x01,0x07,0x00,0x0B,0x01,0x22,0x00,0x2B,0x01,0x21,0x00,0x02,0x01,0x01,
   0x00,0x03,0x01,0x03,0x00,0x0D,0x01,0x1C,0x00,0x32,0x01,0x1D,0x00,0x1B,0x01,0x16,
   0x00,0x36,0x01,0x1B,0x00,0x1A,0x01,0x0F,0x00,0x41,0x01,0x12,0x00,0x03,0x01,0x01,
   0x00,0x1B,0x01,0x09,0x00,0x48,0x01,0x11,0x00,0x1F,0x01,0x08,0x00,0x4B,0x01,0x04,
   0x00,0x01,0x01,0x0A,0x00,0x1F,0x01,0x07,0x00,0x4D,0x01,0x03,0x00,0x03,0x01,0x09,
   0x00,0x0E},
  // Frame 80/234 (Size: 668 bytes)
  {0x00,0x01,0x01,0x4C,0x00,0x01,0x01,0x02,0x00,0x31,0x01,0x4A,0x00,0x04,0x01,0x03,
   0x00,0x30,0x01,0x48,0x00,0x07,0x01,0x01,0x00,0x31,0x01,0x48,0x00,0x38,0x01,0x4B,
   0x00,0x36,0x01,0x4F,0x00,0x33,0x01,0x52,0x00,0x31,0x01,0x47,0x00,0x03,0x01,0x09,
   0x00,0x30,0x01,0x45,0x00,0x05,0x01,0x02,0x00,0x01,0x01,0x07,0x00,0x2D,0x01,0x46,
   0x00,0x04,0x01,0x01,0x00,0x08,0x01,0x02,0x00,0x2C,0x01,0x48,0x00,0x02,0x01,0x01,
   0x00,0x35,0x01,0x4B,0x00,0x35,0x01,0x48,0x00,0x02,0x01,0x02,0x00,0x34,0x01,0x49,
   0x00,0x36,0x01,0x48,0x00,0x02,0x01,0x02,0x00,0x33,0x01,0x38,0x00,0x01,0x01,0x02,
   0x00,0x01,0x01,0x0E,0x00,0x03,0x01,0x01,0x00,0x32,0x01,0x39,0x00,0x01,0x01,0x01,
   0x00,0x02,0x01,0x0E,0x00,0x34,0x01,0x3A,0x00,0x05,0x01,0x05,0x00,0x01,0x01,0x07,
   0x00,0x34,0x01,0x3B,0x00,0x04,0x01,0x02,0x00,0x02,0x01,0x01,0x00,0x03,0x01,0x05,
   0x00,0x34,0x01,0x31,0x00,0x01,0x01,0x0A,0x00,0x03,0x01,0x02,0x00,0x07,0x01,0x05,
   0x00,0x32,0x01,0x34,0x00,0x01,0x01,0x0A,0x00,0x02,0x01,0x01,0x00,0x08,0x01,0x01,
   0x00,0x01,0x01,0x02,0x00,0x32,0x01,0x36,0x00,0x01,0x01,0x09,0x00,0x0D,0x01,0x01,
   0x00,0x32,0x01,0x37,0x00,0x02,0x01,0x01,0x00,0x14,0x01,0x01,0x00,0x31,0x01,0x32,
   0x00,0x01,0x01,0x07,0x00,0x14,0x01,0x01,0x00,0x31,0x01,0x33,0x00,0x07,0x01,0x01,
   0x00,0x44,0x01,0x35,0x00,0x4B,0x01,0x36,0x00,0x49,0x01,0x38,0x00,0x03,0x01,0x08,
   0x00,0x3D,0x01,0x43,0x00,0x3C,0x01,0x2C,0x00,0x01,0x01,0x17,0x00,0x3C,0x01,0x2C,
   0x00,0x03,0x01,0x16,0x00,0x3A,0x01,0x2E,0x00,0x04,0x01,0x14,0x00,0x3A,0x01,0x2E,
   0x00,0x06,0x01,0x12,0x00,0x39,0x01,0x2F,0x00,0x07,0x01,0x12,0x00,0x38,0x01,0x30,
   0x00,0x06,0x01,0x12,0x00,0x38,0x01,0x30,0x00,0x06,0x01,0x12,0x00,0x38,0x01,0x31,
   0x00,0x05,0x01,0x17,0x00,0x34,0x01,0x30,0x00,0x04,0x01,0x18,0x00,0x35,0x01,0x30,
   0x00,0x03,0x01,0x19,0x00,0x36,0x01,0x2E,0x00,0x03,0x01,0x19,0x00,0x35,0x01,0x2F,
   0x00,0x03,0x01,0x19,0x00,0x35,0x01,0x4B,0x00,0x2D,0x01,0x01,0x00,0x07,0x01,0x4B,
   0x00,0x2D,0x01,0x03,0x00,0x05,0x01,0x4B,0x00,0x2D,0x01,0x04,0x00,0x04,0x01,0x4B,
   0x00,0x2D,0x01,0x06,0x00,0x02,0x01,0x4B,0x00,0x2D,0x01,0x52,0x00,0x2E,0x01,0x52,
   0x00,0x2E,0x01,0x52,0x00,0x2E,0x01,0x52,0x00,0x2E,0x01,0x52,0x00,0x2E,0x01,0x54,
   0x00,0x2C,0x01,0x1A,0x00,0x02,0x01,0x3B,0x00,0x29,0x01,0x1A,0x00,0x02,0x01,0x3D,
   0x00,0x27,0x01,0x19,0x00,0x04,0x01,0x3E,0x00,0x25,0x01,0x18,0x00,0x06,0x01,0x44,
   0x00,0x01,0x01,0x06,0x00,0x18,0x01,0x17,0x00,0x07,0x01,0x4C,0x00,0x18,0x01,0x14,
   0x00,0x08,0x01,0x4F,0x00,0x16,0x01,0x12,0x00,0x0A,0x01,0x4E,0x00,0x17,0x01,0x10,
   0x00,0x0B,0x01,0x30,0x00,0x06,0x01,0x19,0x00,0x18,0x01,0x0D,0x00,0x0B,0x01,0x30,
   0x00,0x0A,0x01,0x19,0x00,0x16,0x01,0x0C,0x00,0x0B,0x01,0x31,0x00,0x0D,0x01,0x18,
   0x00,0x12,0x01,0x0C,0x00,0x0B,0x01,0x35,0x00,0x10,0x01,0x15,0x00,0x02,0x01,0x06,
   0x00,0x07,0x01,0x0B,0x00,0x0B,0x01,0x39,0x00,0x10,0x01,0x1A,0x00,0x06,0x01,0x0B,
   0x00,0x0B,0x01,0x3E,0x00,0x0E,0x01,0x18,0x00,0x05,0x01,0x0C,0x00,0x0A,0x01,0x4A,
   0x00,0x04,0x01,0x17,0x00,0x04,0x01,0x0C,0x00,0x0B,0x01,0x65,0x00,0x04,0x01,0x0C,
   0x00,0x09,0x01,0x67,0x00,0x03,0x01,0x0C,0x00,0x09,0x01,0x68,0x00,0x02,0x01,0x0D,
   0x00,0x08,0x01,0x69,0x00,0x01,0x01,0x0E,0x00,0x07,0x01,0x78,0x00,0x07,0x01,0x79,
   0x00,0x06,0x01,0x7A,0x00,0x04,0x01,0xFF,0x01,0xFF,0x01,0xFF,0x01,0xFF,0x01,0xFF,
   0x01,0xFF,0x01,0x74,0x00,0x03,0x01,0x7D,0x00,0x06,0x01,0x7A,0x00,0x07,0x01,0x79,
   0x00,0x07,0x01,0x79,0x00,0x08,0x01,0x78,0x00,0x09,0x01,0x77,0x00,0x09,0x01,0x77,
   0x00,0x09,0x01,0x77,0x00,0x08,0x01,0x78,0x00,0x09,0x01,0x77},
  // Frame 81/234 (Size: 716 bytes)
  {0x00,0x2D,0x01,0x53,0x00,0x2E,0x01,0x52,0x00,0x30,0x01,0x50,0x00,0x31,0x01,0x4F,
   0x00,0x33,0x01,0x4D,0x00,0x34,0x01,0x4C,0x00,0x35,0x01,0x4B,0x00,0x39,0x01,0x47,
   0x00,0x3B,0x01,0x45,0x00,0x3B,0x01,0x45,0x00,0x39,0x01,0x47,0x00,0x3A,0x01,0x46,
   0x00,0x3B,0x01,0x45,0x00,0x3C,0x01,0x44,0x00,0x3C,0x01,0x44,0x00,0x3D,0x01,0x43,
   0x00,0x3E,0x01,0x42,0x00,0x3F,0x01,0x41,0x00,0x40,0x01,0x40,0x00,0x40,0x01,0x40,
   0x00,0x42,0x01,0x01,0x00,0x04,0x01,0x39,0x00,0x47,0x01,0x39,0x00,0x47,0x01,0x39,
   0x00,0x48,0x01,0x38,0x00,0x49,0x01,0x37,0x00,0x49,0x01,0x34,0x00,0x2E,0x01,0x06,
   0x00,0x18,0x01,0x35,0x00,0x2C,0x01,0x09,0x00,0x16,0x01,0x37,0x00,0x27,0x01,0x0D,
   0x00,0x15,0x01,0x37,0x00,0x27,0x01,0x0E,0x00,0x13,0x01,0x38,0x00,0x26,0x01,0x10,
   0x00,0x12,0x01,0x29,0x00,0x04,0x01,0x0B,0x00,0x25,0x01,0x11,0x00,0x12,0x01,0x2A,
   0x00,0x07,0x01,0x02,0x00,0x01,0x01,0x04,0x00,0x24,0x01,0x13,0x00,0x11,0x01,0x2F,
   0x00,0x07,0x01,0x02,0x00,0x23,0x01,0x14,0x00,0x11,0x01,0x31,0x00,0x2A,0x01,0x15,
   0x00,0x10,0x01,0x30,0x00,0x2B,0x01,0x15,0x00,0x0F,0x01,0x2F,0x00,0x02,0x01,0x01,
   0x00,0x2A,0x01,0x15,0x00,0x0F,0x01,0x30,0x00,0x2C,0x01,0x15,0x00,0x0E,0x01,0x32,
   0x00,0x2B,0x01,0x15,0x00,0x0D,0x01,0x34,0x00,0x2A,0x01,0x14,0x00,0x0E,0x01,0x36,
   0x00,0x28,0x01,0x13,0x00,0x0E,0x01,0x2E,0x00,0x07,0x01,0x03,0x00,0x28,0x01,0x13,
   0x00,0x0C,0x01,0x2B,0x00,0x02,0x01,0x03,0x00,0x32,0x01,0x13,0x00,0x0B,0x01,0x2F,
   0x00,0x34,0x01,0x13,0x00,0x0A,0x01,0x28,0x00,0x03,0x01,0x05,0x00,0x05,0x01,0x02,
   0x00,0x2D,0x01,0x14,0x00,0x08,0x01,0x28,0x00,0x0A,0x01,0x07,0x00,0x2D,0x01,0x13,
   0x00,0x07,0x01,0x29,0x00,0x07,0x01,0x09,0x00,0x30,0x01,0x12,0x00,0x06,0x01,0x28,
   0x00,0x06,0x01,0x0A,0x00,0x34,0x01,0x0F,0x00,0x06,0x01,0x28,0x00,0x05,0x01,0x0B,
   0x00,0x35,0x01,0x0E,0x00,0x04,0x01,0x29,0x00,0x05,0x01,0x0B,0x00,0x36,0x01,0x0E,
   0x00,0x03,0x01,0x29,0x00,0x04,0x01,0x0C,0x00,0x37,0x01,0x0E,0x00,0x02,0x01,0x2A,
   0x00,0x03,0x01,0x0D,0x00,0x01,0x01,0x01,0x00,0x35,0x01,0x39,0x00,0x03,0x01,0x0F,
   0x00,0x36,0x01,0x38,0x00,0x03,0x01,0x0F,0x00,0x37,0x01,0x38,0x00,0x02,0x01,0x0F,
   0x00,0x38,0x01,0x37,0x00,0x02,0x01,0x0F,0x00,0x39,0x01,0x36,0x00,0x02,0x01,0x0F,
   0x00,0x3A,0x01,0x46,0x00,0x3B,0x01,0x45,0x00,0x3C,0x01,0x44,0x00,0x3D,0x01,0x43,
   0x00,0x3E,0x01,0x42,0x00,0x3F,0x01,0x41,0x00,0x40,0x01,0x40,0x00,0x41,0x01,0x3F,
   0x00,0x42,0x01,0x0F,0x00,0x02,0x01,0x2D,0x00,0x41,0x01,0x10,0x00,0x03,0x01,0x2C,
   0x00,0x40,0x01,0x10,0x00,0x04,0x01,0x2C,0x00,0x40,0x01,0x0E,0x00,0x07,0x01,0x2B,
   0x00,0x3F,0x01,0x0E,0x00,0x08,0x01,0x2B,0x00,0x3E,0x01,0x0C,0x00,0x0C,0x01,0x1F,
   0x00,0x01,0x01,0x0A,0x00,0x3E,0x01,0x0C,0x00,0x0C,0x01,0x21,0x00,0x01,0x01,0x08,
   0x00,0x3D,0x01,0x0C,0x00,0x0E,0x01,0x21,0x00,0x02,0x01,0x06,0x00,0x3D,0x01,0x0B,
   0x00,0x0F,0x01,0x23,0x00,0x02,0x01,0x04,0x00,0x3C,0x01,0x0C,0x00,0x0F,0x01,0x25,
   0x00,0x02,0x01,0x02,0x00,0x3C,0x01,0x0B,0x00,0x0F,0x01,0x28,0x00,0x01,0x01,0x01,
   0x00,0x3B,0x01,0x0B,0x00,0x10,0x01,0x2A,0x00,0x3B,0x01,0x0A,0x00,0x10,0x01,0x2B,
   0x00,0x3A,0x01,0x0B,0x00,0x0F,0x01,0x2C,0x00,0x3A,0x01,0x0A,0x00,0x0F,0x01,0x2D,
   0x00,0x39,0x01,0x0A,0x00,0x0F,0x01,0x2E,0x00,0x38,0x01,0x0A,0x00,0x0F,0x01,0x2F,
   0x00,0x38,0x01,0x0A,0x00,0x0F,0x01,0x2F,0x00,0x37,0x01,0x0A,0x00,0x0F,0x01,0x30,
   0x00,0x36,0x01,0x0A,0x00,0x0F,0x01,0x31,0x00,0x35,0x01,0x0B,0x00,0x0E,0x01,0x32,
   0x00,0x34,0x01,0x0B,0x00,0x0D,0x01,0x34,0x00,0x34,0x01,0x0A,0x00,0x0D,0x01,0x35,
   0x00,0x33,0x01,0x0B,0x00,0x0C,0x01,0x36,0x00,0x32,0x01,0x0C,0x00,0x0B,0x01,0x37,
   0x00,0x31,0x01,0x0D,0x00,0x0A,0x01,0x38,0x00,0x30,0x01,0x0E,0x00,0x08,0x01,0x3B,
   0x00,0x2E,0x01,0x0E,0x00,0x08,0x01,0x49,0x00,0x20,0x01,0x0F,0x00,0x07,0x01,0x58,
   0x00,0x11,0x01,0x10,0x00,0x05,0x01,0x68,0x00,0x01,0x01,0xD5},
  // Frame 82/234 (Size: 596 bytes)
  {0x00,0x2F,0x01,0x51,0x00,0x2F,0x01,0x51,0x00,0x30,0x01,0x50,0x00,0x31,0x01,0x4F,
   0x00,0x32,0x01,0x4E,0x00,0x33,0x01,0x4D,0x00,0x34,0x01,0x4C,0x00,0x36,0x01,0x4A,
   0x00,0x37,0x01,0x49,0x00,0x3A,0x01,0x46,0x00,0x3B,0x01,0x45,0x00,0x3D,0x01,0x43,
   0x00,0x3E,0x01,0x42,0x00,0x3F,0x01,0x41,0x00,0x41,0x01,0x3F,0x00,0x43,0x01,0x3D,
   0x00,0x44,0x01,0x3C,0x00,0x47,0x01,0x39,0x00,0x49,0x01,0x37,0x00,0x4A,0x01,0x36,
   0x00,0x49,0x01,0x37,0x00,0x49,0x01,0x37,0x00,0x4B,0x01,0x35,0x00,0x4C,0x01,0x34,
   0x00,0x4C,0x01,0x34,0x00,0x4D,0x01,0x33,0x00,0x4E,0x01,0x32,0x00,0x4F,0x01,0x31,
   0x00,0x50,0x01,0x30,0x00,0x50,0x01,0x30,0x00,0x51,0x01,0x05,0x00,0x01,0x01,0x29,
   0x00,0x52,0x01,0x01,0x00,0x04,0x01,0x01,0x00,0x01,0x01,0x27,0x00,0x58,0x01,0x28,
   0x00,0x3C,0x01,0x03,0x00,0x1A,0x01,0x27,0x00,0x3A,0x01,0x08,0x00,0x17,0x01,0x27,
   0x00,0x37,0x01,0x01,0x00,0x01,0x01,0x0A,0x00,0x17,0x01,0x26,0x00,0x37,0x01,0x0D,
   0x00,0x16,0x01,0x26,0x00,0x37,0x01,0x0E,0x00,0x15,0x01,0x26,0x00,0x36,0x01,0x10,
   0x00,0x14,0x01,0x26,0x00,0x34,0x01,0x12,0x00,0x13,0x01,0x27,0x00,0x33,0x01,0x14,
   0x00,0x11,0x01,0x28,0x00,0x33,0x01,0x14,0x00,0x10,0x01,0x29,0x00,0x32,0x01,0x15,
   0x00,0x10,0x01,0x29,0x00,0x32,0x01,0x15,0x00,0x11,0x01,0x28,0x00,0x32,0x01,0x16,
   0x00,0x10,0x01,0x28,0x00,0x32,0x01,0x16,0x00,0x10,0x01,0x28,0x00,0x32,0x01,0x15,
   0x00,0x10,0x01,0x29,0x00,0x33,0x01,0x14,0x00,0x10,0x01,0x29,0x00,0x33,0x01,0x13,
   0x00,0x10,0x01,0x2A,0x00,0x34,0x01,0x12,0x00,0x10,0x01,0x2A,0x00,0x35,0x01,0x12,
   0x00,0x0E,0x01,0x2B,0x00,0x36,0x01,0x13,0x00,0x0B,0x01,0x2C,0x00,0x37,0x01,0x13,
   0x00,0x09,0x01,0x2D,0x00,0x38,0x01,0x13,0x00,0x08,0x01,0x2D,0x00,0x3B,0x01,0x11,
   0x00,0x06,0x01,0x2C,0x00,0x01,0x01,0x01,0x00,0x3F,0x01,0x0E,0x00,0x05,0x01,0x2C,
   0x00,0x44,0x01,0x0C,0x00,0x03,0x01,0x2E,0x00,0x44,0x01,0x0C,0x00,0x03,0x01,0x2D,
   0x00,0x45,0x01,0x0C,0x00,0x02,0x01,0x2D,0x00,0x46,0x01,0x0C,0x00,0x02,0x01,0x2D,
   0x00,0x46,0x01,0x0C,0x00,0x02,0x01,0x2C,0x00,0x46,0x01,0x3A,0x00,0x47,0x01,0x39,
   0x00,0x48,0x01,0x38,0x00,0x49,0x01,0x37,0x00,0x49,0x01,0x37,0x00,0x4A,0x01,0x36,
   0x00,0x4B,0x01,0x35,0x00,0x4C,0x01,0x34,0x00,0x4C,0x01,0x34,0x00,0x4D,0x01,0x33,
   0x00,0x4E,0x01,0x32,0x00,0x4E,0x01,0x32,0x00,0x4F,0x01,0x31,0x00,0x50,0x01,0x30,
   0x00,0x50,0x01,0x30,0x00,0x51,0x01,0x10,0x00,0x01,0x01,0x1E,0x00,0x51,0x01,0x0F,
   0x00,0x03,0x01,0x1D,0x00,0x51,0x01,0x0E,0x00,0x04,0x01,0x1D,0x00,0x50,0x01,0x0E,
   0x00,0x06,0x01,0x1C,0x00,0x4F,0x01,0x0E,0x00,0x08,0x01,0x1B,0x00,0x4F,0x01,0x0C,
   0x00,0x0A,0x01,0x1B,0x00,0x4E,0x01,0x0B,0x00,0x0D,0x01,0x1A,0x00,0x4D,0x01,0x0C,
   0x00,0x0D,0x01,0x1A,0x00,0x4D,0x01,0x0C,0x00,0x0E,0x01,0x19,0x00,0x4C,0x01,0x0C,
   0x00,0x0F,0x01,0x19,0x00,0x4C,0x01,0x0C,0x00,0x10,0x01,0x18,0x00,0x4B,0x01,0x0C,
   0x00,0x12,0x01,0x17,0x00,0x4B,0x01,0x0C,0x00,0x12,0x01,0x17,0x00,0x4A,0x01,0x0C,
   0x00,0x12,0x01,0x18,0x00,0x4A,0x01,0x0B,0x00,0x13,0x01,0x18,0x00,0x49,0x01,0x0C,
   0x00,0x13,0x01,0x18,0x00,0x49,0x01,0x0B,0x00,0x13,0x01,0x19,0x00,0x49,0x01,0x0A,
   0x00,0x13,0x01,0x1A,0x00,0x48,0x01,0x0B,0x00,0x13,0x01,0x1A,0x00,0x48,0x01,0x0A,
   0x00,0x13,0x01,0x1B},
  // Frame 83/234 (Size: 552 bytes)
  {0x00,0x23,0x01,0x59,0x00,0x27,0x01,0x59,0x00,0x28,0x01,0x58,0x00,0x28,0x01,0x58,
   0x00,0x29,0x01,0x5A,0x00,0x27,0x01,0x5A,0x00,0x2A,0x01,0x56,0x00,0x2A,0x01,0x56,
   0x00,0x2A,0x01,0x56,0x00,0x2B,0x01,0x55,0x00,0x2B,0x01,0x55,0x00,0x2C,0x01,0x54,
   0x00,0x2E,0x01,0x52,0x00,0x2F,0x01,0x51,0x00,0x30,0x01,0x50,0x00,0x32,0x01,0x4E,
   0x00,0x34,0x01,0x4C,0x00,0x36,0x01,0x4A,0x00,0x37,0x01,0x49,0x00,0x38,0x01,0x48,
   0x00,0x39,0x01,0x47,0x00,0x3A,0x01,0x46,0x00,0x3C,0x01,0x44,0x00,0x3E,0x01,0x42,
   0x00,0x40,0x01,0x40,0x00,0x41,0x01,0x3F,0x00,0x43,0x01,0x3D,0x00,0x45,0x01,0x3B,
   0x00,0x47,0x01,0x39,0x00,0x49,0x01,0x37,0x00,0x48,0x01,0x38,0x00,0x48,0x01,0x38,
   0x00,0x4A,0x01,0x36,0x00,0x4B,0x01,0x35,0x00,0x4B,0x01,0x35,0x00,0x4C,0x01,0x34,
   0x00,0x4D,0x01,0x33,0x00,0x3D,0x01,0x01,0x00,0x10,0x01,0x32,0x00,0x3B,0x01,0x07,
   0x00,0x0C,0x01,0x32,0x00,0x37,0x01,0x01,0x00,0x01,0x01,0x0B,0x00,0x0B,0x01,0x31,
   0x00,0x37,0x01,0x0E,0x00,0x0B,0x01,0x30,0x00,0x37,0x01,0x0F,0x00,0x0A,0x01,0x06,
   0x00,0x01,0x01,0x02,0x00,0x01,0x01,0x26,0x00,0x36,0x01,0x10,0x00,0x0B,0x01,0x02,
   0x00,0x04,0x01,0x01,0x00,0x02,0x01,0x26,0x00,0x35,0x01,0x12,0x00,0x13,0x01,0x26,
   0x00,0x34,0x01,0x14,0x00,0x11,0x01,0x27,0x00,0x33,0x01,0x15,0x00,0x12,0x01,0x26,
   0x00,0x32,0x01,0x16,0x00,0x13,0x01,0x25,0x00,0x31,0x01,0x18,0x00,0x13,0x01,0x24,
   0x00,0x31,0x01,0x18,0x00,0x13,0x01,0x24,0x00,0x31,0x01,0x18,0x00,0x12,0x01,0x25,
   0x00,0x31,0x01,0x18,0x00,0x11,0x01,0x26,0x00,0x31,0x01,0x18,0x00,0x11,0x01,0x26,
   0x00,0x31,0x01,0x17,0x00,0x11,0x01,0x27,0x00,0x32,0x01,0x16,0x00,0x11,0x01,0x27,
   0x00,0x33,0x01,0x14,0x00,0x12,0x01,0x27,0x00,0x33,0x01,0x14,0x00,0x12,0x01,0x27,
   0x00,0x34,0x01,0x14,0x00,0x10,0x01,0x28,0x00,0x35,0x01,0x14,0x00,0x0F,0x01,0x28,
   0x00,0x36,0x01,0x14,0x00,0x0E,0x01,0x28,0x00,0x37,0x01,0x14,0x00,0x0D,0x01,0x28,
   0x00,0x39,0x01,0x13,0x00,0x0B,0x01,0x29,0x00,0x3D,0x01,0x0F,0x00,0x0A,0x01,0x2A,
   0x00,0x42,0x01,0x0B,0x00,0x08,0x01,0x2B,0x00,0x43,0x01,0x0B,0x00,0x07,0x01,0x2B,
   0x00,0x43,0x01,0x0B,0x00,0x06,0x01,0x2C,0x00,0x44,0x01,0x0B,0x00,0x04,0x01,0x2D,
   0x00,0x44,0x01,0x0B,0x00,0x03,0x01,0x2E,0x00,0x45,0x01,0x0B,0x00,0x02,0x01,0x2E,
   0x00,0x45,0x01,0x0B,0x00,0x01,0x01,0x2F,0x00,0x46,0x01,0x3A,0x00,0x46,0x01,0x3A,
   0x00,0x47,0x01,0x39,0x00,0x47,0x01,0x39,0x00,0x47,0x01,0x39,0x00,0x48,0x01,0x38,
   0x00,0x48,0x01,0x38,0x00,0x48,0x01,0x38,0x00,0x49,0x01,0x37,0x00,0x49,0x01,0x37,
   0x00,0x49,0x01,0x37,0x00,0x4A,0x01,0x36,0x00,0x4A,0x01,0x36,0x00,0x4A,0x01,0x36,
   0x00,0x4B,0x01,0x35,0x00,0x4B,0x01,0x35,0x00,0x4B,0x01,0x35,0x00,0x4C,0x01,0x34,
   0x00,0x4C,0x01,0x34,0x00,0x4C,0x01,0x34,0x00,0x4D,0x01,0x33,0x00,0x4D,0x01,0x33,
   0x00,0x4D,0x01,0x12,0x00,0x02,0x01,0x1F,0x00,0x4E,0x01,0x10,0x00,0x04,0x01,0x1E,
   0x00,0x4E,0x01,0x0F,0x00,0x05,0x01,0x1E,0x00,0x4E,0x01,0x0D,0x00,0x08,0x01,0x1D,
   0x00,0x4D,0x01,0x0C,0x00,0x0B,0x01,0x1C},
  // Frame 84/234 (Size: 532 bytes)
  {0x00,0x23,0x01,0x5D,0x00,0x24,0x01,0x5C,0x00,0x24,0x01,0x5C,0x00,0x25,0x01,0x5B,
   0x00,0x26,0x01,0x5A,0x00,0x27,0x01,0x59,0x00,0x2A,0x01,0x53,0x00,0x2D,0x01,0x53,
   0x00,0x2D,0x01,0x53,0x00,0x2E,0x01,0x52,0x00,0x2F,0x01,0x51,0x00,0x30,0x01,0x50,
   0x00,0x31,0x01,0x52,0x00,0x2F,0x01,0x51,0x00,0x30,0x01,0x50,0x00,0x32,0x01,0x4E,
   0x00,0x33,0x01,0x4D,0x00,0x35,0x01,0x4B,0x00,0x36,0x01,0x4A,0x00,0x38,0x01,0x48,
   0x00,0x39,0x01,0x47,0x00,0x3A,0x01,0x46,0x00,0x3B,0x01,0x45,0x00,0x3C,0x01,0x44,
   0x00,0x3E,0x01,0x42,0x00,0x40,0x01,0x40,0x00,0x40,0x01,0x40,0x00,0x40,0x01,0x40,
   0x00,0x41,0x01,0x3F,0x00,0x41,0x01,0x3F,0x00,0x42,0x01,0x3E,0x00,0x42,0x01,0x3E,
   0x00,0x45,0x01,0x02,0x00,0x01,0x01,0x38,0x00,0x49,0x01,0x37,0x00,0x49,0x01,0x37,
   0x00,0x48,0x01,0x38,0x00,0x47,0x01,0x39,0x00,0x47,0x01,0x39,0x00,0x48,0x01,0x38,
   0x00,0x49,0x01,0x37,0x00,0x49,0x01,0x37,0x00,0x3C,0x01,0x08,0x00,0x06,0x01,0x36,
   0x00,0x38,0x01,0x01,0x00,0x02,0x01,0x0A,0x00,0x05,0x01,0x36,0x00,0x38,0x01,0x0E,
   0x00,0x06,0x01,0x34,0x00,0x38,0x01,0x0F,0x00,0x06,0x01,0x33,0x00,0x37,0x01,0x11,
   0x00,0x05,0x01,0x33,0x00,0x36,0x01,0x12,0x00,0x05,0x01,0x33,0x00,0x35,0x01,0x14,
   0x00,0x05,0x01,0x32,0x00,0x34,0x01,0x15,0x00,0x06,0x01,0x08,0x00,0x01,0x01,0x28,
   0x00,0x33,0x01,0x17,0x00,0x06,0x01,0x03,0x00,0x05,0x01,0x28,0x00,0x33,0x01,0x17,
   0x00,0x0E,0x01,0x28,0x00,0x33,0x01,0x17,0x00,0x0E,0x01,0x28,0x00,0x32,0x01,0x18,
   0x00,0x0E,0x01,0x28,0x00,0x32,0x01,0x19,0x00,0x0E,0x01,0x27,0x00,0x33,0x01,0x17,
   0x00,0x10,0x01,0x26,0x00,0x33,0x01,0x17,0x00,0x10,0x01,0x26,0x00,0x33,0x01,0x16,
   0x00,0x10,0x01,0x27,0x00,0x34,0x01,0x14,0x00,0x11,0x01,0x27,0x00,0x34,0x01,0x14,
   0x00,0x10,0x01,0x28,0x00,0x35,0x01,0x14,0x00,0x0E,0x01,0x29,0x00,0x36,0x01,0x14,
   0x00,0x0D,0x01,0x29,0x00,0x37,0x01,0x14,0x00,0x0C,0x01,0x29,0x00,0x38,0x01,0x14,
   0x00,0x0B,0x01,0x29,0x00,0x39,0x01,0x13,0x00,0x0B,0x01,0x29,0x00,0x3C,0x01,0x11,
   0x00,0x0A,0x01,0x29,0x00,0x42,0x01,0x0B,0x00,0x0A,0x01,0x29,0x00,0x43,0x01,0x0B,
   0x00,0x09,0x01,0x29,0x00,0x44,0x01,0x0A,0x00,0x08,0x01,0x2A,0x00,0x44,0x01,0x0A,
   0x00,0x07,0x01,0x2B,0x00,0x45,0x01,0x0A,0x00,0x05,0x01,0x2C,0x00,0x45,0x01,0x0A,
   0x00,0x04,0x01,0x2B,0x00,0x01,0x01,0x01,0x00,0x45,0x01,0x0A,0x00,0x03,0x01,0x2D,
   0x00,0x47,0x01,0x0A,0x00,0x01,0x01,0x2E,0x00,0x47,0x01,0x3A,0x00,0x46,0x01,0x3A,
   0x00,0x46,0x01,0x3A,0x00,0x47,0x01,0x39,0x00,0x47,0x01,0x39,0x00,0x47,0x01,0x39,
   0x00,0x47,0x01,0x39,0x00,0x47,0x01,0x39,0x00,0x47,0x01,0x39,0x00,0x48,0x01,0x38,
   0x00,0x48,0x01,0x38,0x00,0x48,0x01,0x38,0x00,0x48,0x01,0x38,0x00,0x48,0x01,0x38,
   0x00,0x48,0x01,0x38,0x00,0x48,0x01,0x38,0x00,0x49,0x01,0x37,0x00,0x49,0x01,0x37,
   0x00,0x49,0x01,0x37,0x00,0x49,0x01,0x37,0x00,0x49,0x01,0x37,0x00,0x49,0x01,0x37,
   0x00,0x49,0x01,0x37},
  // Frame 85/234 (Size: 496 bytes)
  {0x00,0x23,0x01,0x1E,0x00,0x14,0x01,0x2B,0x00,0x25,0x01,0x1C,0x00,0x12,0x01,0x2D,
   0x00,0x25,0x01,0x1C,0x00,0x0F,0x01,0x30,0x00,0x25,0x01,0x1D,0x00,0x09,0x01,0x35,
   0x00,0x26,0x01,0x5A,0x00,0x26,0x01,0x5A,0x00,0x27,0x01,0x59,0x00,0x28,0x01,0x58,
   0x00,0x29,0x01,0x57,0x00,0x2B,0x01,0x55,0x00,0x2B,0x01,0x55,0x00,0x2B,0x01,0x55,
   0x00,0x2C,0x01,0x54,0x00,0x2D,0x01,0x53,0x00,0x2E,0x01,0x52,0x00,0x2F,0x01,0x51,
   0x00,0x2F,0x01,0x4F,0x00,0x32,0x01,0x4D,0x00,0x35,0x01,0x4B,0x00,0x36,0x01,0x4A,
   0x00,0x37,0x01,0x49,0x00,0x38,0x01,0x48,0x00,0x3A,0x01,0x46,0x00,0x3B,0x01,0x48,
   0x00,0x39,0x01,0x47,0x00,0x39,0x01,0x47,0x00,0x3A,0x01,0x46,0x00,0x3B,0x01,0x45,
   0x00,0x3C,0x01,0x44,0x00,0x3E,0x01,0x42,0x00,0x40,0x01,0x40,0x00,0x40,0x01,0x40,
   0x00,0x41,0x01,0x3F,0x00,0x41,0x01,0x3F,0x00,0x41,0x01,0x3F,0x00,0x42,0x01,0x3E,
   0x00,0x42,0x01,0x3E,0x00,0x43,0x01,0x03,0x00,0x01,0x01,0x39,0x00,0x45,0x01,0x01,
   0x00,0x02,0x01,0x38,0x00,0x48,0x01,0x38,0x00,0x47,0x01,0x39,0x00,0x46,0x01,0x3A,
   0x00,0x45,0x01,0x3B,0x00,0x45,0x01,0x3B,0x00,0x47,0x01,0x39,0x00,0x48,0x01,0x38,
   0x00,0x42,0x01,0x3E,0x00,0x3D,0x01,0x01,0x00,0x03,0x01,0x3F,0x00,0x3D,0x01,0x43,
   0x00,0x3E,0x01,0x42,0x00,0x3D,0x01,0x43,0x00,0x3C,0x01,0x44,0x00,0x3A,0x01,0x46,
   0x00,0x39,0x01,0x47,0x00,0x38,0x01,0x48,0x00,0x38,0x01,0x1A,0x00,0x01,0x01,0x01,
   0x00,0x01,0x01,0x2B,0x00,0x38,0x01,0x19,0x00,0x05,0x01,0x2A,0x00,0x38,0x01,0x18,
   0x00,0x05,0x01,0x2B,0x00,0x38,0x01,0x18,0x00,0x05,0x01,0x2B,0x00,0x38,0x01,0x18,
   0x00,0x05,0x01,0x2B,0x00,0x38,0x01,0x17,0x00,0x07,0x01,0x2A,0x00,0x38,0x01,0x17,
   0x00,0x08,0x01,0x29,0x00,0x39,0x01,0x15,0x00,0x09,0x01,0x29,0x00,0x39,0x01,0x15,
   0x00,0x09,0x01,0x29,0x00,0x3A,0x01,0x15,0x00,0x08,0x01,0x29,0x00,0x3B,0x01,0x15,
   0x00,0x06,0x01,0x2A,0x00,0x3C,0x01,0x14,0x00,0x05,0x01,0x2B,0x00,0x3D,0x01,0x14,
   0x00,0x03,0x01,0x2C,0x00,0x3E,0x01,0x13,0x00,0x04,0x01,0x2B,0x00,0x40,0x01,0x11,
   0x00,0x04,0x01,0x2B,0x00,0x44,0x01,0x0E,0x00,0x03,0x01,0x2B,0x00,0x47,0x01,0x0B,
   0x00,0x03,0x01,0x2B,0x00,0x49,0x01,0x09,0x00,0x03,0x01,0x2B,0x00,0x4A,0x01,0x09,
   0x00,0x01,0x01,0x2C,0x00,0x4A,0x01,0x09,0x00,0x01,0x01,0x2C,0x00,0x4A,0x01,0x36,
   0x00,0x4A,0x01,0x36,0x00,0x4B,0x01,0x35,0x00,0x4B,0x01,0x35,0x00,0x4B,0x01,0x35,
   0x00,0x4B,0x01,0x35,0x00,0x4B,0x01,0x35,0x00,0x4B,0x01,0x35,0x00,0x4B,0x01,0x35,
   0x00,0x4B,0x01,0x35,0x00,0x4B,0x01,0x35,0x00,0x4B,0x01,0x35,0x00,0x4B,0x01,0x35,
   0x00,0x4C,0x01,0x34,0x00,0x4C,0x01,0x34,0x00,0x4C,0x01,0x34,0x00,0x4C,0x01,0x34,
   0x00,0x4C,0x01,0x34,0x00,0x4C,0x01,0x34,0x00,0x4C,0x01,0x34,0x00,0x4C,0x01,0x34},
  // Frame 86/234 (Size: 564 bytes)
  {0x00,0x22,0x01,0x1A,0x00,0x13,0x01,0x26,0x00,0x2D,0x01,0x19,0x00,0x13,0x01,0x29,
   0x00,0x2B,0x01,0x19,0x00,0x11,0x01,0x2C,0x00,0x2A,0x01,0x18,0x00,0x11,0x01,0x2E,
   0x00,0x29,0x01,0x17,0x00,0x11,0x01,0x30,0x00,0x29,0x01,0x16,0x00,0x10,0x01,0x32,
   0x00,0x28,0x01,0x15,0x00,0x10,0x01,0x34,0x00,0x28,0x01,0x13,0x00,0x11,0x01,0x35,
   0x00,0x27,0x01,0x13,0x00,0x10,0x01,0x37,0x00,0x27,0x01,0x11,0x00,0x10,0x01,0x39,
   0x00,0x26,0x01,0x11,0x00,0x0F,0x01,0x3B,0x00,0x26,0x01,0x0F,0x00,0x10,0x01,0x3B,
   0x00,0x19,0x01,0x02,0x00,0x01,0x01,0x02,0x00,0x09,0x01,0x0E,0x00,0x0F,0x01,0x3C,
   0x00,0x1A,0x01,0x07,0x00,0x07,0x01,0x0D,0x00,0x0C,0x01,0x3F,0x00,0x19,0x01,0x0C,
   0x00,0x03,0x01,0x0E,0x00,0x07,0x01,0x43,0x00,0x17,0x01,0x11,0x00,0x01,0x01,0x0D,
   0x00,0x01,0x01,0x49,0x00,0x18,0x01,0x59,0x00,0x06,0x01,0x09,0x00,0x19,0x01,0x58,
   0x00,0x08,0x01,0x07,0x00,0x1A,0x01,0x57,0x00,0x0A,0x01,0x05,0x00,0x17,0x01,0x5A,
   0x00,0x0B,0x01,0x04,0x00,0x19,0x01,0x58,0x00,0x0D,0x01,0x02,0x00,0x1A,0x01,0x57,
   0x00,0x0E,0x01,0x01,0x00,0x1B,0x01,0x56,0x00,0x2C,0x01,0x54,0x00,0x2D,0x01,0x53,
   0x00,0x31,0x01,0x4F,0x00,0x32,0x01,0x4E,0x00,0x32,0x01,0x52,0x00,0x2F,0x01,0x56,
   0x00,0x2C,0x01,0x59,0x00,0x28,0x01,0x59,0x00,0x29,0x01,0x57,0x00,0x2B,0x01,0x55,
   0x00,0x2E,0x01,0x52,0x00,0x30,0x01,0x50,0x00,0x32,0x01,0x4E,0x00,0x33,0x01,0x4D,
   0x00,0x35,0x01,0x4B,0x00,0x37,0x01,0x49,0x00,0x3A,0x01,0x46,0x00,0x3A,0x01,0x46,
   0x00,0x3A,0x01,0x46,0x00,0x3A,0x01,0x46,0x00,0x3B,0x01,0x45,0x00,0x3C,0x01,0x05,
   0x00,0x01,0x01,0x3E,0x00,0x3E,0x01,0x03,0x00,0x02,0x01,0x3D,0x00,0x44,0x01,0x3C,
   0x00,0x44,0x01,0x3C,0x00,0x44,0x01,0x3C,0x00,0x43,0x01,0x3D,0x00,0x42,0x01,0x3E,
   0x00,0x42,0x01,0x3E,0x00,0x3E,0x01,0x01,0x00,0x03,0x01,0x3E,0x00,0x3F,0x01,0x01,
   0x00,0x01,0x01,0x3F,0x00,0x3F,0x01,0x41,0x00,0x3E,0x01,0x42,0x00,0x3D,0x01,0x43,
   0x00,0x3C,0x01,0x44,0x00,0x3B,0x01,0x45,0x00,0x3A,0x01,0x17,0x00,0x02,0x01,0x2D,
   0x00,0x3A,0x01,0x17,0x00,0x02,0x01,0x2D,0x00,0x3A,0x01,0x17,0x00,0x01,0x01,0x2E,
   0x00,0x3A,0x01,0x17,0x00,0x02,0x01,0x2D,0x00,0x3A,0x01,0x17,0x00,0x02,0x01,0x2D,
   0x00,0x3A,0x01,0x16,0x00,0x04,0x01,0x2C,0x00,0x3A,0x01,0x15,0x00,0x06,0x01,0x2B,
   0x00,0x3B,0x01,0x15,0x00,0x05,0x01,0x2B,0x00,0x3C,0x01,0x15,0x00,0x03,0x01,0x2C,
   0x00,0x3C,0x01,0x16,0x00,0x01,0x01,0x2D,0x00,0x3D,0x01,0x43,0x00,0x3E,0x01,0x42,
   0x00,0x3F,0x01,0x41,0x00,0x41,0x01,0x3F,0x00,0x45,0x01,0x3B,0x00,0x4A,0x01,0x36,
   0x00,0x4C,0x01,0x34,0x00,0x4D,0x01,0x33,0x00,0x4D,0x01,0x33,0x00,0x4D,0x01,0x33,
   0x00,0x4E,0x01,0x32,0x00,0x4E,0x01,0x2C,0x00,0x01,0x01,0x05,0x00,0x4E,0x01,0x2C,
   0x00,0x02,0x01,0x04,0x00,0x4E,0x01,0x2D,0x00,0x03,0x01,0x02,0x00,0x4D,0x01,0x2E,
   0x00,0x04,0x01,0x01,0x00,0x4D,0x01,0x2F,0x00,0x50,0x01,0x31,0x00,0x4F,0x01,0x31,
   0x00,0x4F,0x01,0x32,0x00,0x4F,0x01,0x31,0x00,0x50,0x01,0x31,0x00,0x50,0x01,0x30,
   0x00,0x50,0x01,0x31,0x00,0x4E,0x01,0x32,0x00,0x4E,0x01,0x32,0x00,0x4E,0x01,0x32,
   0x00,0x4E,0x01,0x32},
  // Frame 87/234 (Size: 586 bytes)
  {0x00,0xFF,0x00,0x5C,0x01,0x03,0x00,0x73,0x01,0x13,0x00,0x6A,0x01,0x19,0x00,0x65,
   0x01,0x1D,0x00,0x60,0x01,0x21,0x00,0x5E,0x01,0x24,0x00,0x5B,0x01,0x26,0x00,0x59,
   0x01,0x29,0x00,0x56,0x01,0x2B,0x00,0x54,0x01,0x2D,0x00,0x52,0x01,0x30,0x00,0x50,
   0x01,0x32,0x00,0x4D,0x01,0x34,0x00,0x4B,0x01,0x38,0x00,0x48,0x01,0x3A,0x00,0x23,
   0x01,0x03,0x00,0x01,0x01,0x0B,0x00,0x13,0x01,0x3E,0x00,0x1F,0x01,0x13,0x00,0x10,
   0x01,0x25,0x00,0x06,0x01,0x15,0x00,0x1D,0x01,0x13,0x00,0x0F,0x01,0x26,0x00,0x09,
   0x01,0x12,0x00,0x1D,0x01,0x14,0x00,0x0A,0x01,0x2A,0x00,0x0B,0x01,0x10,0x00,0x1C,
   0x01,0x14,0x00,0x06,0x01,0x30,0x00,0x0D,0x01,0x0C,0x00,0x1D,0x01,0x14,0x00,0x04,
   0x01,0x32,0x00,0x10,0x01,0x05,0x00,0x21,0x01,0x4A,0x00,0x36,0x01,0x4A,0x00,0x36,
   0x01,0x4A,0x00,0x37,0x01,0x49,0x00,0x35,0x01,0x4B,0x00,0x36,0x01,0x4A,0x00,0x36,
   0x01,0x4B,0x00,0x34,0x01,0x50,0x00,0x31,0x01,0x53,0x00,0x2E,0x01,0x56,0x00,0x29,
   0x01,0x5B,0x00,0x27,0x01,0x5D,0x00,0x25,0x01,0x5F,0x00,0x24,0x01,0x5D,0x00,0x25,
   0x01,0x5B,0x00,0x27,0x01,0x59,0x00,0x29,0x01,0x57,0x00,0x2D,0x01,0x01,0x00,0x01,
   0x01,0x51,0x00,0x32,0x01,0x4E,0x00,0x33,0x01,0x4D,0x00,0x36,0x01,0x4A,0x00,0x39,
   0x01,0x47,0x00,0x3A,0x01,0x46,0x00,0x3D,0x01,0x01,0x00,0x03,0x01,0x3F,0x00,0x42,
   0x01,0x3E,0x00,0x42,0x01,0x3E,0x00,0x41,0x01,0x3F,0x00,0x40,0x01,0x40,0x00,0x41,
   0x01,0x3F,0x00,0x3F,0x01,0x41,0x00,0x3C,0x01,0x01,0x00,0x01,0x01,0x42,0x00,0x3C,
   0x01,0x44,0x00,0x3C,0x01,0x44,0x00,0x3B,0x01,0x13,0x00,0x01,0x01,0x31,0x00,0x3A,
   0x01,0x12,0x00,0x03,0x01,0x31,0x00,0x39,0x01,0x12,0x00,0x03,0x01,0x32,0x00,0x38,
   0x01,0x14,0x00,0x03,0x01,0x31,0x00,0x38,0x01,0x14,0x00,0x03,0x01,0x31,0x00,0x38,
   0x01,0x14,0x00,0x04,0x01,0x30,0x00,0x38,0x01,0x14,0x00,0x04,0x01,0x30,0x00,0x39,
   0x01,0x12,0x00,0x05,0x01,0x30,0x00,0x39,0x01,0x12,0x00,0x04,0x01,0x31,0x00,0x39,
   0x01,0x13,0x00,0x02,0x01,0x32,0x00,0x3A,0x01,0x13,0x00,0x01,0x01,0x32,0x00,0x3B,
   0x01,0x12,0x00,0x02,0x01,0x31,0x00,0x3C,0x01,0x12,0x00,0x01,0x01,0x31,0x00,0x3D,
   0x01,0x43,0x00,0x3F,0x01,0x41,0x00,0x46,0x01,0x3A,0x00,0x48,0x01,0x38,0x00,0x48,
   0x01,0x38,0x00,0x48,0x01,0x2C,0x00,0x03,0x01,0x09,0x00,0x49,0x01,0x2D,0x00,0x03,
   0x01,0x07,0x00,0x49,0x01,0x2E,0x00,0x52,0x01,0x2E,0x00,0x52,0x01,0x2D,0x00,0x09,
   0x01,0x01,0x00,0x49,0x01,0x29,0x00,0x01,0x01,0x04,0x00,0x05,0x01,0x04,0x00,0x49,
   0x01,0x2A,0x00,0x02,0x01,0x03,0x00,0x03,0x01,0x05,0x00,0x49,0x01,0x2A,0x00,0x03,
   0x01,0x03,0x00,0x01,0x01,0x06,0x00,0x49,0x01,0x2B,0x00,0x04,0x01,0x01,0x00,0x01,
   0x01,0x06,0x00,0x49,0x01,0x2B,0x00,0x05,0x01,0x07,0x00,0x49,0x01,0x2C,0x00,0x05,
   0x01,0x06,0x00,0x49,0x01,0x2C,0x00,0x05,0x01,0x06,0x00,0x49,0x01,0x2C,0x00,0x04,
   0x01,0x07,0x00,0x49,0x01,0x2D,0x00,0x03,0x01,0x07,0x00,0x49,0x01,0x2D,0x00,0x03,
   0x01,0x07,0x00,0x49,0x01,0x2E,0x00,0x02,0x01,0x07,0x00,0x49,0x01,0x2E,0x00,0x03,
   0x01,0x06,0x00,0x49,0x01,0x2E,0x00,0x03,0x01,0x06,0x00,0x49,0x01,0x2F,0x00,0x02,
   0x01,0x06,0x00,0x4A,0x01,0x2E,0x00,0x01,0x01,0x07,0x00,0x4A,0x01,0x0A,0x00,0x01,
   0x01,0x2B,0x00,0x4B,0x01,0x09,0x00,0x02,0x01,0x2A},
  // Frame 88/234 (Size: 666 bytes)
  {0x00,0xFF,0x00,0xFF,0x00,0xFF,0x00,0xFF,0x00,0xFF,0x00,0x57,0x01,0x06,0x00,0x73,
   0x01,0x11,0x00,0x6D,0x01,0x15,0x00,0x69,0x01,0x19,0x00,0x52,0x01,0x01,0x00,0x13,
   0x01,0x1C,0x00,0x4D,0x01,0x0A,0x00,0x0C,0x01,0x1E,0x00,0x4A,0x01,0x0C,0x00,0x0B,
   0x01,0x20,0x00,0x46,0x01,0x01,0x00,0x01,0x01,0x0D,0x00,0x0A,0x01,0x23,0x00,0x42,
   0x01,0x10,0x00,0x0A,0x01,0x25,0x00,0x40,0x01,0x11,0x00,0x0A,0x01,0x27,0x00,0x3E,
   0x01,0x10,0x00,0x0A,0x01,0x2A,0x00,0x3B,0x01,0x11,0x00,0x09,0x01,0x2C,0x00,0x3A,
   0x01,0x11,0x00,0x07,0x01,0x1E,0x00,0x06,0x01,0x0C,0x00,0x38,0x01,0x11,0x00,0x01,
   0x01,0x24,0x00,0x08,0x01,0x0C,0x00,0x36,0x01,0x36,0x00,0x0A,0x01,0x0B,0x00,0x35,
   0x01,0x36,0x00,0x0D,0x01,0x06,0x00,0x36,0x01,0x37,0x00,0x4A,0x01,0x36,0x00,0x4A,
   0x01,0x36,0x00,0x4A,0x01,0x36,0x00,0x4C,0x01,0x34,0x00,0x4F,0x01,0x35,0x00,0x4C,
   0x01,0x38,0x00,0x49,0x01,0x3C,0x00,0x46,0x01,0x3E,0x00,0x44,0x01,0x3F,0x00,0x45,
   0x01,0x3C,0x00,0x45,0x01,0x3D,0x00,0x46,0x01,0x3B,0x00,0x46,0x01,0x3B,0x00,0x46,
   0x01,0x3A,0x00,0x48,0x01,0x01,0x00,0x02,0x01,0x35,0x00,0x4C,0x01,0x33,0x00,0x4C,
   0x01,0x34,0x00,0x4C,0x01,0x33,0x00,0x4E,0x01,0x31,0x00,0x50,0x01,0x31,0x00,0x4A,
   0x01,0x38,0x00,0x45,0x01,0x01,0x00,0x01,0x01,0x3B,0x00,0x44,0x01,0x0E,0x00,0x01,
   0x01,0x30,0x00,0x40,0x01,0x0D,0x00,0x03,0x01,0x2C,0x00,0x02,0x01,0x04,0x00,0x3D,
   0x01,0x0C,0x00,0x05,0x01,0x2E,0x00,0x40,0x01,0x0E,0x00,0x05,0x01,0x2F,0x00,0x3E,
   0x01,0x0E,0x00,0x05,0x01,0x32,0x00,0x3B,0x01,0x0E,0x00,0x05,0x01,0x33,0x00,0x3A,
   0x01,0x0E,0x00,0x05,0x01,0x35,0x00,0x38,0x01,0x0D,0x00,0x05,0x01,0x35,0x00,0x3A,
   0x01,0x0D,0x00,0x04,0x01,0x36,0x00,0x3A,0x01,0x0D,0x00,0x03,0x01,0x20,0x00,0x02,
   0x01,0x14,0x00,0x3B,0x01,0x0C,0x00,0x03,0x01,0x1A,0x00,0x01,0x01,0x07,0x00,0x02,
   0x01,0x11,0x00,0x3D,0x01,0x0C,0x00,0x01,0x01,0x1B,0x00,0x04,0x01,0x06,0x00,0x02,
   0x01,0x0F,0x00,0x41,0x01,0x21,0x00,0x02,0x01,0x01,0x00,0x09,0x01,0x03,0x00,0x02,
   0x01,0x06,0x00,0x01,0x01,0x06,0x00,0x44,0x01,0x1F,0x00,0x0D,0x01,0x02,0x00,0x03,
   0x01,0x05,0x00,0x02,0x01,0x04,0x00,0x44,0x01,0x1F,0x00,0x0F,0x01,0x02,0x00,0x05,
   0x01,0x02,0x00,0x02,0x01,0x03,0x00,0x44,0x01,0x20,0x00,0x16,0x01,0x01,0x00,0x03,
   0x01,0x03,0x00,0x43,0x01,0x20,0x00,0x1C,0x01,0x01,0x00,0x43,0x01,0x21,0x00,0x0B,
   0x01,0x03,0x00,0x51,0x01,0x21,0x00,0x08,0x01,0x07,0x00,0x50,0x01,0x22,0x00,0x06,
   0x01,0x08,0x00,0x50,0x01,0x22,0x00,0x06,0x01,0x09,0x00,0x08,0x01,0x03,0x00,0x44,
   0x01,0x23,0x00,0x04,0x01,0x0A,0x00,0x02,0x01,0x0A,0x00,0x43,0x01,0x23,0x00,0x04,
   0x01,0x16,0x00,0x43,0x01,0x23,0x00,0x04,0x01,0x16,0x00,0x43,0x01,0x24,0x00,0x03,
   0x01,0x16,0x00,0x43,0x01,0x24,0x00,0x03,0x01,0x16,0x00,0x43,0x01,0x24,0x00,0x03,
   0x01,0x16,0x00,0x43,0x01,0x3D,0x00,0x43,0x01,0x3D,0x00,0x43,0x01,0x0B,0x00,0x02,
   0x01,0x30,0x00,0x43,0x01,0x0B,0x00,0x03,0x01,0x2F,0x00,0x44,0x01,0x0A,0x00,0x03,
   0x01,0x2F,0x00,0x45,0x01,0x09,0x00,0x04,0x01,0x2E,0x00,0x46,0x01,0x07,0x00,0x06,
   0x01,0x2D,0x00,0x45,0x01,0x08,0x00,0x07,0x01,0x2C,0x00,0x45,0x01,0x08,0x00,0x07,
   0x01,0x2C,0x00,0x44,0x01,0x08,0x00,0x09,0x01,0x2B,0x00,0x43,0x01,0x09,0x00,0x09,
   0x01,0x2B,0x00,0x43,0x01,0x09,0x00,0x0A,0x01,0x2A,0x00,0x42,0x01,0x09,0x00,0x0B,
   0x01,0x2A,0x00,0x42,0x01,0x08,0x00,0x0C,0x01,0x2A,0x00,0x41,0x01,0x09,0x00,0x0B,
   0x01,0x2B,0x00,0x41,0x01,0x08,0x00,0x0C,0x01,0x2A,0x00,0x41,0x01,0x08,0x00,0x0C,
   0x01,0x2B,0x00,0x41,0x01,0x07,0x00,0x0C,0x01,0x2B,0x00,0x41,0x01,0x08,0x00,0x0B,
   0x01,0x2E,0x00,0x3F,0x01,0x07,0x00,0x0B,0x01,0x2F},
  // Frame 89/234 (Size: 638 bytes)
  {0x00,0xFF,0x00,0xFF,0x00,0xFF,0x00,0xFF,0x00,0xFF,0x00,0xFF,0x00,0xFF,0x00,0xFF,
   0x00,0x3B,0x01,0x02,0x00,0x13,0x01,0x0A,0x00,0x61,0x01,0x02,0x00,0x02,0x01,0x03,
   0x00,0x0B,0x01,0x10,0x00,0x5F,0x01,0x09,0x00,0x07,0x01,0x12,0x00,0x5E,0x01,0x09,
   0x00,0x06,0x01,0x14,0x00,0x5C,0x01,0x09,0x00,0x06,0x01,0x17,0x00,0x5A,0x01,0x08,
   0x00,0x06,0x01,0x19,0x00,0x5A,0x01,0x06,0x00,0x06,0x01,0x1B,0x00,0x5A,0x01,0x05,
   0x00,0x05,0x01,0x1E,0x00,0x51,0x01,0x07,0x00,0x02,0x01,0x1C,0x00,0x04,0x01,0x07,
   0x00,0x50,0x01,0x25,0x00,0x06,0x01,0x07,0x00,0x4F,0x01,0x24,0x00,0x08,0x01,0x06,
   0x00,0x4E,0x01,0x24,0x00,0x5E,0x01,0x22,0x00,0x5F,0x01,0x21,0x00,0x60,0x01,0x21,
   0x00,0x61,0x01,0x23,0x00,0x60,0x01,0x23,0x00,0x5E,0x01,0x25,0x00,0x5D,0x01,0x25,
   0x00,0x5C,0x01,0x25,0x00,0x5F,0x01,0x22,0x00,0x5E,0x01,0x23,0x00,0x5C,0x01,0x23,
   0x00,0x5E,0x01,0x22,0x00,0x5C,0x01,0x01,0x00,0x02,0x01,0x20,0x00,0x5B,0x01,0x05,
   0x00,0x01,0x01,0x20,0x00,0x59,0x01,0x06,0x00,0x02,0x01,0x02,0x00,0x01,0x01,0x20,
   0x00,0x54,0x01,0x08,0x00,0x04,0x01,0x21,0x00,0x52,0x01,0x09,0x00,0x05,0x01,0x23,
   0x00,0x4F,0x01,0x0A,0x00,0x04,0x01,0x23,0x00,0x4F,0x01,0x09,0x00,0x05,0x01,0x23,
   0x00,0x4F,0x01,0x09,0x00,0x04,0x01,0x24,0x00,0x50,0x01,0x09,0x00,0x03,0x01,0x22,
   0x00,0x01,0x01,0x02,0x00,0x51,0x01,0x08,0x00,0x01,0x01,0x24,0x00,0x57,0x01,0x27,
   0x00,0x01,0x01,0x03,0x00,0x56,0x01,0x20,0x00,0x04,0x01,0x03,0x00,0x59,0x01,0x16,
   0x00,0x01,0x01,0x07,0x00,0x02,0x01,0x01,0x00,0x5F,0x01,0x16,0x00,0x04,0x01,0x02,
   0x00,0x01,0x01,0x02,0x00,0x61,0x01,0x17,0x00,0x07,0x01,0x02,0x00,0x60,0x01,0x17,
   0x00,0x05,0x01,0x0B,0x00,0x59,0x01,0x18,0x00,0x04,0x01,0x0C,0x00,0x58,0x01,0x18,
   0x00,0x03,0x01,0x0D,0x00,0x58,0x01,0x18,0x00,0x03,0x01,0x0D,0x00,0x58,0x01,0x19,
   0x00,0x01,0x01,0x0E,0x00,0x58,0x01,0x28,0x00,0x58,0x01,0x28,0x00,0x59,0x01,0x07,
   0x00,0x01,0x01,0x1F,0x00,0x59,0x01,0x07,0x00,0x02,0x01,0x1E,0x00,0x5B,0x01,0x04,
   0x00,0x04,0x01,0x1D,0x00,0x5A,0x01,0x05,0x00,0x05,0x01,0x1C,0x00,0x59,0x01,0x06,
   0x00,0x05,0x01,0x1D,0x00,0x58,0x01,0x06,0x00,0x06,0x01,0x20,0x00,0x53,0x01,0x06,
   0x00,0x07,0x01,0x25,0x00,0x4D,0x01,0x06,0x00,0x08,0x01,0x2A,0x00,0x48,0x01,0x06,
   0x00,0x07,0x01,0x2E,0x00,0x44,0x01,0x06,0x00,0x07,0x01,0x1B,0x00,0x01,0x01,0x14,
   0x00,0x43,0x01,0x05,0x00,0x07,0x01,0x1C,0x00,0x04,0x01,0x07,0x00,0x02,0x01,0x08,
   0x00,0x42,0x01,0x05,0x00,0x07,0x01,0x1E,0x00,0x05,0x01,0x08,0x00,0x04,0x01,0x07,
   0x00,0x3D,0x01,0x06,0x00,0x06,0x01,0x22,0x00,0x05,0x01,0x17,0x00,0x36,0x01,0x05,
   0x00,0x06,0x01,0x29,0x00,0x01,0x01,0x1D,0x00,0x2D,0x01,0x05,0x00,0x05,0x01,0x52,
   0x00,0x23,0x01,0x06,0x00,0x04,0x01,0x5D,0x00,0x18,0x01,0x07,0x00,0x03,0x01,0x6B,
   0x00,0x0A,0x01,0x08,0x00,0x01,0x01,0xFF,0x01,0xBF,0x00,0x07,0x01,0x79,0x00,0x07,
   0x01,0x79,0x00,0x07,0x01,0x07,0x00,0x01,0x01,0x10,0x00,0x04,0x01,0x5D,0x00,0x07,
   0x01,0x04,0x00,0x01,0x01,0x01,0x00,0x06,0x01,0x0E,0x00,0x13,0x01,0x4C,0x00,0x07,
   0x01,0x05,0x00,0x09,0x01,0x0E,0x00,0x1D,0x01,0x40,0x00,0x17,0x01,0x0B,0x00,0x1F,
   0x01,0x3F,0x00,0x19,0x01,0x08,0x00,0x1F,0x01,0x40,0x00,0x1B,0x01,0x07,0x00,0x1E,
   0x01,0x40,0x00,0x1C,0x01,0x07,0x00,0x1D,0x01,0x40,0x00,0x1E,0x01,0x07,0x00,0x1B,
   0x01,0x40,0x00,0x1F,0x01,0x07,0x00,0x1A,0x01,0x40,0x00,0x21,0x01,0x07,0x00,0x19,
   0x01,0x3F,0x00,0x23,0x01,0x05,0x00,0x29,0x01,0x20,0x00,0x03,0x01,0x0C},
  // Frame 90/234 (Size: 560 bytes)
  {0x00,0xFF,0x00,0xFF,0x00,0xFF,0x00,0xFF,0x00,0xFF,0x00,0xFF,0x00,0xFF,0x00,0xFF,
   0x00,0xFF,0x00,0xBE,0x01,0x02,0x00,0x0D,0x01,0x0A,0x00,0x66,0x01,0x0A,0x00,0x05,
   0x01,0x0D,0x00,0x65,0x01,0x09,0x00,0x04,0x01,0x0F,0x00,0x65,0x01,0x07,0x00,0x04,
   0x01,0x11,0x00,0x65,0x01,0x05,0x00,0x04,0x01,0x14,0x00,0x5F,0x01,0x1B,0x00,0x01,
   0x01,0x06,0x00,0x5E,0x01,0x1A,0x00,0x05,0x01,0x05,0x00,0x5C,0x01,0x1A,0x00,0x07,
   0x01,0x04,0x00,0x5D,0x01,0x18,0x00,0x69,0x01,0x17,0x00,0x6A,0x01,0x18,0x00,0x6B,
   0x01,0x19,0x00,0x68,0x01,0x1A,0x00,0x68,0x01,0x19,0x00,0x69,0x01,0x18,0x00,0x68,
   0x01,0x19,0x00,0x68,0x01,0x18,0x00,0x65,0x01,0x02,0x00,0x02,0x01,0x16,0x00,0x65,
   0x01,0x04,0x00,0x01,0x01,0x18,0x00,0x62,0x01,0x06,0x00,0x03,0x01,0x17,0x00,0x5F,
   0x01,0x07,0x00,0x04,0x01,0x16,0x00,0x5F,0x01,0x07,0x00,0x04,0x01,0x18,0x00,0x5E,
   0x01,0x06,0x00,0x03,0x01,0x1A,0x00,0x5E,0x01,0x06,0x00,0x02,0x01,0x19,0x00,0x62,
   0x01,0x03,0x00,0x01,0x01,0x1A,0x00,0x63,0x01,0x17,0x00,0x02,0x01,0x02,0x00,0x01,
   0x01,0x02,0x00,0x62,0x01,0x10,0x00,0x02,0x01,0x05,0x00,0x69,0x01,0x11,0x00,0x08,
   0x01,0x02,0x00,0x65,0x01,0x11,0x00,0x04,0x01,0x07,0x00,0x64,0x01,0x11,0x00,0x03,
   0x01,0x08,0x00,0x64,0x01,0x12,0x00,0x02,0x01,0x08,0x00,0x64,0x01,0x12,0x00,0x01,
   0x01,0x09,0x00,0x64,0x01,0x1C,0x00,0x65,0x01,0x05,0x00,0x01,0x01,0x15,0x00,0x66,
   0x01,0x04,0x00,0x02,0x01,0x14,0x00,0x66,0x01,0x03,0x00,0x04,0x01,0x13,0x00,0x65,
   0x01,0x04,0x00,0x04,0x01,0x17,0x00,0x60,0x01,0x05,0x00,0x05,0x01,0x1F,0x00,0x57,
   0x01,0x04,0x00,0x05,0x01,0x22,0x00,0x54,0x01,0x04,0x00,0x06,0x01,0x12,0x00,0x02,
   0x01,0x06,0x00,0x02,0x01,0x06,0x00,0x54,0x01,0x03,0x00,0x06,0x01,0x13,0x00,0x05,
   0x01,0x05,0x00,0x0B,0x01,0x0F,0x00,0x3F,0x01,0x04,0x00,0x05,0x01,0x17,0x00,0x04,
   0x01,0x05,0x00,0x04,0x01,0x15,0x00,0x0D,0x01,0x07,0x00,0x29,0x01,0x04,0x00,0x05,
   0x01,0x3A,0x00,0x0C,0x01,0x12,0x00,0x1E,0x01,0x04,0x00,0x05,0x01,0x3B,0x00,0x0C,
   0x01,0x1B,0x00,0x14,0x01,0x05,0x00,0x04,0x01,0x3C,0x00,0x0D,0x01,0x26,0x00,0x08,
   0x01,0x05,0x00,0x02,0x01,0x3E,0x00,0x0E,0x01,0x72,0x00,0x11,0x01,0x6F,0x00,0x17,
   0x01,0x69,0x00,0x17,0x01,0x05,0x00,0x01,0x01,0x63,0x00,0x17,0x01,0x03,0x00,0x07,
   0x01,0x0B,0x00,0x0E,0x01,0x46,0x00,0x25,0x01,0x0B,0x00,0x10,0x01,0x40,0x00,0x29,
   0x01,0x07,0x00,0x0F,0x01,0x41,0x00,0x2C,0x01,0x03,0x00,0x10,0x01,0x41,0x00,0x3F,
   0x01,0x41,0x00,0x40,0x01,0x0C,0x00,0x02,0x01,0x32,0x00,0x50,0x01,0x0A,0x00,0x01,
   0x01,0x04,0x00,0x05,0x01,0x1C,0x00,0x50,0x01,0x0A,0x00,0x0D,0x01,0x19,0x00,0x50,
   0x01,0x0A,0x00,0x12,0x01,0x14,0x00,0x50,0x01,0x04,0x00,0x01,0x01,0x06,0x00,0x18,
   0x01,0x0D,0x00,0x51,0x01,0x03,0x00,0x02,0x01,0x05,0x00,0x1D,0x01,0x08,0x00,0x51,
   0x01,0x02,0x00,0x03,0x01,0x05,0x00,0x1F,0x01,0x06,0x00,0x52,0x01,0x01,0x00,0x04,
   0x01,0x04,0x00,0x20,0x01,0x01,0x00,0x02,0x01,0x02,0x00,0x57,0x01,0x03,0x00,0x22,
   0x01,0x01,0x00,0xFF,0x00,0xFF,0x00,0xFF,0x00,0xFF,0x00,0xFF,0x00,0xFF,0x00,0x89},
  // Frame 91/234 (Size: 462 bytes)
  {0x00,0xFF,0x00,0xFF,0x00,0xFF,0x00,0xFF,0x00,0xFF,0x00,0xFF,0x00,0xFF,0x00,0xFF,
   0x00,0xFF,0x00,0x43,0x01,0x02,0x00,0x7C,0x01,0x04,0x00,0x7C,0x01,0x07,0x00,0x05,
   0x01,0x07,0x00,0x6D,0x01,0x06,0x00,0x04,0x01,0x0B,0x00,0x6C,0x01,0x05,0x00,0x03,
   0x01,0x0D,0x00,0x68,0x01,0x02,0x00,0x01,0x01,0x04,0x00,0x03,0x01,0x10,0x00,0x66,
   0x01,0x15,0x00,0x02,0x01,0x06,0x00,0x63,0x01,0x15,0x00,0x05,0x01,0x02,0x00,0x66,
   0x01,0x12,0x00,0x6F,0x01,0x11,0x00,0x71,0x01,0x10,0x00,0x71,0x01,0x13,0x00,0x6E,
   0x01,0x14,0x00,0x6E,0x01,0x13,0x00,0x6D,0x01,0x16,0x00,0x6B,0x01,0x18,0x00,0x64,
   0x01,0x03,0x00,0x02,0x01,0x18,0x00,0x62,0x01,0x05,0x00,0x03,0x01,0x16,0x00,0x62,
   0x01,0x05,0x00,0x04,0x01,0x14,0x00,0x63,0x01,0x05,0x00,0x04,0x01,0x11,0x00,0x67,
   0x01,0x05,0x00,0x02,0x01,0x10,0x00,0x6C,0x01,0x02,0x00,0x01,0x01,0x11,0x00,0x6C,
   0x01,0x0E,0x00,0x72,0x01,0x0E,0x00,0x07,0x01,0x01,0x00,0x6B,0x01,0x0D,0x00,0x05,
   0x01,0x04,0x00,0x6A,0x01,0x0D,0x00,0x03,0x01,0x06,0x00,0x6A,0x01,0x0E,0x00,0x01,
   0x01,0x07,0x00,0x6A,0x01,0x16,0x00,0x6B,0x01,0x15,0x00,0x6C,0x01,0x02,0x00,0x02,
   0x01,0x10,0x00,0x6B,0x01,0x03,0x00,0x03,0x01,0x19,0x00,0x60,0x01,0x03,0x00,0x04,
   0x01,0x1A,0x00,0x5F,0x01,0x03,0x00,0x04,0x01,0x0F,0x00,0x01,0x01,0x0A,0x00,0x5E,
   0x01,0x03,0x00,0x05,0x01,0x0E,0x00,0x08,0x01,0x03,0x00,0x5F,0x01,0x02,0x00,0x05,
   0x01,0x18,0x00,0x06,0x01,0x0F,0x00,0x25,0x01,0x02,0x00,0x24,0x01,0x03,0x00,0x04,
   0x01,0x2F,0x00,0x23,0x01,0x0D,0x00,0x19,0x01,0x03,0x00,0x04,0x01,0x31,0x00,0x23,
   0x01,0x15,0x00,0x0F,0x01,0x04,0x00,0x03,0x01,0x32,0x00,0x23,0x01,0x28,0x00,0x02,
   0x01,0x34,0x00,0x24,0x01,0x5F,0x00,0x26,0x01,0x5B,0x00,0x26,0x01,0x03,0x00,0x02,
   0x01,0x0A,0x00,0x04,0x01,0x48,0x00,0x25,0x01,0x02,0x00,0x07,0x01,0x07,0x00,0x0F,
   0x01,0x3B,0x00,0x32,0x01,0x07,0x00,0x0C,0x01,0x3C,0x00,0x35,0x01,0x03,0x00,0x0C,
   0x01,0x14,0x00,0x05,0x01,0x23,0x00,0x45,0x01,0x13,0x00,0x07,0x01,0x20,0x00,0x53,
   0x01,0x07,0x00,0x08,0x01,0x1F,0x00,0x52,0x01,0x07,0x00,0x0B,0x01,0x1C,0x00,0x52,
   0x01,0x07,0x00,0x11,0x01,0x11,0x00,0x02,0x01,0x01,0x00,0x54,0x01,0x03,0x00,0x01,
   0x01,0x03,0x00,0x17,0x01,0x0A,0x00,0x58,0x01,0x02,0x00,0x02,0x01,0x03,0x00,0x19,
   0x01,0x01,0x00,0x01,0x01,0x06,0x00,0x59,0x01,0x01,0x00,0x03,0x01,0x02,0x00,0x1D,
   0x01,0x03,0x00,0xFF,0x00,0xFF,0x00,0xFF,0x00,0xFF,0x00,0xFF,0x00,0xFF,0x00,0xFF,
   0x00,0xFF,0x00,0xFF,0x00,0xFF,0x00,0xFF,0x00,0xFF,0x00,0xFF,0x00,0x19},
  // Frame 92/234 (Size: 374 bytes)
  {0x00,0xFF,0x00,0xFF,0x00,0xFF,0x00,0xFF,0x00,0xFF,0x00,0xFF,0x00,0xFF,0x00,0xFF,
   0x00,0xFF,0x00,0xFF,0x00,0xC3,0x01,0x02,0x00,0x08,0x01,0x06,0x00,0x70,0x01,0x05,
   0x00,0x03,0x01,0x09,0x00,0x6F,0x01,0x04,0x00,0x03,0x01,0x0C,0x00,0x6C,0x01,0x15,
   0x00,0x6B,0x01,0x11,0x00,0x02,0x01,0x03,0x00,0x6B,0x01,0x0F,0x00,0x73,0x01,0x0D,
   0x00,0x74,0x01,0x0E,0x00,0x74,0x01,0x0F,0x00,0x73,0x01,0x0E,0x00,0x72,0x01,0x0F,
   0x00,0x6E,0x01,0x02,0x00,0x02,0x01,0x0D,0x00,0x6E,0x01,0x04,0x00,0x03,0x01,0x0C,
   0x00,0x6D,0x01,0x04,0x00,0x03,0x01,0x0D,0x00,0x6D,0x01,0x03,0x00,0x02,0x01,0x10,
   0x00,0x6D,0x01,0x02,0x00,0x01,0x01,0x10,0x00,0x6D,0x01,0x13,0x00,0x6E,0x01,0x0A,
   0x00,0x03,0x01,0x04,0x00,0x6F,0x01,0x0B,0x00,0x02,0x01,0x04,0x00,0x6F,0x01,0x0B,
   0x00,0x01,0x01,0x05,0x00,0x6F,0x01,0x11,0x00,0x70,0x01,0x02,0x00,0x02,0x01,0x0C,
   0x00,0x70,0x01,0x02,0x00,0x02,0x01,0x0C,0x00,0x6F,0x01,0x03,0x00,0x03,0x01,0x0F,
   0x00,0x6A,0x01,0x03,0x00,0x03,0x01,0x15,0x00,0x65,0x01,0x02,0x00,0x04,0x01,0x0B,
   0x00,0x02,0x01,0x02,0x00,0x05,0x01,0x01,0x00,0x04,0x01,0x09,0x00,0x39,0x01,0x02,
   0x00,0x1C,0x01,0x03,0x00,0x03,0x01,0x0E,0x00,0x01,0x01,0x03,0x00,0x03,0x01,0x10,
   0x00,0x37,0x01,0x0B,0x00,0x12,0x01,0x03,0x00,0x02,0x01,0x28,0x00,0x36,0x01,0x16,
   0x00,0x06,0x01,0x04,0x00,0x01,0x01,0x29,0x00,0x37,0x01,0x4A,0x00,0x3B,0x01,0x47,
   0x00,0x3A,0x01,0x02,0x00,0x03,0x01,0x06,0x00,0x08,0x01,0x34,0x00,0x40,0x01,0x04,
   0x00,0x0D,0x01,0x2F,0x00,0x42,0x01,0x03,0x00,0x0C,0x01,0x2F,0x00,0x44,0x01,0x03,
   0x00,0x0B,0x01,0x06,0x00,0x02,0x01,0x26,0x00,0x45,0x01,0x02,0x00,0x15,0x01,0x06,
   0x00,0x07,0x01,0x17,0x00,0x5C,0x01,0x06,0x00,0x0C,0x01,0x12,0x00,0x5C,0x01,0x06,
   0x00,0x11,0x01,0x09,0x00,0x60,0x01,0x02,0x00,0x02,0x01,0x02,0x00,0x14,0x01,0x05,
   0x00,0xFF,0x00,0xFF,0x00,0xFF,0x00,0xFF,0x00,0xFF,0x00,0xFF,0x00,0xFF,0x00,0xFF,
   0x00,0xFF,0x00,0xFF,0x00,0xFF,0x00,0xFF,0x00,0xFF,0x00,0xFF,0x00,0xFF,0x00,0xFF,
   0x00,0xFF,0x00,0xFF,0x00,0x29},
  // Frame 93/234 (Size: 330 bytes)
  {0x00,0xFF,0x00,0xFF,0x00,0xFF,0x00,0xFF,0x00,0xFF,0x00,0xFF,0x00,0xFF,0x00,0xFF,
   0x00,0xFF,0x00,0xFF,0x00,0xC5,0x01,0x01,0x00,0x08,0x01,0x01,0x00,0x76,0x01,0x03,
   0x00,0x04,0x01,0x06,0x00,0x73,0x01,0x03,0x00,0x03,0x01,0x09,0x00,0x70,0x01,0x11,
   0x00,0x6F,0x01,0x0D,0x00,0x03,0x01,0x02,0x00,0x6F,0x01,0x0C,0x00,0x76,0x01,0x0B,
   0x00,0x77,0x01,0x0B,0x00,0x76,0x01,0x0C,0x00,0x72,0x01,0x01,0x00,0x01,0x01,0x0D,
   0x00,0x70,0x01,0x03,0x00,0x02,0x01,0x0C,0x00,0x6F,0x01,0x03,0x00,0x03,0x01,0x0C,
   0x00,0x6E,0x01,0x03,0x00,0x02,0x01,0x0E,0x00,0x6F,0x01,0x02,0x00,0x01,0x01,0x0D,
   0x00,0x71,0x01,0x0C,0x00,0x74,0x01,0x09,0x00,0x02,0x01,0x03,0x00,0x72,0x01,0x09,
   0x00,0x01,0x01,0x04,0x00,0x72,0x01,0x0E,0x00,0x73,0x01,0x02,0x00,0x01,0x01,0x0A,
   0x00,0x72,0x01,0x02,0x00,0x02,0x01,0x0C,0x00,0x70,0x01,0x02,0x00,0x03,0x01,0x11,
   0x00,0x69,0x01,0x02,0x00,0x03,0x01,0x0A,0x00,0x03,0x01,0x04,0x00,0x6A,0x01,0x02,
   0x00,0x02,0x01,0x0D,0x00,0x02,0x01,0x03,0x00,0x01,0x01,0x0C,0x00,0x43,0x01,0x0A,
   0x00,0x0F,0x01,0x02,0x00,0x02,0x01,0x21,0x00,0x43,0x01,0x14,0x00,0x03,0x01,0x03,
   0x00,0x01,0x01,0x23,0x00,0x45,0x01,0x3D,0x00,0x45,0x01,0x02,0x00,0x01,0x01,0x07,
   0x00,0x02,0x01,0x2F,0x00,0x4B,0x01,0x06,0x00,0x08,0x01,0x27,0x00,0x5A,0x01,0x0D,
   0x00,0x03,0x01,0x17,0x00,0x59,0x01,0x03,0x00,0x05,0x01,0x05,0x00,0x05,0x01,0x14,
   0x00,0x62,0x01,0x05,0x00,0x08,0x01,0x11,0x00,0x62,0x01,0x05,0x00,0x0E,0x01,0x08,
   0x00,0x66,0x01,0x01,0x00,0x01,0x01,0x02,0x00,0x11,0x01,0x04,0x00,0x67,0x01,0x01,
   0x00,0xFF,0x00,0xFF,0x00,0xFF,0x00,0xFF,0x00,0xFF,0x00,0xFF,0x00,0xFF,0x00,0xFF,
   0x00,0xFF,0x00,0xFF,0x00,0xFF,0x00,0xFF,0x00,0xFF,0x00,0xFF,0x00,0xFF,0x00,0xFF,
   0x00,0xFF,0x00,0xFF,0x00,0xFF,0x00,0xFF,0x00,0xCA},
  // Frame 94/234 (Size: 310 bytes)
  {0x00,0xFF,0x00,0xFF,0x00,0xFF,0x00,0xFF,0x00,0xFF,0x00,0xFF,0x00,0xFF,0x00,0xFF,
   0x00,0xFF,0x00,0xFF,0x00,0xC6,0x01,0x03,0x00,0x7D,0x01,0x03,0x00,0x03,0x01,0x06,
   0x00,0x72,0x01,0x05,0x00,0x02,0x01,0x08,0x00,0x72,0x01,0x10,0x00,0x71,0x01,0x0B,
   0x00,0x03,0x01,0x02,0x00,0x71,0x01,0x0A,0x00,0x77,0x01,0x0B,0x00,0x77,0x01,0x0B,
   0x00,0x75,0x01,0x0C,0x00,0x71,0x01,0x03,0x00,0x01,0x01,0x0C,0x00,0x70,0x01,0x03,
   0x00,0x02,0x01,0x0D,0x00,0x6F,0x01,0x02,0x00,0x02,0x01,0x0D,0x00,0x70,0x01,0x02,
   0x00,0x01,0x01,0x0C,0x00,0x72,0x01,0x08,0x00,0x78,0x01,0x08,0x00,0x02,0x01,0x03,
   0x00,0x73,0x01,0x08,0x00,0x02,0x01,0x03,0x00,0x74,0x01,0x0C,0x00,0x74,0x01,0x01,
   0x00,0x02,0x01,0x09,0x00,0x73,0x01,0x02,0x00,0x02,0x01,0x0F,0x00,0x6C,0x01,0x02,
   0x00,0x03,0x01,0x0D,0x00,0x02,0x01,0x01,0x00,0x6B,0x01,0x02,0x00,0x02,0x01,0x0B,
   0x00,0x01,0x01,0x03,0x00,0x04,0x01,0x09,0x00,0x49,0x01,0x05,0x00,0x11,0x01,0x02,
   0x00,0x02,0x01,0x1E,0x00,0x48,0x01,0x0F,0x00,0x07,0x01,0x02,0x00,0x01,0x01,0x1F,
   0x00,0x4A,0x01,0x38,0x00,0x4A,0x01,0x09,0x00,0x01,0x01,0x2D,0x00,0x4F,0x01,0x03,
   0x00,0x0A,0x01,0x24,0x00,0x52,0x01,0x02,0x00,0x09,0x01,0x0C,0x00,0x02,0x01,0x15,
   0x00,0x53,0x01,0x02,0x00,0x10,0x01,0x04,0x00,0x05,0x01,0x12,0x00,0x65,0x01,0x04,
   0x00,0x08,0x01,0x0F,0x00,0x65,0x01,0x04,0x00,0x0E,0x01,0x06,0x00,0x68,0x01,0x01,
   0x00,0x02,0x01,0x01,0x00,0x11,0x01,0x02,0x00,0xFF,0x00,0xFF,0x00,0xFF,0x00,0xFF,
   0x00,0xFF,0x00,0xFF,0x00,0xFF,0x00,0xFF,0x00,0xFF,0x00,0xFF,0x00,0xFF,0x00,0xFF,
   0x00,0xFF,0x00,0xFF,0x00,0xFF,0x00,0xFF,0x00,0xFF,0x00,0xFF,0x00,0xFF,0x00,0xFF,
   0x00,0xFF,0x00,0xFF,0x00,0x37},
  // Frame 95/234 (Size: 310 bytes)
  {0x00,0xFF,0x00,0xFF,0x00,0xFF,0x00,0xFF,0x00,0xFF,0x00,0xFF,0x00,0xFF,0x00,0xFF,
   0x00,0xFF,0x00,0xFF,0x00,0xC5,0x01,0x01,0x00,0x01,0x01,0x02,0x00,0x7C,0x01,0x04,
   0x00,0x03,0x01,0x06,0x00,0x72,0x01,0x05,0x00,0x01,0x01,0x09,0x00,0x72,0x01,0x0F,
   0x00,0x72,0x01,0x0B,0x00,0x02,0x01,0x03,0x00,0x71,0x01,0x0A,0x00,0x78,0x01,0x09,
   0x00,0x78,0x01,0x0A,0x00,0x74,0x01,0x01,0x00,0x01,0x01,0x0B,0x00,0x72,0x01,0x03,
   0x00,0x02,0x01,0x09,0x00,0x72,0x01,0x03,0x00,0x02,0x01,0x09,0x00,0x73,0x01,0x02,
   0x00,0x02,0x01,0x0B,0x00,0x72,0x01,0x0F,0x00,0x72,0x01,0x0E,0x00,0x72,0x01,0x08,
   0x00,0x01,0x01,0x03,0x00,0x74,0x01,0x08,0x00,0x01,0x01,0x03,0x00,0x75,0x01,0x01,
   0x00,0x01,0x01,0x09,0x00,0x74,0x01,0x02,0x00,0x02,0x01,0x08,0x00,0x74,0x01,0x01,
   0x00,0x03,0x01,0x0B,0x00,0x70,0x01,0x02,0x00,0x03,0x01,0x0F,0x00,0x6C,0x01,0x01,
   0x00,0x03,0x01,0x0A,0x00,0x01,0x01,0x03,0x00,0x01,0x01,0x02,0x00,0x01,0x01,0x0A,
   0x00,0x48,0x01,0x09,0x00,0x0E,0x01,0x02,0x00,0x01,0x01,0x1F,0x00,0x48,0x01,0x13,
   0x00,0x02,0x01,0x23,0x00,0x4C,0x01,0x35,0x00,0x4C,0x01,0x01,0x00,0x02,0x01,0x04,
   0x00,0x08,0x01,0x27,0x00,0x4F,0x01,0x03,0x00,0x0A,0x01,0x24,0x00,0x51,0x01,0x02,
   0x00,0x0A,0x01,0x23,0x00,0x53,0x01,0x01,0x00,0x11,0x01,0x04,0x00,0x05,0x01,0x12,
   0x00,0x65,0x01,0x04,0x00,0x0B,0x01,0x0C,0x00,0x65,0x01,0x04,0x00,0x0E,0x01,0x06,
   0x00,0x68,0x01,0x01,0x00,0x14,0x01,0x01,0x00,0xFF,0x00,0xFF,0x00,0xFF,0x00,0xFF,
   0x00,0xFF,0x00,0xFF,0x00,0xFF,0x00,0xFF,0x00,0xFF,0x00,0xFF,0x00,0xFF,0x00,0xFF,
   0x00,0xFF,0x00,0xFF,0x00,0xFF,0x00,0xFF,0x00,0xFF,0x00,0xFF,0x00,0xFF,0x00,0xFF,
   0x00,0xFF,0x00,0xFF,0x00,0x38},
  // Frame 96/234 (Size: 300 bytes)
  {0x00,0xFF,0x00,0xFF,0x00,0xFF,0x00,0xFF,0x00,0xFF,0x00,0xFF,0x00,0xFF,0x00,0xFF,
   0x00,0xFF,0x00,0xC5,0x01,0x03,0x00,0x7D,0x01,0x03,0x00,0x7B,0x01,0x01,0x00,0x01,
   0x01,0x02,0x00,0x03,0x01,0x06,0x00,0x73,0x01,0x05,0x00,0x01,0x01,0x08,0x00,0x73,
   0x01,0x0F,0x00,0x72,0x01,0x0A,0x00,0x03,0x01,0x02,0x00,0x72,0x01,0x09,0x00,0x78,
   0x01,0x0A,0x00,0x77,0x01,0x0A,0x00,0x75,0x01,0x0C,0x00,0x73,0x01,0x03,0x00,0x01,
   0x01,0x0A,0x00,0x72,0x01,0x03,0x00,0x02,0x01,0x0B,0x00,0x72,0x01,0x01,0x00,0x01,
   0x01,0x0D,0x00,0x71,0x01,0x0F,0x00,0x72,0x01,0x0C,0x00,0x74,0x01,0x07,0x00,0x02,
   0x01,0x03,0x00,0x74,0x01,0x08,0x00,0x01,0x01,0x03,0x00,0x74,0x01,0x0C,0x00,0x74,
   0x01,0x01,0x00,0x02,0x01,0x0A,0x00,0x72,0x01,0x02,0x00,0x02,0x01,0x10,0x00,0x6C,
   0x01,0x01,0x00,0x03,0x01,0x09,0x00,0x02,0x01,0x04,0x00,0x6C,0x01,0x02,0x00,0x02,
   0x01,0x11,0x00,0x01,0x01,0x0A,0x00,0x49,0x01,0x06,0x00,0x10,0x01,0x02,0x00,0x02,
   0x01,0x1E,0x00,0x48,0x01,0x11,0x00,0x04,0x01,0x03,0x00,0x01,0x01,0x20,0x00,0x4B,
   0x01,0x36,0x00,0x4B,0x01,0x01,0x00,0x02,0x01,0x08,0x00,0x01,0x01,0x2A,0x00,0x51,
   0x01,0x04,0x00,0x08,0x01,0x23,0x00,0x5D,0x01,0x0C,0x00,0x03,0x01,0x14,0x00,0x65,
   0x01,0x04,0x00,0x05,0x01,0x12,0x00,0x65,0x01,0x04,0x00,0x0A,0x01,0x0D,0x00,0x65,
   0x01,0x04,0x00,0x0F,0x01,0x05,0x00,0x68,0x01,0x01,0x00,0x14,0x01,0x02,0x00,0xFF,
   0x00,0xFF,0x00,0xFF,0x00,0xFF,0x00,0xFF,0x00,0xFF,0x00,0xFF,0x00,0xFF,0x00,0xFF,
   0x00,0xFF,0x00,0xFF,0x00,0xFF,0x00,0xFF,0x00,0xFF,0x00,0xFF,0x00,0xFF,0x00,0xFF,
   0x00,0xFF,0x00,0xFF,0x00,0xFF,0x00,0xFF,0x00,0xFF,0x00,0xB8},
  // Frame 97/234 (Size: 294 bytes)
  {0x00,0xFF,0x00,0xFF,0x00,0xFF,0x00,0xFF,0x00,0xFF,0x00,0xFF,0x00,0xFF,0x00,0xFF,
   0x00,0xFF,0x00,0xC9,0x01,0x04,0x00,0x74,0x01,0x01,0x00,0x06,0x01,0x07,0x00,0x72,
   0x01,0x03,0x00,0x03,0x01,0x09,0x00,0x72,0x01,0x0B,0x00,0x02,0x01,0x03,0x00,0x6E,
   0x01,0x0D,0x00,0x74,0x01,0x0D,0x00,0x74,0x01,0x0F,0x00,0x74,0x01,0x0E,0x00,0x74,
   0x01,0x0B,0x00,0x74,0x01,0x0D,0x00,0x72,0x01,0x03,0x00,0x02,0x01,0x0B,0x00,0x72,
   0x01,0x0E,0x00,0x73,0x01,0x0D,0x00,0x73,0x01,0x07,0x00,0x79,0x01,0x07,0x00,0x02,
   0x01,0x03,0x00,0x74,0x01,0x08,0x00,0x01,0x01,0x03,0x00,0x74,0x01,0x0C,0x00,0x74,
   0x01,0x02,0x00,0x01,0x01,0x09,0x00,0x73,0x01,0x02,0x00,0x03,0x01,0x0A,0x00,0x71,
   0x01,0x02,0x00,0x02,0x01,0x10,0x00,0x6B,0x01,0x02,0x00,0x03,0x01,0x09,0x00,0x01,
   0x01,0x04,0x00,0x04,0x01,0x09,0x00,0x49,0x01,0x06,0x00,0x10,0x01,0x02,0x00,0x02,
   0x01,0x1E,0x00,0x48,0x01,0x10,0x00,0x06,0x01,0x02,0x00,0x01,0x01,0x20,0x00,0x4A,
   0x01,0x37,0x00,0x4B,0x01,0x02,0x00,0x01,0x01,0x05,0x00,0x03,0x01,0x2B,0x00,0x50,
   0x01,0x03,0x00,0x0A,0x01,0x23,0x00,0x52,0x01,0x02,0x00,0x09,0x01,0x24,0x00,0x52,
   0x01,0x02,0x00,0x10,0x01,0x04,0x00,0x05,0x01,0x12,0x00,0x65,0x01,0x04,0x00,0x09,
   0x01,0x0E,0x00,0x65,0x01,0x04,0x00,0x0F,0x01,0x05,0x00,0x68,0x01,0x02,0x00,0x01,
   0x01,0x01,0x00,0x11,0x01,0x02,0x00,0xFF,0x00,0xFF,0x00,0xFF,0x00,0xFF,0x00,0xFF,
   0x00,0xFF,0x00,0xFF,0x00,0xFF,0x00,0xFF,0x00,0xFF,0x00,0xFF,0x00,0xFF,0x00,0xFF,
   0x00,0xFF,0x00,0xFF,0x00,0xFF,0x00,0xFF,0x00,0xFF,0x00,0xFF,0x00,0xFF,0x00,0xFF,
   0x00,0xFF,0x00,0xFF,0x00,0x3A},
  // Frame 98/234 (Size: 290 bytes)
  {0x00,0xFF,0x00,0xFF,0x00,0xFF,0x00,0xFF,0x00,0xFF,0x00,0xFF,0x00,0xFF,0x00,0xFF,
   0x00,0xFF,0x00,0xC7,0x01,0x06,0x00,0x79,0x01,0x08,0x00,0x73,0x01,0x02,0x00,0x03,
   0x01,0x06,0x00,0x01,0x01,0x02,0x00,0x71,0x01,0x0C,0x00,0x03,0x01,0x01,0x00,0x6F,
   0x01,0x0E,0x00,0x73,0x01,0x10,0x00,0x72,0x01,0x10,0x00,0x73,0x01,0x0C,0x00,0x74,
   0x01,0x0D,0x00,0x72,0x01,0x04,0x00,0x01,0x01,0x0B,0x00,0x70,0x01,0x03,0x00,0x02,
   0x01,0x0C,0x00,0x71,0x01,0x0E,0x00,0x73,0x01,0x07,0x00,0x79,0x01,0x07,0x00,0x03,
   0x01,0x02,0x00,0x74,0x01,0x08,0x00,0x01,0x01,0x03,0x00,0x74,0x01,0x0C,0x00,0x74,
   0x01,0x02,0x00,0x01,0x01,0x09,0x00,0x74,0x01,0x02,0x00,0x02,0x01,0x0A,0x00,0x71,
   0x01,0x02,0x00,0x03,0x01,0x0F,0x00,0x6C,0x01,0x01,0x00,0x03,0x01,0x09,0x00,0x02,
   0x01,0x03,0x00,0x07,0x01,0x05,0x00,0x4A,0x01,0x02,0x00,0x15,0x01,0x02,0x00,0x02,
   0x01,0x1D,0x00,0x48,0x01,0x0B,0x00,0x0B,0x01,0x02,0x00,0x02,0x01,0x1F,0x00,0x48,
   0x01,0x39,0x00,0x4B,0x01,0x36,0x00,0x4A,0x01,0x01,0x00,0x04,0x01,0x04,0x00,0x09,
   0x01,0x25,0x00,0x51,0x01,0x03,0x00,0x08,0x01,0x24,0x00,0x5D,0x01,0x03,0x00,0x04,
   0x01,0x04,0x00,0x04,0x01,0x14,0x00,0x64,0x01,0x04,0x00,0x07,0x01,0x11,0x00,0x64,
   0x01,0x05,0x00,0x0C,0x01,0x08,0x00,0x67,0x01,0x02,0x00,0x01,0x01,0x01,0x00,0x10,
   0x01,0x04,0x00,0xFF,0x00,0xFF,0x00,0xFF,0x00,0xFF,0x00,0xFF,0x00,0xFF,0x00,0xFF,
   0x00,0xFF,0x00,0xFF,0x00,0xFF,0x00,0xFF,0x00,0xFF,0x00,0xFF,0x00,0xFF,0x00,0xFF,
   0x00,0xFF,0x00,0xFF,0x00,0xFF,0x00,0xFF,0x00,0xFF,0x00,0xFF,0x00,0xFF,0x00,0xFF,
   0x00,0xBA},
  // Frame 99/234 (Size: 310 bytes)
  {0x00,0xFF,0x00,0xFF,0x00,0xFF,0x00,0xFF,0x00,0xFF,0x00,0xFF,0x00,0xFF,0x00,0xFF,
   0x00,0xFF,0x00,0xC7,0x01,0x06,0x00,0x73,0x01,0x01,0x00,0x01,0x01,0x01,0x00,0x03,
   0x01,0x08,0x00,0x72,0x01,0x03,0x00,0x03,0x01,0x0A,0x00,0x70,0x01,0x0C,0x00,0x03,
   0x01,0x02,0x00,0x6E,0x01,0x0D,0x00,0x74,0x01,0x0E,0x00,0x74,0x01,0x0F,0x00,0x74,
   0x01,0x0C,0x00,0x75,0x01,0x0C,0x00,0x72,0x01,0x03,0x00,0x01,0x01,0x0C,0x00,0x6F,
   0x01,0x04,0x00,0x01,0x01,0x0D,0x00,0x6F,0x01,0x03,0x00,0x01,0x01,0x0C,0x00,0x72,
   0x01,0x08,0x00,0x01,0x01,0x02,0x00,0x75,0x01,0x08,0x00,0x03,0x01,0x01,0x00,0x74,
   0x01,0x08,0x00,0x02,0x01,0x03,0x00,0x73,0x01,0x0D,0x00,0x74,0x01,0x0C,0x00,0x74,
   0x01,0x01,0x00,0x02,0x01,0x09,0x00,0x73,0x01,0x02,0x00,0x02,0x01,0x10,0x00,0x6B,
   0x01,0x02,0x00,0x03,0x01,0x09,0x00,0x01,0x01,0x04,0x00,0x6D,0x01,0x02,0x00,0x02,
   0x01,0x0B,0x00,0x01,0x01,0x04,0x00,0x02,0x01,0x0B,0x00,0x47,0x01,0x08,0x00,0x0F,
   0x01,0x02,0x00,0x02,0x01,0x1E,0x00,0x48,0x01,0x13,0x00,0x02,0x01,0x24,0x00,0x4B,
   0x01,0x37,0x00,0x4A,0x01,0x01,0x00,0x03,0x01,0x05,0x00,0x05,0x01,0x28,0x00,0x51,
   0x01,0x03,0x00,0x09,0x01,0x24,0x00,0x52,0x01,0x02,0x00,0x08,0x01,0x0C,0x00,0x01,
   0x01,0x01,0x00,0x01,0x01,0x15,0x00,0x64,0x01,0x04,0x00,0x05,0x01,0x12,0x00,0x65,
   0x01,0x04,0x00,0x0A,0x01,0x0B,0x00,0x01,0x01,0x01,0x00,0x65,0x01,0x04,0x00,0x0F,
   0x01,0x05,0x00,0x68,0x01,0x01,0x00,0xFF,0x00,0xFF,0x00,0xFF,0x00,0xFF,0x00,0xFF,
   0x00,0xFF,0x00,0xFF,0x00,0xFF,0x00,0xFF,0x00,0xFF,0x00,0xFF,0x00,0xFF,0x00,0xFF,
   0x00,0xFF,0x00,0xFF,0x00,0xFF,0x00,0xFF,0x00,0xFF,0x00,0xFF,0x00,0xFF,0x00,0xFF,
   0x00,0xFF,0x00,0xFF,0x00,0x51},
  // Frame 100/234 (Size: 298 bytes)
  {0x00,0xFF,0x00,0xFF,0x00,0xFF,0x00,0xFF,0x00,0xFF,0x00,0xFF,0x00,0xFF,0x00,0xFF,
   0x00,0xFF,0x00,0xFF,0x00,0x42,0x01,0x01,0x00,0x06,0x01,0x03,0x00,0x75,0x01,0x04,
   0x00,0x03,0x01,0x07,0x00,0x73,0x01,0x02,0x00,0x03,0x01,0x0A,0x00,0x6F,0x01,0x0D,
   0x00,0x02,0x01,0x03,0x00,0x6E,0x01,0x0D,0x00,0x75,0x01,0x0B,0x00,0x76,0x01,0x0D,
   0x00,0x75,0x01,0x0D,0x00,0x75,0x01,0x0D,0x00,0x71,0x01,0x11,0x00,0x6E,0x01,0x03,
   0x00,0x02,0x01,0x0D,0x00,0x6E,0x01,0x03,0x00,0x02,0x01,0x0A,0x00,0x73,0x01,0x0C,
   0x00,0x75,0x01,0x07,0x00,0x79,0x01,0x08,0x00,0x02,0x01,0x03,0x00,0x73,0x01,0x08,
   0x00,0x01,0x01,0x04,0x00,0x73,0x01,0x0D,0x00,0x74,0x01,0x01,0x00,0x01,0x01,0x0A,
   0x00,0x73,0x01,0x02,0x00,0x02,0x01,0x10,0x00,0x6B,0x01,0x02,0x00,0x03,0x01,0x09,
   0x00,0x02,0x01,0x04,0x00,0x6C,0x01,0x02,0x00,0x02,0x01,0x0B,0x00,0x02,0x01,0x03,
   0x00,0x04,0x01,0x08,0x00,0x48,0x01,0x05,0x00,0x12,0x01,0x02,0x00,0x02,0x01,0x1E,
   0x00,0x47,0x01,0x0E,0x00,0x08,0x01,0x03,0x00,0x01,0x01,0x1F,0x00,0x49,0x01,0x39,
   0x00,0x4A,0x01,0x37,0x00,0x4F,0x01,0x06,0x00,0x07,0x01,0x24,0x00,0x5C,0x01,0x0C,
   0x00,0x03,0x01,0x15,0x00,0x5D,0x01,0x02,0x00,0x05,0x01,0x04,0x00,0x05,0x01,0x13,
   0x00,0x65,0x01,0x04,0x00,0x07,0x01,0x10,0x00,0x65,0x01,0x04,0x00,0x0D,0x01,0x07,
   0x00,0x68,0x01,0x01,0x00,0x01,0x01,0x02,0x00,0x10,0x01,0x03,0x00,0xFF,0x00,0xFF,
   0x00,0xFF,0x00,0xFF,0x00,0xFF,0x00,0xFF,0x00,0xFF,0x00,0xFF,0x00,0xFF,0x00,0xFF,
   0x00,0xFF,0x00,0xFF,0x00,0xFF,0x00,0xFF,0x00,0xFF,0x00,0xFF,0x00,0xFF,0x00,0xFF,
   0x00,0xFF,0x00,0xFF,0x00,0xFF,0x00,0xFF,0x00,0xBA},
  // Frame 101/234 (Size: 306 bytes)
  {0x00,0xFF,0x00,0xFF,0x00,0xFF,0x00,0xFF,0x00,0xFF,0x00,0xFF,0x00,0xFF,0x00,0xFF,
   0x00,0xFF,0x00,0xFF,0x00,0xFF,0x00,0x4A,0x01,0x04,0x00,0x74,0x01,0x04,0x00,0x02,
   0x01,0x08,0x00,0x73,0x01,0x03,0x00,0x02,0x01,0x09,0x00,0x70,0x01,0x0D,0x00,0x02,
   0x01,0x03,0x00,0x6F,0x01,0x0C,0x00,0x75,0x01,0x0B,0x00,0x77,0x01,0x0C,0x00,0x76,
   0x01,0x0C,0x00,0x74,0x01,0x0C,0x00,0x72,0x01,0x02,0x00,0x01,0x01,0x0C,0x00,0x71,
   0x01,0x03,0x00,0x02,0x01,0x0B,0x00,0x70,0x01,0x03,0x00,0x02,0x01,0x0C,0x00,0x71,
   0x01,0x0F,0x00,0x71,0x01,0x08,0x00,0x78,0x01,0x09,0x00,0x02,0x01,0x02,0x00,0x74,
   0x01,0x08,0x00,0x01,0x01,0x03,0x00,0x74,0x01,0x0D,0x00,0x73,0x01,0x02,0x00,0x01,
   0x01,0x0A,0x00,0x73,0x01,0x02,0x00,0x02,0x01,0x0F,0x00,0x6C,0x01,0x02,0x00,0x03,
   0x01,0x08,0x00,0x01,0x01,0x03,0x00,0x02,0x01,0x01,0x00,0x6C,0x01,0x01,0x00,0x03,
   0x01,0x0F,0x00,0x04,0x01,0x09,0x00,0x48,0x01,0x06,0x00,0x11,0x01,0x02,0x00,0x02,
   0x01,0x1E,0x00,0x47,0x01,0x10,0x00,0x06,0x01,0x02,0x00,0x02,0x01,0x1F,0x00,0x49,
   0x01,0x39,0x00,0x4A,0x01,0x02,0x00,0x01,0x01,0x06,0x00,0x01,0x01,0x2D,0x00,0x4F,
   0x01,0x03,0x00,0x0A,0x01,0x24,0x00,0x51,0x01,0x03,0x00,0x08,0x01,0x24,0x00,0x53,
   0x01,0x01,0x00,0x10,0x01,0x04,0x00,0x05,0x01,0x13,0x00,0x64,0x01,0x05,0x00,0x08,
   0x01,0x0F,0x00,0x65,0x01,0x04,0x00,0x0E,0x01,0x06,0x00,0x68,0x01,0x01,0x00,0x01,
   0x01,0x01,0x00,0x11,0x01,0x03,0x00,0xFF,0x00,0xFF,0x00,0xFF,0x00,0xFF,0x00,0xFF,
   0x00,0xFF,0x00,0xFF,0x00,0xFF,0x00,0xFF,0x00,0xFF,0x00,0xFF,0x00,0xFF,0x00,0xFF,
   0x00,0xFF,0x00,0xFF,0x00,0xFF,0x00,0xFF,0x00,0xFF,0x00,0xFF,0x00,0xFF,0x00,0xFF,
   0x00,0xB9},
  // Frame 102/234 (Size: 310 bytes)
  {0x00,0xFF,0x00,0xFF,0x00,0xFF,0x00,0xFF,0x00,0xFF,0x00,0xFF,0x00,0xFF,0x00,0xFF,
   0x00,0xFF,0x00,0xFF,0x00,0xFF,0x00,0xFF,0x00,0x43,0x01,0x01,0x00,0x06,0x01,0x06,
   0x00,0x73,0x01,0x04,0x00,0x02,0x01,0x08,0x00,0x73,0x01,0x03,0x00,0x01,0x01,0x0B,
   0x00,0x70,0x01,0x0C,0x00,0x03,0x01,0x02,0x00,0x6F,0x01,0x0C,0x00,0x76,0x01,0x0B,
   0x00,0x77,0x01,0x0B,0x00,0x76,0x01,0x0C,0x00,0x75,0x01,0x0B,0x00,0x72,0x01,0x03,
   0x00,0x02,0x01,0x0A,0x00,0x70,0x01,0x04,0x00,0x02,0x01,0x0B,0x00,0x70,0x01,0x03,
   0x00,0x02,0x01,0x0C,0x00,0x71,0x01,0x0E,0x00,0x72,0x01,0x09,0x00,0x02,0x01,0x01,
   0x00,0x75,0x01,0x08,0x00,0x01,0x01,0x03,0x00,0x74,0x01,0x0C,0x00,0x74,0x01,0x02,
   0x00,0x01,0x01,0x09,0x00,0x74,0x01,0x02,0x00,0x02,0x01,0x08,0x00,0x73,0x01,0x02,
   0x00,0x03,0x01,0x0C,0x00,0x6F,0x01,0x02,0x00,0x02,0x01,0x09,0x00,0x01,0x01,0x06,
   0x00,0x06,0x01,0x01,0x00,0x01,0x01,0x01,0x00,0x62,0x01,0x02,0x00,0x02,0x01,0x0B,
   0x00,0x01,0x01,0x02,0x00,0x03,0x01,0x0C,0x00,0x48,0x01,0x0A,0x00,0x0D,0x01,0x02,
   0x00,0x01,0x01,0x1F,0x00,0x48,0x01,0x39,0x00,0x4B,0x01,0x37,0x00,0x49,0x01,0x02,
   0x00,0x02,0x01,0x04,0x00,0x09,0x01,0x26,0x00,0x4F,0x01,0x03,0x00,0x0A,0x01,0x24,
   0x00,0x51,0x01,0x02,0x00,0x09,0x01,0x24,0x00,0x53,0x01,0x01,0x00,0x10,0x01,0x07,
   0x00,0x04,0x01,0x11,0x00,0x65,0x01,0x04,0x00,0x0B,0x01,0x09,0x00,0x01,0x01,0x02,
   0x00,0x65,0x01,0x04,0x00,0x0F,0x01,0x04,0x00,0x69,0x01,0x01,0x00,0xFF,0x00,0xFF,
   0x00,0xFF,0x00,0xFF,0x00,0xFF,0x00,0xFF,0x00,0xFF,0x00,0xFF,0x00,0xFF,0x00,0xFF,
   0x00,0xFF,0x00,0xFF,0x00,0xFF,0x00,0xFF,0x00,0xFF,0x00,0xFF,0x00,0xFF,0x00,0xFF,
   0x00,0xFF,0x00,0xFF,0x00,0xCE},
  // Frame 103/234 (Size: 306 bytes)
  {0x00,0xFF,0x00,0xFF,0x00,0xFF,0x00,0xFF,0x00,0xFF,0x00,0xFF,0x00,0xFF,0x00,0xFF,
   0x00,0xFF,0x00,0xFF,0x00,0xFF,0x00,0xFF,0x00,0x44,0x01,0x02,0x00,0x06,0x01,0x01,
   0x00,0x77,0x01,0x04,0x00,0x02,0x01,0x07,0x00,0x74,0x01,0x02,0x00,0x02,0x01,0x09,
   0x00,0x71,0x01,0x0D,0x00,0x01,0x01,0x03,0x00,0x70,0x01,0x0C,0x00,0x03,0x01,0x01,
   0x00,0x71,0x01,0x0B,0x00,0x77,0x01,0x0A,0x00,0x78,0x01,0x0A,0x00,0x76,0x01,0x0B,
   0x00,0x73,0x01,0x02,0x00,0x01,0x01,0x0B,0x00,0x71,0x01,0x03,0x00,0x02,0x01,0x0B,
   0x00,0x70,0x01,0x03,0x00,0x02,0x01,0x0C,0x00,0x71,0x01,0x02,0x00,0x01,0x01,0x0C,
   0x00,0x71,0x01,0x09,0x00,0x78,0x01,0x08,0x00,0x03,0x01,0x02,0x00,0x73,0x01,0x08,
   0x00,0x02,0x01,0x03,0x00,0x74,0x01,0x0C,0x00,0x74,0x01,0x01,0x00,0x02,0x01,0x09,
   0x00,0x73,0x01,0x02,0x00,0x02,0x01,0x0D,0x00,0x6F,0x01,0x01,0x00,0x03,0x01,0x10,
   0x00,0x6B,0x01,0x02,0x00,0x02,0x01,0x0A,0x00,0x03,0x01,0x02,0x00,0x05,0x01,0x08,
   0x00,0x48,0x01,0x06,0x00,0x11,0x01,0x02,0x00,0x02,0x01,0x1E,0x00,0x48,0x01,0x0E,
   0x00,0x07,0x01,0x03,0x00,0x01,0x01,0x1F,0x00,0x49,0x01,0x38,0x00,0x4B,0x01,0x0A,
   0x00,0x01,0x01,0x2C,0x00,0x4F,0x01,0x04,0x00,0x09,0x01,0x24,0x00,0x52,0x01,0x03,
   0x00,0x08,0x01,0x23,0x00,0x65,0x01,0x04,0x00,0x04,0x01,0x13,0x00,0x65,0x01,0x04,
   0x00,0x08,0x01,0x0F,0x00,0x65,0x01,0x04,0x00,0x0E,0x01,0x06,0x00,0x68,0x01,0x01,
   0x00,0x02,0x01,0x01,0x00,0x11,0x01,0x02,0x00,0xFF,0x00,0xFF,0x00,0xFF,0x00,0xFF,
   0x00,0xFF,0x00,0xFF,0x00,0xFF,0x00,0xFF,0x00,0xFF,0x00,0xFF,0x00,0xFF,0x00,0xFF,
   0x00,0xFF,0x00,0xFF,0x00,0xFF,0x00,0xFF,0x00,0xFF,0x00,0xFF,0x00,0xFF,0x00,0xFF,
   0x00,0xB8},
  // Frame 104/234 (Size: 318 bytes)
  {0x00,0xFF,0x00,0xFF,0x00,0xFF,0x00,0xFF,0x00,0xFF,0x00,0xFF,0x00,0xFF,0x00,0xFF,
   0x00,0xFF,0x00,0xFF,0x00,0xFF,0x00,0xC4,0x01,0x03,0x00,0x7D,0x01,0x04,0x00,0x02,
   0x01,0x07,0x00,0x72,0x01,0x01,0x00,0x01,0x01,0x02,0x00,0x02,0x01,0x09,0x00,0x71,
   0x01,0x0D,0x00,0x01,0x01,0x03,0x00,0x70,0x01,0x0C,0x00,0x03,0x01,0x01,0x00,0x71,
   0x01,0x0B,0x00,0x77,0x01,0x0A,0x00,0x77,0x01,0x0B,0x00,0x76,0x01,0x0C,0x00,0x71,
   0x01,0x03,0x00,0x01,0x01,0x0D,0x00,0x6F,0x01,0x03,0x00,0x02,0x01,0x0D,0x00,0x6E,
   0x01,0x03,0x00,0x02,0x01,0x0D,0x00,0x70,0x01,0x01,0x00,0x02,0x01,0x0A,0x00,0x73,
   0x01,0x09,0x00,0x78,0x01,0x08,0x00,0x02,0x01,0x03,0x00,0x73,0x01,0x08,0x00,0x02,
   0x01,0x03,0x00,0x73,0x01,0x0D,0x00,0x73,0x01,0x02,0x00,0x02,0x01,0x09,0x00,0x73,
   0x01,0x02,0x00,0x02,0x01,0x10,0x00,0x6B,0x01,0x02,0x00,0x03,0x01,0x09,0x00,0x01,
   0x01,0x06,0x00,0x6B,0x01,0x02,0x00,0x02,0x01,0x0B,0x00,0x01,0x01,0x04,0x00,0x04,
   0x01,0x08,0x00,0x48,0x01,0x06,0x00,0x11,0x01,0x02,0x00,0x02,0x01,0x1E,0x00,0x47,
   0x01,0x0E,0x00,0x08,0x01,0x03,0x00,0x01,0x01,0x1F,0x00,0x49,0x01,0x38,0x00,0x4B,
   0x01,0x07,0x00,0x02,0x01,0x2E,0x00,0x4E,0x01,0x04,0x00,0x0A,0x01,0x24,0x00,0x51,
   0x01,0x04,0x00,0x07,0x01,0x0C,0x00,0x03,0x01,0x15,0x00,0x5D,0x01,0x02,0x00,0x05,
   0x01,0x05,0x00,0x04,0x01,0x13,0x00,0x65,0x01,0x04,0x00,0x08,0x01,0x0F,0x00,0x65,
   0x01,0x04,0x00,0x0D,0x01,0x07,0x00,0x68,0x01,0x01,0x00,0x01,0x01,0x02,0x00,0x10,
   0x01,0x03,0x00,0xFF,0x00,0xFF,0x00,0xFF,0x00,0xFF,0x00,0xFF,0x00,0xFF,0x00,0xFF,
   0x00,0xFF,0x00,0xFF,0x00,0xFF,0x00,0xFF,0x00,0xFF,0x00,0xFF,0x00,0xFF,0x00,0xFF,
   0x00,0xFF,0x00,0xFF,0x00,0xFF,0x00,0xFF,0x00,0xFF,0x00,0xFF,0x00,0x38},
  // Frame 105/234 (Size: 308 bytes)
  {0x00,0xFF,0x00,0xFF,0x00,0xFF,0x00,0xFF,0x00,0xFF,0x00,0xFF,0x00,0xFF,0x00,0xFF,
   0x00,0xFF,0x00,0xFF,0x00,0xFF,0x00,0x45,0x01,0x04,0x00,0x03,0x01,0x05,0x00,0x74,
   0x01,0x03,0x00,0x03,0x01,0x08,0x00,0x71,0x01,0x10,0x00,0x71,0x01,0x0C,0x00,0x02,
   0x01,0x02,0x00,0x71,0x01,0x0B,0x00,0x77,0x01,0x09,0x00,0x78,0x01,0x0B,0x00,0x76,
   0x01,0x0B,0x00,0x73,0x01,0x02,0x00,0x01,0x01,0x0B,0x00,0x71,0x01,0x03,0x00,0x02,
   0x01,0x0A,0x00,0x71,0x01,0x03,0x00,0x02,0x01,0x0B,0x00,0x72,0x01,0x02,0x00,0x01,
   0x01,0x0C,0x00,0x71,0x01,0x0F,0x00,0x72,0x01,0x08,0x00,0x02,0x01,0x03,0x00,0x73,
   0x01,0x08,0x00,0x02,0x01,0x03,0x00,0x74,0x01,0x0C,0x00,0x74,0x01,0x01,0x00,0x02,
   0x01,0x09,0x00,0x73,0x01,0x02,0x00,0x02,0x01,0x0A,0x00,0x72,0x01,0x01,0x00,0x03,
   0x01,0x0E,0x00,0x6D,0x01,0x02,0x00,0x03,0x01,0x0C,0x00,0x01,0x01,0x03,0x00,0x04,
   0x01,0x05,0x00,0x4B,0x01,0x02,0x00,0x15,0x01,0x01,0x00,0x03,0x01,0x0E,0x00,0x02,
   0x01,0x0D,0x00,0x48,0x01,0x0B,0x00,0x0B,0x01,0x02,0x00,0x02,0x01,0x1E,0x00,0x49,
   0x01,0x38,0x00,0x4B,0x01,0x37,0x00,0x4A,0x01,0x01,0x00,0x03,0x01,0x04,0x00,0x0A,
   0x01,0x24,0x00,0x50,0x01,0x03,0x00,0x0A,0x01,0x23,0x00,0x52,0x01,0x02,0x00,0x09,
   0x01,0x04,0x00,0x03,0x01,0x08,0x00,0x01,0x01,0x13,0x00,0x53,0x01,0x01,0x00,0x11,
   0x01,0x04,0x00,0x07,0x01,0x10,0x00,0x65,0x01,0x04,0x00,0x0D,0x01,0x0A,0x00,0x65,
   0x01,0x04,0x00,0x0F,0x01,0x04,0x00,0xFF,0x00,0xFF,0x00,0xFF,0x00,0xFF,0x00,0xFF,
   0x00,0xFF,0x00,0xFF,0x00,0xFF,0x00,0xFF,0x00,0xFF,0x00,0xFF,0x00,0xFF,0x00,0xFF,
   0x00,0xFF,0x00,0xFF,0x00,0xFF,0x00,0xFF,0x00,0xFF,0x00,0xFF,0x00,0xFF,0x00,0xFF,
   0x00,0xFF,0x00,0x38},
  // Frame 106/234 (Size: 304 bytes)
  {0x00,0xFF,0x00,0xFF,0x00,0xFF,0x00,0xFF,0x00,0xFF,0x00,0xFF,0x00,0xFF,0x00,0xFF,
   0x00,0xFF,0x00,0xC5,0x01,0x01,0x00,0x7F,0x01,0x04,0x00,0x03,0x01,0x04,0x00,0x74,
   0x01,0x05,0x00,0x02,0x01,0x07,0x00,0x72,0x01,0x0F,0x00,0x72,0x01,0x0C,0x00,0x01,
   0x01,0x02,0x00,0x72,0x01,0x0A,0x00,0x03,0x01,0x02,0x00,0x72,0x01,0x0A,0x00,0x77,
   0x01,0x0B,0x00,0x76,0x01,0x0B,0x00,0x73,0x01,0x02,0x00,0x01,0x01,0x0B,0x00,0x71,
   0x01,0x03,0x00,0x02,0x01,0x0A,0x00,0x72,0x01,0x03,0x00,0x02,0x01,0x09,0x00,0x73,
   0x01,0x02,0x00,0x01,0x01,0x0B,0x00,0x73,0x01,0x0E,0x00,0x72,0x01,0x0E,0x00,0x72,
   0x01,0x09,0x00,0x01,0x01,0x03,0x00,0x74,0x01,0x0C,0x00,0x74,0x01,0x02,0x00,0x01,
   0x01,0x09,0x00,0x74,0x01,0x01,0x00,0x02,0x01,0x0A,0x00,0x72,0x01,0x02,0x00,0x03,
   0x01,0x0C,0x00,0x6F,0x01,0x01,0x00,0x03,0x01,0x09,0x00,0x01,0x01,0x06,0x00,0x07,
   0x01,0x01,0x00,0x63,0x01,0x02,0x00,0x02,0x01,0x10,0x00,0x01,0x01,0x0C,0x00,0x48,
   0x01,0x0A,0x00,0x0C,0x01,0x02,0x00,0x02,0x01,0x1E,0x00,0x49,0x01,0x38,0x00,0x4C,
   0x01,0x36,0x00,0x4A,0x01,0x01,0x00,0x03,0x01,0x04,0x00,0x09,0x01,0x26,0x00,0x50,
   0x01,0x03,0x00,0x09,0x01,0x23,0x00,0x53,0x01,0x02,0x00,0x08,0x01,0x05,0x00,0x02,
   0x01,0x1D,0x00,0x64,0x01,0x04,0x00,0x06,0x01,0x11,0x00,0x65,0x01,0x05,0x00,0x0B,
   0x01,0x0B,0x00,0x65,0x01,0x02,0x00,0x01,0x01,0x01,0x00,0x0F,0x01,0x05,0x00,0x7D,
   0x01,0x01,0x00,0xFF,0x00,0xFF,0x00,0xFF,0x00,0xFF,0x00,0xFF,0x00,0xFF,0x00,0xFF,
   0x00,0xFF,0x00,0xFF,0x00,0xFF,0x00,0xFF,0x00,0xFF,0x00,0xFF,0x00,0xFF,0x00,0xFF,
   0x00,0xFF,0x00,0xFF,0x00,0xFF,0x00,0xFF,0x00,0xFF,0x00,0xFF,0x00,0xFF,0x00,0xB8},
  // Frame 107/234 (Size: 304 bytes)
  {0x00,0xFF,0x00,0xFF,0x00,0xFF,0x00,0xFF,0x00,0xFF,0x00,0xFF,0x00,0xFF,0x00,0xFF,
   0x00,0xC7,0x01,0x02,0x00,0x7D,0x01,0x04,0x00,0x7B,0x01,0x01,0x00,0x01,0x01,0x02,
   0x00,0x04,0x01,0x02,0x00,0x75,0x01,0x05,0x00,0x02,0x01,0x07,0x00,0x73,0x01,0x0F,
   0x00,0x72,0x01,0x0B,0x00,0x01,0x01,0x04,0x00,0x71,0x01,0x09,0x00,0x78,0x01,0x09,
   0x00,0x78,0x01,0x0A,0x00,0x76,0x01,0x0B,0x00,0x74,0x01,0x10,0x00,0x6F,0x01,0x03,
   0x00,0x01,0x01,0x0E,0x00,0x6F,0x01,0x02,0x00,0x02,0x01,0x0C,0x00,0x71,0x01,0x0C,
   0x00,0x74,0x01,0x0C,0x00,0x75,0x01,0x08,0x00,0x02,0x01,0x02,0x00,0x74,0x01,0x07,
   0x00,0x02,0x01,0x03,0x00,0x74,0x01,0x0C,0x00,0x74,0x01,0x02,0x00,0x01,0x01,0x09,
   0x00,0x74,0x01,0x01,0x00,0x02,0x01,0x10,0x00,0x6C,0x01,0x02,0x00,0x03,0x01,0x0F,
   0x00,0x6C,0x01,0x01,0x00,0x03,0x01,0x09,0x00,0x04,0x01,0x03,0x00,0x05,0x01,0x04,
   0x00,0x62,0x01,0x02,0x00,0x02,0x01,0x10,0x00,0x01,0x01,0x0C,0x00,0x48,0x01,0x0A,
   0x00,0x0C,0x01,0x02,0x00,0x02,0x01,0x1E,0x00,0x49,0x01,0x38,0x00,0x4C,0x01,0x36,
   0x00,0x4A,0x01,0x01,0x00,0x04,0x01,0x05,0x00,0x07,0x01,0x25,0x00,0x52,0x01,0x03,
   0x00,0x08,0x01,0x0C,0x00,0x02,0x01,0x16,0x00,0x5C,0x01,0x04,0x00,0x03,0x01,0x05,
   0x00,0x04,0x01,0x13,0x00,0x65,0x01,0x04,0x00,0x06,0x01,0x11,0x00,0x65,0x01,0x04,
   0x00,0x0C,0x01,0x09,0x00,0x67,0x01,0x02,0x00,0x01,0x01,0x01,0x00,0x10,0x01,0x03,
   0x00,0xFF,0x00,0xFF,0x00,0xFF,0x00,0xFF,0x00,0xFF,0x00,0xFF,0x00,0xFF,0x00,0xFF,
   0x00,0xFF,0x00,0xFF,0x00,0xFF,0x00,0xFF,0x00,0xFF,0x00,0xFF,0x00,0xFF,0x00,0xFF,
   0x00,0xFF,0x00,0xFF,0x00,0xFF,0x00,0xFF,0x00,0xFF,0x00,0xFF,0x00,0xFF,0x00,0xB7},
  // Frame 108/234 (Size: 318 bytes)
  {0x00,0xFF,0x00,0xFF,0x00,0xFF,0x00,0xFF,0x00,0xFF,0x00,0xFF,0x00,0xFF,0x00,0xFF,
   0x00,0x57,0x01,0x02,0x00,0x7B,0x01,0x07,0x00,0x71,0x01,0x03,0x00,0x04,0x01,0x0A,
   0x00,0x6F,0x01,0x04,0x00,0x02,0x01,0x08,0x00,0x01,0x01,0x03,0x00,0x6F,0x01,0x03,
   0x00,0x01,0x01,0x09,0x00,0x03,0x01,0x02,0x00,0x6C,0x01,0x0F,0x00,0x72,0x01,0x11,
   0x00,0x70,0x01,0x12,0x00,0x70,0x01,0x11,0x00,0x72,0x01,0x0E,0x00,0x71,0x01,0x0E,
   0x00,0x72,0x01,0x10,0x00,0x70,0x01,0x11,0x00,0x70,0x01,0x11,0x00,0x70,0x01,0x09,
   0x00,0x01,0x01,0x05,0x00,0x71,0x01,0x09,0x00,0x03,0x01,0x02,0x00,0x72,0x01,0x09,
   0x00,0x02,0x01,0x04,0x00,0x71,0x01,0x0F,0x00,0x72,0x01,0x0E,0x00,0x72,0x01,0x0E,
   0x00,0x72,0x01,0x02,0x00,0x01,0x01,0x0F,0x00,0x6D,0x01,0x03,0x00,0x02,0x01,0x12,
   0x00,0x69,0x01,0x02,0x00,0x02,0x01,0x0B,0x00,0x01,0x01,0x03,0x00,0x09,0x01,0x08,
   0x00,0x5B,0x01,0x02,0x00,0x03,0x01,0x12,0x00,0x01,0x01,0x0E,0x00,0x41,0x01,0x02,
   0x00,0x16,0x01,0x03,0x00,0x02,0x01,0x23,0x00,0x3F,0x01,0x0D,0x00,0x0B,0x01,0x03,
   0x00,0x02,0x01,0x25,0x00,0x3F,0x01,0x43,0x00,0x41,0x01,0x40,0x00,0x41,0x01,0x02,
   0x00,0x03,0x01,0x05,0x00,0x08,0x01,0x2D,0x00,0x4A,0x01,0x03,0x00,0x08,0x01,0x2B,
   0x00,0x4C,0x01,0x01,0x00,0x08,0x01,0x0F,0x00,0x02,0x01,0x1A,0x00,0x5F,0x01,0x04,
   0x00,0x07,0x01,0x16,0x00,0x5F,0x01,0x05,0x00,0x0A,0x01,0x12,0x00,0x5F,0x01,0x05,
   0x00,0x10,0x01,0x08,0x00,0x63,0x01,0x04,0x00,0x13,0x01,0x05,0x00,0x65,0x01,0x01,
   0x00,0xFF,0x00,0xFF,0x00,0xFF,0x00,0xFF,0x00,0xFF,0x00,0xFF,0x00,0xFF,0x00,0xFF,
   0x00,0xFF,0x00,0xFF,0x00,0xFF,0x00,0xFF,0x00,0xFF,0x00,0xFF,0x00,0xFF,0x00,0xFF,
   0x00,0xFF,0x00,0xFF,0x00,0xFF,0x00,0xFF,0x00,0xFF,0x00,0xFF,0x00,0x40},
  // Frame 109/234 (Size: 332 bytes)
  {0x00,0xFF,0x00,0xFF,0x00,0xFF,0x00,0xFF,0x00,0xFF,0x00,0xFF,0x00,0xFF,0x00,0xDF,
   0x01,0x04,0x00,0x7A,0x01,0x08,0x00,0x77,0x01,0x0C,0x00,0x73,0x01,0x08,0x00,0x02,
   0x01,0x03,0x00,0x72,0x01,0x09,0x00,0x70,0x01,0x02,0x00,0x03,0x01,0x0B,0x00,0x71,
   0x01,0x10,0x00,0x6F,0x01,0x14,0x00,0x03,0x01,0x04,0x00,0x65,0x01,0x1C,0x00,0x67,
   0x01,0x19,0x00,0x6A,0x01,0x16,0x00,0x6C,0x01,0x12,0x00,0x6C,0x01,0x11,0x00,0x6F,
   0x01,0x13,0x00,0x6D,0x01,0x12,0x00,0x6F,0x01,0x10,0x00,0x72,0x01,0x0D,0x00,0x73,
   0x01,0x09,0x00,0x02,0x01,0x02,0x00,0x73,0x01,0x0A,0x00,0x01,0x01,0x02,0x00,0x02,
   0x01,0x03,0x00,0x6E,0x01,0x12,0x00,0x6E,0x01,0x12,0x00,0x6E,0x01,0x01,0x00,0x01,
   0x01,0x10,0x00,0x70,0x01,0x17,0x00,0x68,0x01,0x19,0x00,0x67,0x01,0x02,0x00,0x02,
   0x01,0x0C,0x00,0x01,0x01,0x08,0x00,0x09,0x01,0x07,0x00,0x56,0x01,0x03,0x00,0x01,
   0x01,0x0D,0x00,0x0C,0x01,0x0E,0x00,0x54,0x01,0x03,0x00,0x02,0x01,0x14,0x00,0x01,
   0x01,0x12,0x00,0x54,0x01,0x02,0x00,0x02,0x01,0x28,0x00,0x53,0x01,0x03,0x00,0x01,
   0x01,0x29,0x00,0x3A,0x01,0x09,0x00,0x0F,0x01,0x2E,0x00,0x3A,0x01,0x46,0x00,0x3B,
   0x01,0x45,0x00,0x3F,0x01,0x41,0x00,0x3F,0x01,0x01,0x00,0x05,0x01,0x06,0x00,0x09,
   0x01,0x2C,0x00,0x48,0x01,0x03,0x00,0x08,0x01,0x10,0x00,0x05,0x01,0x18,0x00,0x54,
   0x01,0x05,0x00,0x03,0x01,0x01,0x00,0x01,0x01,0x05,0x00,0x06,0x01,0x17,0x00,0x5F,
   0x01,0x04,0x00,0x09,0x01,0x14,0x00,0x5F,0x01,0x05,0x00,0x0D,0x01,0x0F,0x00,0x60,
   0x01,0x04,0x00,0x13,0x01,0x09,0x00,0x60,0x01,0x03,0x00,0x18,0x01,0x05,0x00,0x61,
   0x01,0x02,0x00,0xFF,0x00,0xFF,0x00,0xFF,0x00,0xFF,0x00,0xFF,0x00,0xFF,0x00,0xFF,
   0x00,0xFF,0x00,0xFF,0x00,0xFF,0x00,0xFF,0x00,0xFF,0x00,0xFF,0x00,0xFF,0x00,0xFF,
   0x00,0xFF,0x00,0xFF,0x00,0xFF,0x00,0xFF,0x00,0xFF,0x00,0x31},
  // Frame 110/234 (Size: 380 bytes)
  {0x00,0xFF,0x00,0xFF,0x00,0xFF,0x00,0xFF,0x00,0xFF,0x00,0xFF,0x00,0xFF,0x00,0xFF,
   0x00,0xE2,0x01,0x04,0x00,0x7A,0x01,0x08,0x00,0x77,0x01,0x0A,0x00,0x75,0x01,0x08,
   0x00,0x01,0x01,0x03,0x00,0x6D,0x01,0x01,0x00,0x06,0x01,0x08,0x00,0x71,0x01,0x0F,
   0x00,0x73,0x01,0x0D,0x00,0x71,0x01,0x11,0x00,0x6E,0x01,0x15,0x00,0x6C,0x01,0x16,
   0x00,0x6F,0x01,0x11,0x00,0x70,0x01,0x0E,0x00,0x73,0x01,0x0E,0x00,0x70,0x01,0x11,
   0x00,0x6F,0x01,0x12,0x00,0x6E,0x01,0x12,0x00,0x6E,0x01,0x13,0x00,0x6F,0x01,0x09,
   0x00,0x01,0x01,0x05,0x00,0x01,0x01,0x01,0x00,0x6F,0x01,0x09,0x00,0x08,0x01,0x01,
   0x00,0x6E,0x01,0x0A,0x00,0x05,0x01,0x04,0x00,0x6C,0x01,0x0B,0x00,0x03,0x01,0x06,
   0x00,0x6C,0x01,0x0C,0x00,0x01,0x01,0x07,0x00,0x6D,0x01,0x01,0x00,0x01,0x01,0x10,
   0x00,0x71,0x01,0x0F,0x00,0x71,0x01,0x13,0x00,0x0B,0x01,0x02,0x00,0x02,0x01,0x02,
   0x00,0x5C,0x01,0x0B,0x00,0x01,0x01,0x04,0x00,0x09,0x01,0x0D,0x00,0x59,0x01,0x0D,
   0x00,0x03,0x01,0x02,0x00,0x04,0x01,0x11,0x00,0x59,0x01,0x0E,0x00,0x03,0x01,0x17,
   0x00,0x57,0x01,0x29,0x00,0x56,0x01,0x2A,0x00,0x56,0x01,0x2A,0x00,0x42,0x01,0x06,
   0x00,0x0D,0x01,0x2B,0x00,0x42,0x01,0x3E,0x00,0x43,0x01,0x3D,0x00,0x45,0x01,0x3B,
   0x00,0x46,0x01,0x01,0x00,0x03,0x01,0x03,0x00,0x08,0x01,0x2B,0x00,0x4C,0x01,0x02,
   0x00,0x07,0x01,0x10,0x00,0x01,0x01,0x1A,0x00,0x4D,0x01,0x02,0x00,0x06,0x01,0x05,
   0x00,0x01,0x01,0x01,0x00,0x01,0x01,0x08,0x00,0x03,0x01,0x18,0x00,0x5D,0x01,0x04,
   0x00,0x01,0x01,0x04,0x00,0x04,0x01,0x16,0x00,0x5E,0x01,0x03,0x00,0x01,0x01,0x04,
   0x00,0x08,0x01,0x12,0x00,0x5E,0x01,0x02,0x00,0x02,0x01,0x04,0x00,0x0E,0x01,0x0C,
   0x00,0x5E,0x01,0x03,0x00,0x01,0x01,0x04,0x00,0x10,0x01,0x0A,0x00,0x5F,0x01,0x01,
   0x00,0x02,0x01,0x03,0x00,0x13,0x01,0x01,0x00,0x01,0x01,0x03,0x00,0x01,0x01,0x01,
   0x00,0x64,0x01,0x01,0x00,0x17,0x01,0x01,0x00,0xFF,0x00,0xFF,0x00,0xFF,0x00,0xFF,
   0x00,0xFF,0x00,0xFF,0x00,0xFF,0x00,0xFF,0x00,0xFF,0x00,0xFF,0x00,0xFF,0x00,0xFF,
   0x00,0xFF,0x00,0xFF,0x00,0xFF,0x00,0xFF,0x00,0xFF,0x00,0x95},
  // Frame 111/234 (Size: 432 bytes)
  {0x00,0xFF,0x00,0xFF,0x00,0xFF,0x00,0xFF,0x00,0xFF,0x00,0xFF,0x00,0xFF,0x00,0xFF,
   0x00,0xFF,0x00,0xFF,0x00,0xFF,0x00,0x60,0x01,0x05,0x00,0x7A,0x01,0x06,0x00,0x79,
   0x01,0x08,0x00,0x78,0x01,0x07,0x00,0x74,0x01,0x01,0x00,0x02,0x01,0x09,0x00,0x75,
   0x01,0x0B,0x00,0x75,0x01,0x0C,0x00,0x71,0x01,0x13,0x00,0x6D,0x01,0x14,0x00,0x71,
   0x01,0x0F,0x00,0x72,0x01,0x0F,0x00,0x72,0x01,0x0C,0x00,0x73,0x01,0x0C,0x00,0x74,
   0x01,0x0C,0x00,0x74,0x01,0x0C,0x00,0x73,0x01,0x0A,0x00,0x76,0x01,0x0A,0x00,0x06,
   0x01,0x01,0x00,0x70,0x01,0x09,0x00,0x03,0x01,0x04,0x00,0x70,0x01,0x09,0x00,0x01,
   0x01,0x06,0x00,0x70,0x01,0x0F,0x00,0x72,0x01,0x0E,0x00,0x73,0x01,0x0C,0x00,0x75,
   0x01,0x0D,0x00,0x02,0x01,0x0A,0x00,0x67,0x01,0x18,0x00,0x67,0x01,0x0B,0x00,0x01,
   0x01,0x10,0x00,0x64,0x01,0x1C,0x00,0x63,0x01,0x1F,0x00,0x60,0x01,0x1F,0x00,0x60,
   0x01,0x21,0x00,0x56,0x01,0x07,0x00,0x01,0x01,0x22,0x00,0x56,0x01,0x2A,0x00,0x58,
   0x01,0x28,0x00,0x58,0x01,0x01,0x00,0x01,0x01,0x03,0x00,0x02,0x01,0x21,0x00,0x5C,
   0x01,0x02,0x00,0x02,0x01,0x20,0x00,0x5D,0x01,0x01,0x00,0x02,0x01,0x07,0x00,0x02,
   0x01,0x18,0x00,0x63,0x01,0x03,0x00,0x03,0x01,0x15,0x00,0x65,0x01,0x03,0x00,0x03,
   0x01,0x04,0x00,0x02,0x01,0x0F,0x00,0x65,0x01,0x03,0x00,0x03,0x01,0x04,0x00,0x03,
   0x01,0x0C,0x00,0x67,0x01,0x02,0x00,0x04,0x01,0x04,0x00,0x04,0x01,0x01,0x00,0x04,
   0x01,0x02,0x00,0x01,0x01,0x02,0x00,0x6F,0x01,0x02,0x00,0xFF,0x00,0xFF,0x00,0x3F,
   0x01,0x02,0x00,0x62,0x01,0x02,0x00,0x19,0x01,0x05,0x00,0x60,0x01,0x04,0x00,0x16,
   0x01,0x07,0x00,0x5F,0x01,0x05,0x00,0x15,0x01,0x07,0x00,0x5F,0x01,0x05,0x00,0x15,
   0x01,0x07,0x00,0x5F,0x01,0x06,0x00,0x14,0x01,0x07,0x00,0x5F,0x01,0x06,0x00,0x14,
   0x01,0x07,0x00,0x5F,0x01,0x06,0x00,0x14,0x01,0x07,0x00,0x5F,0x01,0x07,0x00,0x13,
   0x01,0x07,0x00,0x5F,0x01,0x17,0x00,0x03,0x01,0x07,0x00,0x5F,0x01,0x19,0x00,0x01,
   0x01,0x07,0x00,0x5F,0x01,0x21,0x00,0x5F,0x01,0x21,0x00,0x5F,0x01,0x21,0x00,0x5F,
   0x01,0x21,0x00,0x5F,0x01,0x21,0x00,0x5F,0x01,0x21,0x00,0x5F,0x01,0x21,0x00,0x5F,
   0x01,0x21,0x00,0x5F,0x01,0x21,0x00,0x5F,0x01,0x21,0x00,0x5F,0x01,0x21,0x00,0x5F,
   0x01,0x21,0x00,0x5F,0x01,0x21,0x00,0x5F,0x01,0x21,0x00,0x5F,0x01,0x21,0x00,0x5F,
   0x01,0x21,0x00,0x5F,0x01,0x21,0x00,0x5F,0x01,0x21,0x00,0x5F,0x01,0x20,0x00,0x60},
  // Frame 112/234 (Size: 454 bytes)
  {0x00,0xFF,0x00,0xFF,0x00,0xFF,0x00,0xFF,0x00,0xFF,0x00,0xFF,0x00,0xFF,0x00,0xFF,
   0x00,0xFF,0x00,0xFF,0x00,0xFF,0x00,0xFF,0x00,0x5F,0x01,0x04,0x00,0x7B,0x01,0x06,
   0x00,0x7A,0x01,0x06,0x00,0x79,0x01,0x07,0x00,0x76,0x01,0x01,0x00,0x01,0x01,0x08,
   0x00,0x77,0x01,0x0A,0x00,0x75,0x01,0x0E,0x00,0x70,0x01,0x12,0x00,0x72,0x01,0x0D,
   0x00,0x74,0x01,0x09,0x00,0x77,0x01,0x0A,0x00,0x76,0x01,0x0B,0x00,0x75,0x01,0x0B,
   0x00,0x75,0x01,0x0A,0x00,0x01,0x01,0x01,0x00,0x73,0x01,0x09,0x00,0x77,0x01,0x09,
   0x00,0x04,0x01,0x02,0x00,0x72,0x01,0x08,0x00,0x02,0x01,0x04,0x00,0x72,0x01,0x0D,
   0x00,0x73,0x01,0x0D,0x00,0x74,0x01,0x0B,0x00,0x76,0x01,0x0A,0x00,0x01,0x01,0x05,
   0x00,0x70,0x01,0x12,0x00,0x6D,0x01,0x14,0x00,0x6C,0x01,0x15,0x00,0x6B,0x01,0x17,
   0x00,0x67,0x01,0x19,0x00,0x66,0x01,0x1B,0x00,0x61,0x01,0x1D,0x00,0x63,0x01,0x1E,
   0x00,0x63,0x01,0x1D,0x00,0x63,0x01,0x01,0x00,0x01,0x01,0x1B,0x00,0x66,0x01,0x08,
   0x00,0x01,0x01,0x11,0x00,0x69,0x01,0x04,0x00,0x03,0x01,0x0F,0x00,0x01,0x01,0x01,
   0x00,0x22,0x01,0x01,0x00,0x46,0x01,0x03,0x00,0x03,0x01,0x0F,0x00,0x24,0x01,0x01,
   0x00,0x46,0x01,0x03,0x00,0x04,0x01,0x03,0x00,0x01,0x01,0x09,0x00,0x25,0x01,0x01,
   0x00,0x46,0x01,0x02,0x00,0x05,0x01,0x03,0x00,0x03,0x01,0x02,0x00,0x02,0x01,0x01,
   0x00,0x25,0x01,0x05,0x00,0x4B,0x01,0x03,0x00,0x04,0x01,0x02,0x00,0x27,0x01,0x05,
   0x00,0x7B,0x01,0x05,0x00,0x7B,0x01,0x05,0x00,0x7B,0x01,0x05,0x00,0x78,0x01,0x0A,
   0x00,0x75,0x01,0x0C,0x00,0x73,0x01,0x0E,0x00,0x1C,0x01,0x02,0x00,0x54,0x01,0x0E,
   0x00,0x02,0x01,0x02,0x00,0x17,0x01,0x04,0x00,0x53,0x01,0x0E,0x00,0x01,0x01,0x03,
   0x00,0x17,0x01,0x04,0x00,0x53,0x01,0x0E,0x00,0x01,0x01,0x04,0x00,0x15,0x01,0x05,
   0x00,0x53,0x01,0x13,0x00,0x15,0x01,0x05,0x00,0x53,0x01,0x13,0x00,0x15,0x01,0x05,
   0x00,0x53,0x01,0x13,0x00,0x15,0x01,0x05,0x00,0x53,0x01,0x13,0x00,0x15,0x01,0x05,
   0x00,0x53,0x01,0x1C,0x00,0x0C,0x01,0x05,0x00,0x4E,0x01,0x2A,0x00,0x03,0x01,0x05,
   0x00,0x4E,0x01,0x2B,0x00,0x02,0x01,0x05,0x00,0x4E,0x01,0x2C,0x00,0x01,0x01,0x05,
   0x00,0x4E,0x01,0x32,0x00,0x4E,0x01,0x32,0x00,0x4E,0x01,0x32,0x00,0x4E,0x01,0x32,
   0x00,0x4E,0x01,0x32,0x00,0x4E,0x01,0x32,0x00,0x4E,0x01,0x32,0x00,0x4E,0x01,0x32,
   0x00,0x4E,0x01,0x32,0x00,0x4E,0x01,0x32,0x00,0x4E,0x01,0x32,0x00,0x4E,0x01,0x32,
   0x00,0x4E,0x01,0x32,0x00,0x4E,0x01,0x32,0x00,0x4E,0x01,0x32,0x00,0x4E,0x01,0x32,
   0x00,0x4E,0x01,0x32,0x00,0x4E},
  // Frame 113/234 (Size: 448 bytes)
  {0x00,0xFF,0x00,0xFF,0x00,0xFF,0x00,0xFF,0x00,0xFF,0x00,0xFF,0x00,0xFF,0x00,0xFF,
   0x00,0xFF,0x00,0xFF,0x00,0xFF,0x00,0xDE,0x01,0x04,0x00,0x7B,0x01,0x05,0x00,0x7A,
   0x01,0x06,0x00,0x79,0x01,0x07,0x00,0x76,0x01,0x01,0x00,0x02,0x01,0x07,0x00,0x77,
   0x01,0x0A,0x00,0x75,0x01,0x0E,0x00,0x71,0x01,0x11,0x00,0x73,0x01,0x0D,0x00,0x73,
   0x01,0x0C,0x00,0x74,0x01,0x0B,0x00,0x75,0x01,0x0A,0x00,0x76,0x01,0x0A,0x00,0x76,
   0x01,0x09,0x00,0x77,0x01,0x08,0x00,0x78,0x01,0x08,0x00,0x04,0x01,0x02,0x00,0x72,
   0x01,0x08,0x00,0x02,0x01,0x04,0x00,0x72,0x01,0x0D,0x00,0x74,0x01,0x0C,0x00,0x75,
   0x01,0x0A,0x00,0x76,0x01,0x13,0x00,0x6D,0x01,0x12,0x00,0x6E,0x01,0x14,0x00,0x6C,
   0x01,0x15,0x00,0x6A,0x01,0x17,0x00,0x68,0x01,0x19,0x00,0x66,0x01,0x1A,0x00,0x62,
   0x01,0x1D,0x00,0x63,0x01,0x1D,0x00,0x64,0x01,0x1C,0x00,0x64,0x01,0x01,0x00,0x01,
   0x01,0x1A,0x00,0x67,0x01,0x07,0x00,0x02,0x01,0x11,0x00,0x68,0x01,0x04,0x00,0x03,
   0x01,0x0F,0x00,0x25,0x01,0x01,0x00,0x45,0x01,0x03,0x00,0x04,0x01,0x0E,0x00,0x25,
   0x01,0x02,0x00,0x44,0x01,0x03,0x00,0x04,0x01,0x04,0x00,0x01,0x01,0x04,0x00,0x01,
   0x01,0x03,0x00,0x26,0x01,0x01,0x00,0x46,0x01,0x02,0x00,0x04,0x01,0x03,0x00,0x04,
   0x01,0x02,0x00,0x2A,0x01,0x02,0x00,0x4B,0x01,0x03,0x00,0x05,0x01,0x01,0x00,0x28,
   0x01,0x05,0x00,0x7B,0x01,0x05,0x00,0x7B,0x01,0x05,0x00,0x7B,0x01,0x05,0x00,0x7A,
   0x01,0x06,0x00,0x78,0x01,0x0B,0x00,0x74,0x01,0x0D,0x00,0x1D,0x01,0x01,0x00,0x54,
   0x01,0x0E,0x00,0x1C,0x01,0x03,0x00,0x53,0x01,0x0F,0x00,0x02,0x01,0x01,0x00,0x18,
   0x01,0x04,0x00,0x53,0x01,0x0D,0x00,0x02,0x01,0x03,0x00,0x16,0x01,0x05,0x00,0x53,
   0x01,0x0D,0x00,0x01,0x01,0x04,0x00,0x16,0x01,0x05,0x00,0x52,0x01,0x14,0x00,0x15,
   0x01,0x05,0x00,0x52,0x01,0x14,0x00,0x15,0x01,0x05,0x00,0x52,0x01,0x14,0x00,0x15,
   0x01,0x05,0x00,0x52,0x01,0x14,0x00,0x15,0x01,0x05,0x00,0x52,0x01,0x1E,0x00,0x0B,
   0x01,0x05,0x00,0x4D,0x01,0x2B,0x00,0x03,0x01,0x05,0x00,0x4D,0x01,0x2C,0x00,0x02,
   0x01,0x05,0x00,0x4D,0x01,0x2D,0x00,0x01,0x01,0x05,0x00,0x4D,0x01,0x33,0x00,0x4D,
   0x01,0x33,0x00,0x4D,0x01,0x33,0x00,0x4D,0x01,0x33,0x00,0x4D,0x01,0x33,0x00,0x4D,
   0x01,0x33,0x00,0x4D,0x01,0x33,0x00,0x4D,0x01,0x33,0x00,0x4D,0x01,0x33,0x00,0x4D,
   0x01,0x33,0x00,0x4D,0x01,0x33,0x00,0x4D,0x01,0x33,0x00,0x4D,0x01,0x33,0x00,0x4D,
   0x01,0x33,0x00,0x4D,0x01,0x33,0x00,0x4D,0x01,0x33,0x00,0x4D,0x01,0x33,0x00,0x4D},
  // Frame 114/234 (Size: 470 bytes)
  {0x00,0xFF,0x00,0xFF,0x00,0xFF,0x00,0xFF,0x00,0xFF,0x00,0xFF,0x00,0xFF,0x00,0xFF,
   0x00,0xFF,0x00,0xFF,0x00,0xDD,0x01,0x02,0x00,0x7D,0x01,0x04,0x00,0x7B,0x01,0x06,
   0x00,0x79,0x01,0x06,0x00,0x79,0x01,0x08,0x00,0x76,0x01,0x0A,0x00,0x76,0x01,0x0B,
   0x00,0x73,0x01,0x11,0x00,0x6F,0x01,0x02,0x00,0x01,0x01,0x0F,0x00,0x72,0x01,0x0C,
   0x00,0x75,0x01,0x0A,0x00,0x76,0x01,0x0B,0x00,0x75,0x01,0x0B,0x00,0x75,0x01,0x09,
   0x00,0x76,0x01,0x09,0x00,0x77,0x01,0x09,0x00,0x04,0x01,0x01,0x00,0x72,0x01,0x09,
   0x00,0x02,0x01,0x03,0x00,0x73,0x01,0x0D,0x00,0x73,0x01,0x0D,0x00,0x74,0x01,0x0B,
   0x00,0x75,0x01,0x13,0x00,0x6D,0x01,0x13,0x00,0x6D,0x01,0x14,0x00,0x6C,0x01,0x15,
   0x00,0x6A,0x01,0x17,0x00,0x68,0x01,0x19,0x00,0x66,0x01,0x1A,0x00,0x65,0x01,0x1A,
   0x00,0x63,0x01,0x1E,0x00,0x62,0x01,0x1D,0x00,0x64,0x01,0x1C,0x00,0x64,0x01,0x01,
   0x00,0x01,0x01,0x08,0x00,0x01,0x01,0x12,0x00,0x66,0x01,0x01,0x00,0x01,0x01,0x05,
   0x00,0x03,0x01,0x0E,0x00,0x68,0x01,0x01,0x00,0x02,0x01,0x04,0x00,0x03,0x01,0x0E,
   0x00,0x6C,0x01,0x02,0x00,0x04,0x01,0x04,0x00,0x02,0x01,0x03,0x00,0x01,0x01,0x03,
   0x00,0x27,0x01,0x02,0x00,0x44,0x01,0x02,0x00,0x04,0x01,0x04,0x00,0x04,0x01,0x01,
   0x00,0x2B,0x01,0x02,0x00,0x4B,0x01,0x02,0x00,0x05,0x01,0x01,0x00,0x2B,0x01,0x02,
   0x00,0x7D,0x01,0x03,0x00,0x7C,0x01,0x06,0x00,0x7A,0x01,0x05,0x00,0x7B,0x01,0x05,
   0x00,0x7B,0x01,0x05,0x00,0x7A,0x01,0x07,0x00,0x77,0x01,0x0C,0x00,0x73,0x01,0x0D,
   0x00,0x1E,0x01,0x01,0x00,0x54,0x01,0x0E,0x00,0x03,0x01,0x01,0x00,0x18,0x01,0x03,
   0x00,0x52,0x01,0x0F,0x00,0x02,0x01,0x02,0x00,0x18,0x01,0x04,0x00,0x52,0x01,0x0E,
   0x00,0x01,0x01,0x04,0x00,0x16,0x01,0x05,0x00,0x52,0x01,0x0E,0x00,0x01,0x01,0x04,
   0x00,0x16,0x01,0x05,0x00,0x52,0x01,0x0D,0x00,0x01,0x01,0x06,0x00,0x15,0x01,0x05,
   0x00,0x52,0x01,0x14,0x00,0x15,0x01,0x05,0x00,0x52,0x01,0x14,0x00,0x15,0x01,0x05,
   0x00,0x52,0x01,0x0D,0x00,0x01,0x01,0x06,0x00,0x15,0x01,0x05,0x00,0x51,0x01,0x0E,
   0x00,0x01,0x01,0x12,0x00,0x09,0x01,0x05,0x00,0x4C,0x01,0x2C,0x00,0x03,0x01,0x05,
   0x00,0x4C,0x01,0x2D,0x00,0x02,0x01,0x05,0x00,0x4C,0x01,0x2E,0x00,0x01,0x01,0x05,
   0x00,0x4C,0x01,0x34,0x00,0x4C,0x01,0x34,0x00,0x4C,0x01,0x34,0x00,0x4C,0x01,0x34,
   0x00,0x4C,0x01,0x34,0x00,0x4C,0x01,0x34,0x00,0x4C,0x01,0x34,0x00,0x4C,0x01,0x34,
   0x00,0x4C,0x01,0x34,0x00,0x4C,0x01,0x34,0x00,0x4C,0x01,0x34,0x00,0x4C,0x01,0x34,
   0x00,0x4C,0x01,0x34,0x00,0x4C,0x01,0x34,0x00,0x4C,0x01,0x34,0x00,0x4C,0x01,0x34,
   0x00,0x4C,0x01,0x34,0x00,0x4C},
  // Frame 115/234 (Size: 478 bytes)
  {0x00,0xFF,0x00,0xFF,0x00,0xFF,0x00,0xFF,0x00,0xFF,0x00,0xFF,0x00,0xFF,0x00,0xFF,
   0x00,0xFF,0x00,0xFF,0x00,0x5C,0x01,0x03,0x00,0x7C,0x01,0x05,0x00,0x7A,0x01,0x06,
   0x00,0x7A,0x01,0x06,0x00,0x79,0x01,0x07,0x00,0x77,0x01,0x09,0x00,0x76,0x01,0x0D,
   0x00,0x71,0x01,0x12,0x00,0x6E,0x01,0x02,0x00,0x02,0x01,0x0E,0x00,0x73,0x01,0x0B,
   0x00,0x75,0x01,0x0B,0x00,0x75,0x01,0x0C,0x00,0x74,0x01,0x0A,0x00,0x76,0x01,0x09,
   0x00,0x76,0x01,0x09,0x00,0x77,0x01,0x09,0x00,0x04,0x01,0x02,0x00,0x72,0x01,0x08,
   0x00,0x02,0x01,0x04,0x00,0x72,0x01,0x0D,0x00,0x73,0x01,0x0D,0x00,0x74,0x01,0x0C,
   0x00,0x03,0x01,0x01,0x00,0x71,0x01,0x12,0x00,0x6E,0x01,0x13,0x00,0x6C,0x01,0x15,
   0x00,0x6B,0x01,0x17,0x00,0x68,0x01,0x17,0x00,0x68,0x01,0x1A,0x00,0x65,0x01,0x19,
   0x00,0x66,0x01,0x1A,0x00,0x63,0x01,0x1E,0x00,0x63,0x01,0x1C,0x00,0x65,0x01,0x1C,
   0x00,0x66,0x01,0x07,0x00,0x02,0x01,0x0F,0x00,0x01,0x01,0x02,0x00,0x68,0x01,0x04,
   0x00,0x03,0x01,0x0E,0x00,0x69,0x01,0x01,0x00,0x02,0x01,0x03,0x00,0x03,0x01,0x04,
   0x00,0x01,0x01,0x08,0x00,0x6D,0x01,0x02,0x00,0x05,0x01,0x03,0x00,0x03,0x01,0x02,
   0x00,0x02,0x01,0x01,0x00,0x6F,0x01,0x01,0x00,0x05,0x01,0x03,0x00,0x04,0x01,0x01,
   0x00,0x2D,0x01,0x01,0x00,0x4A,0x01,0x02,0x00,0x33,0x01,0x01,0x00,0x7F,0x01,0x01,
   0x00,0x7D,0x01,0x04,0x00,0x7B,0x01,0x06,0x00,0x7B,0x01,0x05,0x00,0x7B,0x01,0x05,
   0x00,0x7A,0x01,0x06,0x00,0x79,0x01,0x08,0x00,0x76,0x01,0x0C,0x00,0x73,0x01,0x0E,
   0x00,0x1E,0x01,0x01,0x00,0x53,0x01,0x0E,0x00,0x03,0x01,0x01,0x00,0x19,0x01,0x03,
   0x00,0x52,0x01,0x0E,0x00,0x03,0x01,0x02,0x00,0x17,0x01,0x05,0x00,0x51,0x01,0x0E,
   0x00,0x02,0x01,0x04,0x00,0x16,0x01,0x05,0x00,0x51,0x01,0x0E,0x00,0x01,0x01,0x05,
   0x00,0x16,0x01,0x05,0x00,0x51,0x01,0x0E,0x00,0x01,0x01,0x06,0x00,0x15,0x01,0x05,
   0x00,0x51,0x01,0x0E,0x00,0x01,0x01,0x06,0x00,0x15,0x01,0x05,0x00,0x51,0x01,0x0E,
   0x00,0x01,0x01,0x06,0x00,0x15,0x01,0x05,0x00,0x51,0x01,0x0E,0x00,0x01,0x01,0x06,
   0x00,0x15,0x01,0x05,0x00,0x51,0x01,0x0E,0x00,0x01,0x01,0x13,0x00,0x08,0x01,0x05,
   0x00,0x4B,0x01,0x2D,0x00,0x03,0x01,0x05,0x00,0x4B,0x01,0x2E,0x00,0x02,0x01,0x05,
   0x00,0x4B,0x01,0x2F,0x00,0x01,0x01,0x05,0x00,0x4B,0x01,0x35,0x00,0x4B,0x01,0x35,
   0x00,0x4B,0x01,0x35,0x00,0x4B,0x01,0x35,0x00,0x4B,0x01,0x35,0x00,0x4B,0x01,0x35,
   0x00,0x4B,0x01,0x35,0x00,0x4B,0x01,0x35,0x00,0x4B,0x01,0x35,0x00,0x4B,0x01,0x35,
   0x00,0x4B,0x01,0x35,0x00,0x4B,0x01,0x35,0x00,0x4B,0x01,0x35,0x00,0x4B,0x01,0x35,
   0x00,0x4B,0x01,0x35,0x00,0x4B,0x01,0x35,0x00,0x4B,0x01,0x35,0x00,0x4B},
  // Frame 116/234 (Size: 464 bytes)
  {0x00,0xFF,0x00,0xFF,0x00,0xFF,0x00,0xFF,0x00,0xFF,0x00,0xFF,0x00,0xFF,0x00,0xFF,
   0x00,0xFF,0x00,0xDB,0x01,0x02,0x00,0x7D,0x01,0x04,0x00,0x7B,0x01,0x05,0x00,0x7A,
   0x01,0x06,0x00,0x7A,0x01,0x06,0x00,0x79,0x01,0x08,0x00,0x76,0x01,0x0A,0x00,0x75,
   0x01,0x0F,0x00,0x70,0x01,0x12,0x00,0x72,0x01,0x0D,0x00,0x73,0x01,0x0C,0x00,0x75,
   0x01,0x0B,0x00,0x75,0x01,0x0A,0x00,0x76,0x01,0x09,0x00,0x76,0x01,0x09,0x00,0x77,
   0x01,0x09,0x00,0x77,0x01,0x09,0x00,0x02,0x01,0x03,0x00,0x72,0x01,0x0E,0x00,0x73,
   0x01,0x0C,0x00,0x74,0x01,0x0C,0x00,0x75,0x01,0x12,0x00,0x6E,0x01,0x12,0x00,0x6E,
   0x01,0x14,0x00,0x6C,0x01,0x16,0x00,0x69,0x01,0x16,0x00,0x69,0x01,0x19,0x00,0x66,
   0x01,0x18,0x00,0x67,0x01,0x1A,0x00,0x63,0x01,0x1D,0x00,0x63,0x01,0x1C,0x00,0x65,
   0x01,0x1C,0x00,0x64,0x01,0x01,0x00,0x01,0x01,0x08,0x00,0x01,0x01,0x10,0x00,0x01,
   0x01,0x01,0x00,0x68,0x01,0x05,0x00,0x02,0x01,0x0F,0x00,0x6B,0x01,0x03,0x00,0x04,
   0x01,0x0D,0x00,0x6C,0x01,0x03,0x00,0x04,0x01,0x03,0x00,0x04,0x01,0x02,0x00,0x01,
   0x01,0x01,0x00,0x6F,0x01,0x02,0x00,0x04,0x01,0x04,0x00,0x04,0x01,0x01,0x00,0x2D,
   0x01,0x01,0x00,0x49,0x01,0x03,0x00,0x33,0x01,0x01,0x00,0x7F,0x01,0x01,0x00,0x7E,
   0x01,0x02,0x00,0x7D,0x01,0x05,0x00,0x7B,0x01,0x05,0x00,0x7B,0x01,0x05,0x00,0x7B,
   0x01,0x05,0x00,0x7B,0x01,0x05,0x00,0x78,0x01,0x0A,0x00,0x75,0x01,0x0D,0x00,0x72,
   0x01,0x0E,0x00,0x1F,0x01,0x01,0x00,0x52,0x01,0x0F,0x00,0x03,0x01,0x01,0x00,0x19,
   0x01,0x03,0x00,0x51,0x01,0x0F,0x00,0x02,0x01,0x03,0x00,0x17,0x01,0x05,0x00,0x50,
   0x01,0x0E,0x00,0x03,0x01,0x03,0x00,0x17,0x01,0x05,0x00,0x50,0x01,0x0E,0x00,0x02,
   0x01,0x05,0x00,0x16,0x01,0x05,0x00,0x50,0x01,0x0E,0x00,0x02,0x01,0x05,0x00,0x16,
   0x01,0x05,0x00,0x50,0x01,0x0E,0x00,0x02,0x01,0x05,0x00,0x16,0x01,0x05,0x00,0x50,
   0x01,0x0E,0x00,0x02,0x01,0x05,0x00,0x16,0x01,0x05,0x00,0x50,0x01,0x0E,0x00,0x02,
   0x01,0x06,0x00,0x15,0x01,0x05,0x00,0x50,0x01,0x0E,0x00,0x02,0x01,0x14,0x00,0x07,
   0x01,0x05,0x00,0x4A,0x01,0x2E,0x00,0x03,0x01,0x05,0x00,0x4A,0x01,0x2F,0x00,0x02,
   0x01,0x05,0x00,0x4A,0x01,0x30,0x00,0x01,0x01,0x05,0x00,0x4A,0x01,0x36,0x00,0x4A,
   0x01,0x36,0x00,0x4A,0x01,0x36,0x00,0x4A,0x01,0x36,0x00,0x4A,0x01,0x36,0x00,0x4A,
   0x01,0x36,0x00,0x4A,0x01,0x36,0x00,0x4A,0x01,0x36,0x00,0x4A,0x01,0x36,0x00,0x4A,
   0x01,0x36,0x00,0x4A,0x01,0x36,0x00,0x4A,0x01,0x36,0x00,0x4A,0x01,0x36,0x00,0x4A,
   0x01,0x36,0x00,0x4A,0x01,0x36,0x00,0x4A,0x01,0x36,0x00,0x4A,0x01,0x36,0x00,0x4A},
  // Frame 117/234 (Size: 478 bytes)
  {0x00,0xFF,0x00,0xFF,0x00,0xFF,0x00,0xFF,0x00,0xFF,0x00,0xFF,0x00,0xFF,0x00,0xFF,
   0x00,0xFF,0x00,0xFF,0x00,0x5B,0x01,0x02,0x00,0x7D,0x01,0x05,0x00,0x7B,0x01,0x05,
   0x00,0x7A,0x01,0x06,0x00,0x79,0x01,0x07,0x00,0x78,0x01,0x08,0x00,0x77,0x01,0x0A,
   0x00,0x74,0x01,0x11,0x00,0x6E,0x01,0x12,0x00,0x73,0x01,0x0C,0x00,0x74,0x01,0x0B,
   0x00,0x75,0x01,0x0C,0x00,0x74,0x01,0x0A,0x00,0x76,0x01,0x0A,0x00,0x76,0x01,0x08,
   0x00,0x77,0x01,0x09,0x00,0x04,0x01,0x01,0x00,0x73,0x01,0x08,0x00,0x02,0x01,0x03,
   0x00,0x73,0x01,0x0D,0x00,0x73,0x01,0x0D,0x00,0x74,0x01,0x0B,0x00,0x76,0x01,0x11,
   0x00,0x6F,0x01,0x12,0x00,0x6E,0x01,0x13,0x00,0x6C,0x01,0x16,0x00,0x69,0x01,0x17,
   0x00,0x68,0x01,0x19,0x00,0x66,0x01,0x19,0x00,0x67,0x01,0x01,0x00,0x01,0x01,0x17,
   0x00,0x64,0x01,0x1C,0x00,0x64,0x01,0x1C,0x00,0x65,0x01,0x1C,0x00,0x64,0x01,0x01,
   0x00,0x01,0x01,0x08,0x00,0x01,0x01,0x0F,0x00,0x01,0x01,0x01,0x00,0x67,0x01,0x06,
   0x00,0x03,0x01,0x0E,0x00,0x6C,0x01,0x03,0x00,0x03,0x01,0x0D,0x00,0x6D,0x01,0x03,
   0x00,0x04,0x01,0x03,0x00,0x03,0x01,0x02,0x00,0x02,0x01,0x01,0x00,0x2B,0x01,0x02,
   0x00,0x41,0x01,0x02,0x00,0x05,0x01,0x03,0x00,0x04,0x01,0x01,0x00,0x2E,0x01,0x02,
   0x00,0x48,0x01,0x03,0x00,0x33,0x01,0x01,0x00,0x7E,0x01,0x03,0x00,0x7C,0x01,0x06,
   0x00,0x7A,0x01,0x05,0x00,0x7B,0x01,0x05,0x00,0x7B,0x01,0x05,0x00,0x7A,0x01,0x07,
   0x00,0x76,0x01,0x0C,0x00,0x74,0x01,0x0D,0x00,0x20,0x01,0x01,0x00,0x51,0x01,0x0F,
   0x00,0x1E,0x01,0x03,0x00,0x50,0x01,0x0F,0x00,0x03,0x01,0x02,0x00,0x19,0x01,0x03,
   0x00,0x50,0x01,0x0F,0x00,0x03,0x01,0x03,0x00,0x17,0x01,0x05,0x00,0x4F,0x01,0x0F,
   0x00,0x02,0x01,0x04,0x00,0x17,0x01,0x05,0x00,0x4F,0x01,0x0F,0x00,0x02,0x01,0x05,
   0x00,0x16,0x01,0x05,0x00,0x4F,0x01,0x0F,0x00,0x01,0x01,0x06,0x00,0x16,0x01,0x05,
   0x00,0x4F,0x01,0x0F,0x00,0x01,0x01,0x06,0x00,0x16,0x01,0x05,0x00,0x4F,0x01,0x0F,
   0x00,0x01,0x01,0x06,0x00,0x16,0x01,0x05,0x00,0x4F,0x01,0x0F,0x00,0x01,0x01,0x06,
   0x00,0x16,0x01,0x05,0x00,0x4F,0x01,0x0F,0x00,0x01,0x01,0x16,0x00,0x06,0x01,0x05,
   0x00,0x49,0x01,0x2F,0x00,0x03,0x01,0x05,0x00,0x49,0x01,0x30,0x00,0x02,0x01,0x05,
   0x00,0x49,0x01,0x31,0x00,0x01,0x01,0x05,0x00,0x49,0x01,0x37,0x00,0x49,0x01,0x37,
   0x00,0x49,0x01,0x37,0x00,0x49,0x01,0x37,0x00,0x49,0x01,0x37,0x00,0x49,0x01,0x37,
   0x00,0x49,0x01,0x37,0x00,0x49,0x01,0x37,0x00,0x49,0x01,0x37,0x00,0x49,0x01,0x37,
   0x00,0x49,0x01,0x37,0x00,0x49,0x01,0x37,0x00,0x49,0x01,0x37,0x00,0x49,0x01,0x37,
   0x00,0x49,0x01,0x37,0x00,0x49,0x01,0x37,0x00,0x49,0x01,0x37,0x00,0x49},
  // Frame 118/234 (Size: 484 bytes)
  {0x00,0xFF,0x00,0xFF,0x00,0xFF,0x00,0xFF,0x00,0xFF,0x00,0xFF,0x00,0xFF,0x00,0xFF,
   0x00,0xFF,0x00,0xFF,0x00,0xFF,0x00,0x5B,0x01,0x03,0x00,0x7C,0x01,0x05,0x00,0x7B,
   0x01,0x05,0x00,0x7A,0x01,0x06,0x00,0x7A,0x01,0x07,0x00,0x77,0x01,0x09,0x00,0x76,
   0x01,0x0C,0x00,0x72,0x01,0x12,0x00,0x6E,0x01,0x02,0x00,0x02,0x01,0x0D,0x00,0x73,
   0x01,0x0B,0x00,0x76,0x01,0x0A,0x00,0x76,0x01,0x0A,0x00,0x76,0x01,0x0B,0x00,0x75,
   0x01,0x09,0x00,0x76,0x01,0x09,0x00,0x77,0x01,0x09,0x00,0x03,0x01,0x02,0x00,0x72,
   0x01,0x09,0x00,0x01,0x01,0x04,0x00,0x73,0x01,0x0D,0x00,0x73,0x01,0x0C,0x00,0x75,
   0x01,0x0B,0x00,0x75,0x01,0x12,0x00,0x6E,0x01,0x12,0x00,0x6E,0x01,0x14,0x00,0x6C,
   0x01,0x16,0x00,0x68,0x01,0x17,0x00,0x68,0x01,0x1A,0x00,0x65,0x01,0x19,0x00,0x65,
   0x01,0x1B,0x00,0x64,0x01,0x1D,0x00,0x64,0x01,0x1B,0x00,0x66,0x01,0x1B,0x00,0x67,
   0x01,0x07,0x00,0x02,0x01,0x0E,0x00,0x01,0x01,0x02,0x00,0x28,0x01,0x01,0x00,0x40,
   0x01,0x04,0x00,0x03,0x01,0x0E,0x00,0x29,0x01,0x02,0x00,0x40,0x01,0x03,0x00,0x04,
   0x01,0x0D,0x00,0x2B,0x01,0x01,0x00,0x40,0x01,0x03,0x00,0x04,0x01,0x03,0x00,0x03,
   0x01,0x02,0x00,0x02,0x01,0x01,0x00,0x2C,0x01,0x02,0x00,0x41,0x01,0x02,0x00,0x04,
   0x01,0x03,0x00,0x04,0x01,0x01,0x00,0x2E,0x01,0x04,0x00,0x47,0x01,0x02,0x00,0x32,
   0x01,0x06,0x00,0x7A,0x01,0x06,0x00,0x7A,0x01,0x06,0x00,0x7A,0x01,0x06,0x00,0x79,
   0x01,0x07,0x00,0x76,0x01,0x0D,0x00,0x73,0x01,0x0E,0x00,0x20,0x01,0x01,0x00,0x50,
   0x01,0x0F,0x00,0x05,0x01,0x01,0x00,0x19,0x01,0x03,0x00,0x4F,0x01,0x10,0x00,0x03,
   0x01,0x02,0x00,0x19,0x01,0x03,0x00,0x4F,0x01,0x0F,0x00,0x03,0x01,0x04,0x00,0x17,
   0x01,0x05,0x00,0x4E,0x01,0x0F,0x00,0x03,0x01,0x04,0x00,0x17,0x01,0x05,0x00,0x4E,
   0x01,0x0F,0x00,0x02,0x01,0x06,0x00,0x16,0x01,0x05,0x00,0x4E,0x01,0x0F,0x00,0x02,
   0x01,0x06,0x00,0x16,0x01,0x05,0x00,0x4E,0x01,0x0F,0x00,0x02,0x01,0x06,0x00,0x16,
   0x01,0x05,0x00,0x4E,0x01,0x0F,0x00,0x02,0x01,0x06,0x00,0x16,0x01,0x05,0x00,0x4E,
   0x01,0x0F,0x00,0x02,0x01,0x06,0x00,0x16,0x01,0x05,0x00,0x4E,0x01,0x0F,0x00,0x02,
   0x01,0x18,0x00,0x04,0x01,0x05,0x00,0x48,0x01,0x30,0x00,0x03,0x01,0x05,0x00,0x48,
   0x01,0x31,0x00,0x02,0x01,0x05,0x00,0x48,0x01,0x32,0x00,0x01,0x01,0x05,0x00,0x48,
   0x01,0x38,0x00,0x48,0x01,0x38,0x00,0x48,0x01,0x38,0x00,0x48,0x01,0x38,0x00,0x48,
   0x01,0x38,0x00,0x48,0x01,0x38,0x00,0x48,0x01,0x38,0x00,0x48,0x01,0x38,0x00,0x48,
   0x01,0x38,0x00,0x48,0x01,0x38,0x00,0x48,0x01,0x38,0x00,0x48,0x01,0x38,0x00,0x48,
   0x01,0x38,0x00,0x48,0x01,0x38,0x00,0x48,0x01,0x38,0x00,0x48,0x01,0x38,0x00,0x48,
   0x01,0x38,0x00,0x48},
  // Frame 119/234 (Size: 494 bytes)
  {0x00,0xFF,0x00,0xFF,0x00,0xFF,0x00,0xFF,0x00,0xFF,0x00,0xFF,0x00,0xFF,0x00,0xFF,
   0x00,0xFF,0x00,0xFF,0x00,0xFF,0x00,0xFF,0x00,0x5C,0x01,0x04,0x00,0x7B,0x01,0x05,
   0x00,0x7A,0x01,0x06,0x00,0x79,0x01,0x07,0x00,0x79,0x01,0x07,0x00,0x77,0x01,0x0A,
   0x00,0x75,0x01,0x0F,0x00,0x6F,0x01,0x12,0x00,0x73,0x01,0x0C,0x00,0x74,0x01,0x0B,
   0x00,0x75,0x01,0x0A,0x00,0x76,0x01,0x0A,0x00,0x76,0x01,0x0A,0x00,0x76,0x01,0x09,
   0x00,0x77,0x01,0x08,0x00,0x78,0x01,0x08,0x00,0x03,0x01,0x02,0x00,0x73,0x01,0x08,
   0x00,0x01,0x01,0x04,0x00,0x73,0x01,0x0D,0x00,0x74,0x01,0x0B,0x00,0x76,0x01,0x0A,
   0x00,0x76,0x01,0x11,0x00,0x6F,0x01,0x12,0x00,0x6E,0x01,0x13,0x00,0x6C,0x01,0x16,
   0x00,0x69,0x01,0x16,0x00,0x69,0x01,0x19,0x00,0x64,0x01,0x01,0x00,0x01,0x01,0x01,
   0x00,0x02,0x01,0x15,0x00,0x65,0x01,0x1C,0x00,0x65,0x01,0x1B,0x00,0x65,0x01,0x1B,
   0x00,0x2A,0x01,0x01,0x00,0x3D,0x01,0x07,0x00,0x01,0x01,0x11,0x00,0x29,0x01,0x01,
   0x00,0x3F,0x01,0x04,0x00,0x03,0x01,0x0E,0x00,0x01,0x01,0x01,0x00,0x29,0x01,0x01,
   0x00,0x40,0x01,0x03,0x00,0x03,0x01,0x0E,0x00,0x2A,0x01,0x02,0x00,0x40,0x01,0x03,
   0x00,0x04,0x01,0x03,0x00,0x01,0x01,0x08,0x00,0x29,0x01,0x06,0x00,0x3E,0x01,0x02,
   0x00,0x05,0x01,0x03,0x00,0x03,0x01,0x02,0x00,0x2E,0x01,0x05,0x00,0x3F,0x01,0x01,
   0x00,0x05,0x01,0x03,0x00,0x04,0x01,0x01,0x00,0x2E,0x01,0x05,0x00,0x46,0x01,0x01,
   0x00,0x34,0x01,0x05,0x00,0x7B,0x01,0x05,0x00,0x79,0x01,0x08,0x00,0x75,0x01,0x0E,
   0x00,0x72,0x01,0x0E,0x00,0x21,0x01,0x01,0x00,0x4F,0x01,0x10,0x00,0x04,0x01,0x02,
   0x00,0x19,0x01,0x03,0x00,0x4E,0x01,0x10,0x00,0x04,0x01,0x02,0x00,0x18,0x01,0x05,
   0x00,0x4E,0x01,0x0F,0x00,0x03,0x01,0x04,0x00,0x17,0x01,0x05,0x00,0x4E,0x01,0x0F,
   0x00,0x03,0x01,0x04,0x00,0x17,0x01,0x05,0x00,0x4E,0x01,0x0F,0x00,0x02,0x01,0x06,
   0x00,0x16,0x01,0x05,0x00,0x4E,0x01,0x0F,0x00,0x02,0x01,0x06,0x00,0x16,0x01,0x05,
   0x00,0x4E,0x01,0x0E,0x00,0x03,0x01,0x06,0x00,0x16,0x01,0x05,0x00,0x4E,0x01,0x0E,
   0x00,0x03,0x01,0x06,0x00,0x16,0x01,0x05,0x00,0x4D,0x01,0x0F,0x00,0x03,0x01,0x07,
   0x00,0x15,0x01,0x05,0x00,0x4D,0x01,0x10,0x00,0x02,0x01,0x18,0x00,0x04,0x01,0x05,
   0x00,0x47,0x01,0x31,0x00,0x03,0x01,0x05,0x00,0x47,0x01,0x32,0x00,0x02,0x01,0x05,
   0x00,0x47,0x01,0x33,0x00,0x01,0x01,0x05,0x00,0x47,0x01,0x39,0x00,0x47,0x01,0x39,
   0x00,0x47,0x01,0x39,0x00,0x47,0x01,0x39,0x00,0x47,0x01,0x39,0x00,0x47,0x01,0x39,
   0x00,0x47,0x01,0x39,0x00,0x47,0x01,0x39,0x00,0x47,0x01,0x39,0x00,0x47,0x01,0x39,
   0x00,0x47,0x01,0x39,0x00,0x47,0x01,0x39,0x00,0x47,0x01,0x39,0x00,0x47,0x01,0x39,
   0x00,0x47,0x01,0x39,0x00,0x47,0x01,0x39,0x00,0x47,0x01,0x39,0x00,0x47},
  // Frame 120/234 (Size: 478 bytes)
  {0x00,0xFF,0x00,0xFF,0x00,0xFF,0x00,0xFF,0x00,0xFF,0x00,0xFF,0x00,0xFF,0x00,0xFF,
   0x00,0xFF,0x00,0xFF,0x00,0xFF,0x00,0xFF,0x00,0xDB,0x01,0x04,0x00,0x7B,0x01,0x06,
   0x00,0x7A,0x01,0x06,0x00,0x79,0x01,0x07,0x00,0x78,0x01,0x08,0x00,0x77,0x01,0x0A,
   0x00,0x74,0x01,0x0F,0x00,0x70,0x01,0x12,0x00,0x72,0x01,0x0D,0x00,0x74,0x01,0x09,
   0x00,0x77,0x01,0x0A,0x00,0x76,0x01,0x0B,0x00,0x75,0x01,0x0B,0x00,0x74,0x01,0x0A,
   0x00,0x76,0x01,0x09,0x00,0x78,0x01,0x08,0x00,0x03,0x01,0x02,0x00,0x73,0x01,0x08,
   0x00,0x01,0x01,0x04,0x00,0x73,0x01,0x0D,0x00,0x74,0x01,0x0B,0x00,0x75,0x01,0x0B,
   0x00,0x76,0x01,0x11,0x00,0x6E,0x01,0x12,0x00,0x6E,0x01,0x13,0x00,0x6D,0x01,0x15,
   0x00,0x69,0x01,0x17,0x00,0x68,0x01,0x19,0x00,0x64,0x01,0x1B,0x00,0x65,0x01,0x1B,
   0x00,0x66,0x01,0x1B,0x00,0x2A,0x01,0x02,0x00,0x39,0x01,0x1A,0x00,0x2B,0x01,0x01,
   0x00,0x3C,0x01,0x07,0x00,0x01,0x01,0x11,0x00,0x2A,0x01,0x01,0x00,0x3D,0x01,0x06,
   0x00,0x02,0x01,0x0E,0x00,0x01,0x01,0x02,0x00,0x28,0x01,0x03,0x00,0x3F,0x01,0x03,
   0x00,0x03,0x01,0x0D,0x00,0x2A,0x01,0x06,0x00,0x3D,0x01,0x02,0x00,0x04,0x01,0x0C,
   0x00,0x2B,0x01,0x06,0x00,0x3D,0x01,0x02,0x00,0x04,0x01,0x04,0x00,0x02,0x01,0x02,
   0x00,0x02,0x01,0x01,0x00,0x2C,0x01,0x05,0x00,0x45,0x01,0x02,0x00,0x04,0x01,0x01,
   0x00,0x2F,0x01,0x05,0x00,0x7B,0x01,0x06,0x00,0x76,0x01,0x0B,0x00,0x75,0x01,0x0D,
   0x00,0x72,0x01,0x0F,0x00,0x21,0x01,0x02,0x00,0x4E,0x01,0x0F,0x00,0x05,0x01,0x02,
   0x00,0x19,0x01,0x03,0x00,0x4E,0x01,0x0F,0x00,0x05,0x01,0x02,0x00,0x18,0x01,0x05,
   0x00,0x4D,0x01,0x0F,0x00,0x04,0x01,0x04,0x00,0x17,0x01,0x05,0x00,0x4D,0x01,0x0F,
   0x00,0x03,0x01,0x06,0x00,0x16,0x01,0x06,0x00,0x4C,0x01,0x0F,0x00,0x03,0x01,0x06,
   0x00,0x16,0x01,0x06,0x00,0x4C,0x01,0x0F,0x00,0x03,0x01,0x06,0x00,0x16,0x01,0x06,
   0x00,0x4C,0x01,0x0F,0x00,0x03,0x01,0x06,0x00,0x16,0x01,0x05,0x00,0x4D,0x01,0x0F,
   0x00,0x03,0x01,0x06,0x00,0x16,0x01,0x05,0x00,0x4D,0x01,0x0F,0x00,0x03,0x01,0x07,
   0x00,0x15,0x01,0x05,0x00,0x4C,0x01,0x10,0x00,0x02,0x01,0x19,0x00,0x04,0x01,0x05,
   0x00,0x46,0x01,0x32,0x00,0x03,0x01,0x05,0x00,0x46,0x01,0x33,0x00,0x02,0x01,0x05,
   0x00,0x46,0x01,0x34,0x00,0x01,0x01,0x05,0x00,0x46,0x01,0x3A,0x00,0x46,0x01,0x3A,
   0x00,0x46,0x01,0x3A,0x00,0x46,0x01,0x3A,0x00,0x46,0x01,0x3A,0x00,0x46,0x01,0x3A,
   0x00,0x46,0x01,0x3A,0x00,0x46,0x01,0x3A,0x00,0x46,0x01,0x3A,0x00,0x46,0x01,0x3A,
   0x00,0x46,0x01,0x3A,0x00,0x46,0x01,0x3A,0x00,0x46,0x01,0x3A,0x00,0x46,0x01,0x3A,
   0x00,0x46,0x01,0x3A,0x00,0x46,0x01,0x3A,0x00,0x46,0x01,0x3A,0x00,0x46},
  // Frame 121/234 (Size: 502 bytes)
  {0x00,0xFF,0x00,0xFF,0x00,0xFF,0x00,0xFF,0x00,0xFF,0x00,0xFF,0x00,0xFF,0x00,0xFF,
   0x00,0xFF,0x00,0xFF,0x00,0xFF,0x00,0xFF,0x00,0x5B,0x01,0x03,0x00,0x7D,0x01,0x04,
   0x00,0x7B,0x01,0x05,0x00,0x7A,0x01,0x06,0x00,0x7A,0x01,0x06,0x00,0x78,0x01,0x09,
   0x00,0x76,0x01,0x0C,0x00,0x72,0x01,0x11,0x00,0x6F,0x01,0x11,0x00,0x73,0x01,0x0C,
   0x00,0x75,0x01,0x0A,0x00,0x76,0x01,0x0B,0x00,0x75,0x01,0x09,0x00,0x77,0x01,0x08,
   0x00,0x77,0x01,0x09,0x00,0x77,0x01,0x09,0x00,0x03,0x01,0x01,0x00,0x73,0x01,0x09,
   0x00,0x01,0x01,0x04,0x00,0x72,0x01,0x0D,0x00,0x74,0x01,0x0C,0x00,0x75,0x01,0x0A,
   0x00,0x76,0x01,0x0A,0x00,0x03,0x01,0x01,0x00,0x72,0x01,0x11,0x00,0x6F,0x01,0x12,
   0x00,0x6E,0x01,0x13,0x00,0x6C,0x01,0x16,0x00,0x69,0x01,0x17,0x00,0x68,0x01,0x19,
   0x00,0x64,0x01,0x1A,0x00,0x66,0x01,0x1B,0x00,0x2C,0x01,0x01,0x00,0x39,0x01,0x1A,
   0x00,0x2B,0x01,0x02,0x00,0x39,0x01,0x01,0x00,0x01,0x01,0x18,0x00,0x2C,0x01,0x01,
   0x00,0x3C,0x01,0x06,0x00,0x01,0x01,0x11,0x00,0x2A,0x01,0x02,0x00,0x3E,0x01,0x03,
   0x00,0x03,0x01,0x0E,0x00,0x01,0x01,0x01,0x00,0x28,0x01,0x05,0x00,0x3D,0x01,0x03,
   0x00,0x04,0x01,0x0D,0x00,0x2A,0x01,0x06,0x00,0x3C,0x01,0x03,0x00,0x04,0x01,0x03,
   0x00,0x01,0x01,0x04,0x00,0x01,0x01,0x03,0x00,0x2B,0x01,0x06,0x00,0x3D,0x01,0x02,
   0x00,0x04,0x01,0x03,0x00,0x03,0x01,0x02,0x00,0x2F,0x01,0x06,0x00,0x43,0x01,0x03,
   0x00,0x04,0x01,0x01,0x00,0x2F,0x01,0x06,0x00,0x79,0x01,0x07,0x00,0x76,0x01,0x0D,
   0x00,0x73,0x01,0x0E,0x00,0x22,0x01,0x01,0x00,0x4E,0x01,0x0F,0x00,0x22,0x01,0x02,
   0x00,0x4D,0x01,0x10,0x00,0x05,0x01,0x02,0x00,0x19,0x01,0x04,0x00,0x4C,0x01,0x10,
   0x00,0x04,0x01,0x04,0x00,0x17,0x01,0x05,0x00,0x4C,0x01,0x10,0x00,0x04,0x01,0x04,
   0x00,0x17,0x01,0x06,0x00,0x4B,0x01,0x0F,0x00,0x04,0x01,0x06,0x00,0x16,0x01,0x06,
   0x00,0x4B,0x01,0x0F,0x00,0x04,0x01,0x06,0x00,0x16,0x01,0x06,0x00,0x4B,0x01,0x0F,
   0x00,0x04,0x01,0x06,0x00,0x16,0x01,0x06,0x00,0x4B,0x01,0x0F,0x00,0x04,0x01,0x06,
   0x00,0x16,0x01,0x06,0x00,0x4B,0x01,0x0F,0x00,0x04,0x01,0x06,0x00,0x16,0x01,0x06,
   0x00,0x4B,0x01,0x0F,0x00,0x04,0x01,0x09,0x00,0x13,0x01,0x06,0x00,0x4B,0x01,0x10,
   0x00,0x02,0x01,0x19,0x00,0x04,0x01,0x06,0x00,0x44,0x01,0x33,0x00,0x03,0x01,0x06,
   0x00,0x44,0x01,0x34,0x00,0x02,0x01,0x06,0x00,0x44,0x01,0x35,0x00,0x01,0x01,0x06,
   0x00,0x44,0x01,0x3C,0x00,0x44,0x01,0x3C,0x00,0x44,0x01,0x3C,0x00,0x44,0x01,0x3B,
   0x00,0x45,0x01,0x3B,0x00,0x45,0x01,0x3B,0x00,0x45,0x01,0x3B,0x00,0x45,0x01,0x3B,
   0x00,0x45,0x01,0x3B,0x00,0x45,0x01,0x3B,0x00,0x45,0x01,0x3B,0x00,0x45,0x01,0x3B,
   0x00,0x45,0x01,0x3B,0x00,0x45,0x01,0x3B,0x00,0x45,0x01,0x3B,0x00,0x45,0x01,0x3B,
   0x00,0x45,0x01,0x3B,0x00,0x45},
  // Frame 122/234 (Size: 496 bytes)
  {0x00,0xFF,0x00,0xFF,0x00,0xFF,0x00,0xFF,0x00,0xFF,0x00,0xFF,0x00,0xFF,0x00,0xFF,
   0x00,0xFF,0x00,0xFF,0x00,0xFF,0x00,0xDA,0x01,0x03,0x00,0x7C,0x01,0x05,0x00,0x7A,
   0x01,0x06,0x00,0x7A,0x01,0x06,0x00,0x79,0x01,0x07,0x00,0x77,0x01,0x0A,0x00,0x76,
   0x01,0x0C,0x00,0x72,0x01,0x11,0x00,0x6E,0x01,0x12,0x00,0x73,0x01,0x0B,0x00,0x75,
   0x01,0x0B,0x00,0x75,0x01,0x0C,0x00,0x75,0x01,0x09,0x00,0x76,0x01,0x09,0x00,0x77,
   0x01,0x08,0x00,0x78,0x01,0x08,0x00,0x04,0x01,0x01,0x00,0x73,0x01,0x08,0x00,0x01,
   0x01,0x04,0x00,0x73,0x01,0x0D,0x00,0x73,0x01,0x0C,0x00,0x76,0x01,0x0A,0x00,0x76,
   0x01,0x11,0x00,0x6F,0x01,0x11,0x00,0x6E,0x01,0x14,0x00,0x6C,0x01,0x15,0x00,0x6A,
   0x01,0x16,0x00,0x69,0x01,0x18,0x00,0x67,0x01,0x18,0x00,0x65,0x01,0x1B,0x00,0x66,
   0x01,0x1B,0x00,0x66,0x01,0x19,0x00,0x2D,0x01,0x01,0x00,0x38,0x01,0x01,0x00,0x01,
   0x01,0x19,0x00,0x2C,0x01,0x01,0x00,0x3B,0x01,0x06,0x00,0x02,0x01,0x0E,0x00,0x01,
   0x01,0x02,0x00,0x2B,0x01,0x01,0x00,0x3E,0x01,0x03,0x00,0x03,0x01,0x0D,0x00,0x2D,
   0x01,0x03,0x00,0x3D,0x01,0x03,0x00,0x03,0x01,0x0C,0x00,0x2C,0x01,0x06,0x00,0x3C,
   0x01,0x02,0x00,0x05,0x01,0x03,0x00,0x02,0x01,0x02,0x00,0x02,0x01,0x01,0x00,0x2E,
   0x01,0x05,0x00,0x3D,0x01,0x01,0x00,0x05,0x01,0x03,0x00,0x03,0x01,0x01,0x00,0x31,
   0x01,0x05,0x00,0x43,0x01,0x02,0x00,0x36,0x01,0x05,0x00,0x7A,0x01,0x06,0x00,0x79,
   0x01,0x08,0x00,0x75,0x01,0x0E,0x00,0x72,0x01,0x0E,0x00,0x23,0x01,0x02,0x00,0x4C,
   0x01,0x10,0x00,0x06,0x01,0x02,0x00,0x1A,0x01,0x02,0x00,0x4C,0x01,0x10,0x00,0x06,
   0x01,0x02,0x00,0x19,0x01,0x04,0x00,0x4B,0x01,0x10,0x00,0x05,0x01,0x04,0x00,0x17,
   0x01,0x05,0x00,0x4B,0x01,0x10,0x00,0x04,0x01,0x05,0x00,0x17,0x01,0x06,0x00,0x4A,
   0x01,0x10,0x00,0x04,0x01,0x06,0x00,0x16,0x01,0x06,0x00,0x4A,0x01,0x10,0x00,0x04,
   0x01,0x06,0x00,0x16,0x01,0x06,0x00,0x4A,0x01,0x10,0x00,0x04,0x01,0x06,0x00,0x16,
   0x01,0x06,0x00,0x4A,0x01,0x10,0x00,0x04,0x01,0x06,0x00,0x16,0x01,0x06,0x00,0x4A,
   0x01,0x10,0x00,0x03,0x01,0x07,0x00,0x16,0x01,0x06,0x00,0x4A,0x01,0x10,0x00,0x04,
   0x01,0x0B,0x00,0x11,0x01,0x06,0x00,0x4A,0x01,0x10,0x00,0x03,0x01,0x19,0x00,0x04,
   0x01,0x06,0x00,0x43,0x01,0x34,0x00,0x03,0x01,0x06,0x00,0x43,0x01,0x35,0x00,0x02,
   0x01,0x06,0x00,0x43,0x01,0x36,0x00,0x01,0x01,0x06,0x00,0x43,0x01,0x3D,0x00,0x43,
   0x01,0x3D,0x00,0x43,0x01,0x3D,0x00,0x43,0x01,0x3D,0x00,0x43,0x01,0x3D,0x00,0x43,
   0x01,0x3D,0x00,0x43,0x01,0x3D,0x00,0x43,0x01,0x3D,0x00,0x43,0x01,0x3D,0x00,0x43,
   0x01,0x3D,0x00,0x43,0x01,0x3D,0x00,0x43,0x01,0x3D,0x00,0x43,0x01,0x3D,0x00,0x43,
   0x01,0x3D,0x00,0x43,0x01,0x3D,0x00,0x43,0x01,0x3D,0x00,0x43,0x01,0x3C,0x00,0x44},
  // Frame 123/234 (Size: 498 bytes)
  {0x00,0xFF,0x00,0xFF,0x00,0xFF,0x00,0xFF,0x00,0xFF,0x00,0xFF,0x00,0xFF,0x00,0xFF,
   0x00,0xFF,0x00,0xFF,0x00,0xD9,0x01,0x02,0x00,0x7D,0x01,0x04,0x00,0x7B,0x01,0x05,
   0x00,0x7B,0x01,0x05,0x00,0x7A,0x01,0x07,0x00,0x78,0x01,0x08,0x00,0x76,0x01,0x0B,
   0x00,0x74,0x01,0x10,0x00,0x6F,0x01,0x12,0x00,0x6F,0x01,0x01,0x00,0x02,0x01,0x0D,
   0x00,0x74,0x01,0x0A,0x00,0x76,0x01,0x0B,0x00,0x75,0x01,0x0A,0x00,0x76,0x01,0x09,
   0x00,0x76,0x01,0x09,0x00,0x77,0x01,0x09,0x00,0x04,0x01,0x01,0x00,0x73,0x01,0x08,
   0x00,0x02,0x01,0x03,0x00,0x73,0x01,0x0D,0x00,0x73,0x01,0x0C,0x00,0x75,0x01,0x0B,
   0x00,0x75,0x01,0x11,0x00,0x70,0x01,0x10,0x00,0x6F,0x01,0x13,0x00,0x6D,0x01,0x14,
   0x00,0x6B,0x01,0x16,0x00,0x69,0x01,0x17,0x00,0x68,0x01,0x17,0x00,0x01,0x01,0x01,
   0x00,0x66,0x01,0x18,0x00,0x66,0x01,0x1B,0x00,0x66,0x01,0x1A,0x00,0x66,0x01,0x1A,
   0x00,0x2E,0x01,0x01,0x00,0x38,0x01,0x08,0x00,0x02,0x01,0x10,0x00,0x2C,0x01,0x02,
   0x00,0x3C,0x01,0x04,0x00,0x03,0x01,0x0D,0x00,0x2E,0x01,0x02,0x00,0x3C,0x01,0x03,
   0x00,0x04,0x01,0x0C,0x00,0x2F,0x01,0x02,0x00,0x3C,0x01,0x03,0x00,0x04,0x01,0x04,
   0x00,0x01,0x01,0x03,0x00,0x01,0x01,0x01,0x00,0x01,0x01,0x01,0x00,0x2D,0x01,0x04,
   0x00,0x3D,0x01,0x02,0x00,0x04,0x01,0x04,0x00,0x02,0x01,0x02,0x00,0x31,0x01,0x06,
   0x00,0x42,0x01,0x02,0x00,0x36,0x01,0x06,0x00,0x7A,0x01,0x06,0x00,0x7A,0x01,0x06,
   0x00,0x7A,0x01,0x06,0x00,0x77,0x01,0x0A,0x00,0x74,0x01,0x0F,0x00,0x71,0x01,0x0F,
   0x00,0x23,0x01,0x02,0x00,0x4B,0x01,0x10,0x00,0x07,0x01,0x02,0x00,0x1A,0x01,0x03,
   0x00,0x4A,0x01,0x11,0x00,0x05,0x01,0x03,0x00,0x19,0x01,0x04,0x00,0x4A,0x01,0x11,
   0x00,0x05,0x01,0x04,0x00,0x17,0x01,0x06,0x00,0x49,0x01,0x10,0x00,0x05,0x01,0x05,
   0x00,0x17,0x01,0x06,0x00,0x49,0x01,0x10,0x00,0x05,0x01,0x06,0x00,0x16,0x01,0x06,
   0x00,0x49,0x01,0x10,0x00,0x05,0x01,0x06,0x00,0x16,0x01,0x06,0x00,0x49,0x01,0x10,
   0x00,0x05,0x01,0x06,0x00,0x16,0x01,0x06,0x00,0x49,0x01,0x10,0x00,0x04,0x01,0x07,
   0x00,0x16,0x01,0x06,0x00,0x49,0x01,0x10,0x00,0x04,0x01,0x07,0x00,0x16,0x01,0x06,
   0x00,0x49,0x01,0x10,0x00,0x05,0x01,0x0D,0x00,0x0F,0x01,0x06,0x00,0x49,0x01,0x2D,
   0x00,0x04,0x01,0x06,0x00,0x42,0x01,0x35,0x00,0x03,0x01,0x06,0x00,0x42,0x01,0x37,
   0x00,0x01,0x01,0x06,0x00,0x42,0x01,0x37,0x00,0x01,0x01,0x06,0x00,0x42,0x01,0x3E,
   0x00,0x42,0x01,0x3E,0x00,0x42,0x01,0x3E,0x00,0x42,0x01,0x3E,0x00,0x42,0x01,0x3E,
   0x00,0x42,0x01,0x3E,0x00,0x42,0x01,0x3E,0x00,0x42,0x01,0x3E,0x00,0x42,0x01,0x3E,
   0x00,0x42,0x01,0x3E,0x00,0x42,0x01,0x3E,0x00,0x42,0x01,0x3E,0x00,0x42,0x01,0x3E,
   0x00,0x42,0x01,0x3E,0x00,0x42,0x01,0x3E,0x00,0x42,0x01,0x3E,0x00,0x42,0x01,0x3E,
   0x00,0x42},
  // Frame 124/234 (Size: 494 bytes)
  {0x00,0xFF,0x00,0xFF,0x00,0xFF,0x00,0xFF,0x00,0xFF,0x00,0xFF,0x00,0xFF,0x00,0xFF,
   0x00,0xFF,0x00,0xFF,0x00,0x59,0x01,0x02,0x00,0x7D,0x01,0x04,0x00,0x7B,0x01,0x05,
   0x00,0x7A,0x01,0x06,0x00,0x7A,0x01,0x07,0x00,0x78,0x01,0x08,0x00,0x76,0x01,0x0C,
   0x00,0x72,0x01,0x12,0x00,0x6E,0x01,0x11,0x00,0x73,0x01,0x0C,0x00,0x75,0x01,0x0B,
   0x00,0x75,0x01,0x0B,0x00,0x75,0x01,0x09,0x00,0x77,0x01,0x08,0x00,0x77,0x01,0x09,
   0x00,0x77,0x01,0x09,0x00,0x03,0x01,0x02,0x00,0x72,0x01,0x09,0x00,0x01,0x01,0x04,
   0x00,0x72,0x01,0x0D,0x00,0x74,0x01,0x0C,0x00,0x75,0x01,0x0B,0x00,0x02,0x01,0x01,
   0x00,0x72,0x01,0x11,0x00,0x6F,0x01,0x12,0x00,0x6E,0x01,0x13,0x00,0x6D,0x01,0x15,
   0x00,0x69,0x01,0x16,0x00,0x69,0x01,0x19,0x00,0x66,0x01,0x18,0x00,0x68,0x01,0x19,
   0x00,0x65,0x01,0x1B,0x00,0x65,0x01,0x1A,0x00,0x67,0x01,0x1A,0x00,0x68,0x01,0x07,
   0x00,0x02,0x01,0x0D,0x00,0x30,0x01,0x01,0x00,0x3C,0x01,0x03,0x00,0x04,0x01,0x0C,
   0x00,0x2F,0x01,0x02,0x00,0x3C,0x01,0x03,0x00,0x04,0x01,0x03,0x00,0x01,0x01,0x07,
   0x00,0x31,0x01,0x01,0x00,0x3C,0x01,0x03,0x00,0x04,0x01,0x03,0x00,0x03,0x01,0x01,
   0x00,0x34,0x01,0x02,0x00,0x3D,0x01,0x01,0x00,0x05,0x01,0x03,0x00,0x36,0x01,0x06,
   0x00,0x42,0x01,0x01,0x00,0x37,0x01,0x06,0x00,0x7A,0x01,0x06,0x00,0x7A,0x01,0x06,
   0x00,0x7A,0x01,0x06,0x00,0x79,0x01,0x07,0x00,0x76,0x01,0x0D,0x00,0x72,0x01,0x0F,
   0x00,0x25,0x01,0x01,0x00,0x4B,0x01,0x10,0x00,0x08,0x01,0x01,0x00,0x1A,0x01,0x02,
   0x00,0x4A,0x01,0x11,0x00,0x07,0x01,0x02,0x00,0x1A,0x01,0x03,0x00,0x49,0x01,0x11,
   0x00,0x06,0x01,0x04,0x00,0x18,0x01,0x05,0x00,0x49,0x01,0x10,0x00,0x06,0x01,0x04,
   0x00,0x18,0x01,0x05,0x00,0x49,0x01,0x10,0x00,0x05,0x01,0x06,0x00,0x17,0x01,0x05,
   0x00,0x49,0x01,0x10,0x00,0x05,0x01,0x06,0x00,0x16,0x01,0x06,0x00,0x49,0x01,0x10,
   0x00,0x05,0x01,0x06,0x00,0x16,0x01,0x06,0x00,0x49,0x01,0x10,0x00,0x05,0x01,0x06,
   0x00,0x17,0x01,0x05,0x00,0x49,0x01,0x10,0x00,0x04,0x01,0x07,0x00,0x17,0x01,0x05,
   0x00,0x49,0x01,0x10,0x00,0x05,0x01,0x06,0x00,0x17,0x01,0x05,0x00,0x48,0x01,0x11,
   0x00,0x05,0x01,0x0F,0x00,0x0E,0x01,0x05,0x00,0x48,0x01,0x2F,0x00,0x04,0x01,0x05,
   0x00,0x41,0x01,0x37,0x00,0x03,0x01,0x05,0x00,0x41,0x01,0x38,0x00,0x02,0x01,0x05,
   0x00,0x41,0x01,0x39,0x00,0x01,0x01,0x05,0x00,0x41,0x01,0x3F,0x00,0x41,0x01,0x3F,
   0x00,0x41,0x01,0x3F,0x00,0x41,0x01,0x3F,0x00,0x41,0x01,0x3F,0x00,0x41,0x01,0x3F,
   0x00,0x41,0x01,0x3F,0x00,0x41,0x01,0x3F,0x00,0x41,0x01,0x3F,0x00,0x41,0x01,0x3F,
   0x00,0x41,0x01,0x3F,0x00,0x41,0x01,0x3F,0x00,0x41,0x01,0x3F,0x00,0x41,0x01,0x3F,
   0x00,0x41,0x01,0x3F,0x00,0x41,0x01,0x3F,0x00,0x41,0x01,0x3F,0x00,0x41},
  // Frame 125/234 (Size: 516 bytes)
  {0x00,0xFF,0x00,0xFF,0x00,0xFF,0x00,0xFF,0x00,0xFF,0x00,0xFF,0x00,0xFF,0x00,0xFF,
   0x00,0xFF,0x00,0x59,0x01,0x03,0x00,0x7C,0x01,0x05,0x00,0x7A,0x01,0x06,0x00,0x7A,
   0x01,0x06,0x00,0x79,0x01,0x07,0x00,0x78,0x01,0x09,0x00,0x75,0x01,0x0C,0x00,0x73,
   0x01,0x12,0x00,0x6C,0x01,0x14,0x00,0x6C,0x01,0x14,0x00,0x72,0x01,0x0D,0x00,0x73,
   0x01,0x0C,0x00,0x74,0x01,0x0B,0x00,0x75,0x01,0x0A,0x00,0x76,0x01,0x0A,0x00,0x75,
   0x01,0x0A,0x00,0x76,0x01,0x0A,0x00,0x04,0x01,0x01,0x00,0x71,0x01,0x0A,0x00,0x02,
   0x01,0x03,0x00,0x71,0x01,0x0F,0x00,0x71,0x01,0x0F,0x00,0x72,0x01,0x0D,0x00,0x74,
   0x01,0x14,0x00,0x6D,0x01,0x12,0x00,0x6E,0x01,0x14,0x00,0x6B,0x01,0x16,0x00,0x6A,
   0x01,0x18,0x00,0x67,0x01,0x18,0x00,0x66,0x01,0x1C,0x00,0x64,0x01,0x1A,0x00,0x65,
   0x01,0x02,0x00,0x01,0x01,0x18,0x00,0x63,0x01,0x1E,0x00,0x62,0x01,0x1E,0x00,0x63,
   0x01,0x1C,0x00,0x64,0x01,0x1D,0x00,0x66,0x01,0x07,0x00,0x02,0x01,0x0F,0x00,0x02,
   0x01,0x01,0x00,0x28,0x01,0x01,0x00,0x3E,0x01,0x04,0x00,0x04,0x01,0x0F,0x00,0x29,
   0x01,0x03,0x00,0x3E,0x01,0x03,0x00,0x04,0x01,0x0D,0x00,0x2C,0x01,0x01,0x00,0x3F,
   0x01,0x03,0x00,0x04,0x01,0x04,0x00,0x02,0x01,0x03,0x00,0x01,0x01,0x02,0x00,0x2D,
   0x01,0x01,0x00,0x3F,0x01,0x02,0x00,0x05,0x01,0x04,0x00,0x03,0x01,0x02,0x00,0x2F,
   0x01,0x03,0x00,0x3F,0x01,0x01,0x00,0x05,0x01,0x04,0x00,0x04,0x01,0x01,0x00,0x2D,
   0x01,0x07,0x00,0x44,0x01,0x02,0x00,0x33,0x01,0x07,0x00,0x79,0x01,0x07,0x00,0x79,
   0x01,0x07,0x00,0x79,0x01,0x06,0x00,0x7A,0x01,0x07,0x00,0x75,0x01,0x0C,0x00,0x73,
   0x01,0x10,0x00,0x70,0x01,0x10,0x00,0x26,0x01,0x02,0x00,0x47,0x01,0x12,0x00,0x25,
   0x01,0x03,0x00,0x46,0x01,0x12,0x00,0x06,0x01,0x02,0x00,0x1C,0x01,0x04,0x00,0x46,
   0x01,0x12,0x00,0x06,0x01,0x03,0x00,0x1A,0x01,0x06,0x00,0x45,0x01,0x12,0x00,0x05,
   0x01,0x04,0x00,0x1A,0x01,0x06,0x00,0x45,0x01,0x12,0x00,0x05,0x01,0x05,0x00,0x19,
   0x01,0x06,0x00,0x45,0x01,0x12,0x00,0x04,0x01,0x06,0x00,0x19,0x01,0x06,0x00,0x45,
   0x01,0x12,0x00,0x03,0x01,0x08,0x00,0x18,0x01,0x06,0x00,0x45,0x01,0x12,0x00,0x03,
   0x01,0x08,0x00,0x18,0x01,0x06,0x00,0x45,0x01,0x12,0x00,0x03,0x01,0x08,0x00,0x18,
   0x01,0x06,0x00,0x45,0x01,0x12,0x00,0x03,0x01,0x08,0x00,0x18,0x01,0x06,0x00,0x45,
   0x01,0x12,0x00,0x03,0x01,0x08,0x00,0x18,0x01,0x06,0x00,0x3F,0x01,0x37,0x00,0x04,
   0x01,0x06,0x00,0x3F,0x01,0x38,0x00,0x03,0x01,0x06,0x00,0x3F,0x01,0x39,0x00,0x02,
   0x01,0x06,0x00,0x3F,0x01,0x3A,0x00,0x01,0x01,0x06,0x00,0x3F,0x01,0x41,0x00,0x3F,
   0x01,0x41,0x00,0x3F,0x01,0x41,0x00,0x3F,0x01,0x41,0x00,0x3F,0x01,0x41,0x00,0x3F,
   0x01,0x41,0x00,0x3F,0x01,0x41,0x00,0x3F,0x01,0x41,0x00,0x3F,0x01,0x41,0x00,0x3F,
   0x01,0x41,0x00,0x3F,0x01,0x41,0x00,0x3F,0x01,0x41,0x00,0x3F,0x01,0x41,0x00,0x3F,
   0x01,0x41,0x00,0x3F},
  // Frame 126/234 (Size: 530 bytes)
  {0x00,0xFF,0x00,0xFF,0x00,0xFF,0x00,0xFF,0x00,0xFF,0x00,0xFF,0x00,0xDB,0x01,0x04,
   0x00,0x7B,0x01,0x06,0x00,0x79,0x01,0x07,0x00,0x79,0x01,0x07,0x00,0x78,0x01,0x08,
   0x00,0x78,0x01,0x08,0x00,0x77,0x01,0x0A,0x00,0x75,0x01,0x0B,0x00,0x72,0x01,0x01,
   0x00,0x01,0x01,0x0D,0x00,0x71,0x01,0x15,0x00,0x69,0x01,0x18,0x00,0x66,0x01,0x1A,
   0x00,0x67,0x01,0x18,0x00,0x6E,0x01,0x11,0x00,0x70,0x01,0x0F,0x00,0x71,0x01,0x10,
   0x00,0x70,0x01,0x0F,0x00,0x71,0x01,0x0E,0x00,0x71,0x01,0x0E,0x00,0x71,0x01,0x0D,
   0x00,0x72,0x01,0x0E,0x00,0x72,0x01,0x0E,0x00,0x06,0x01,0x02,0x00,0x69,0x01,0x0F,
   0x00,0x04,0x01,0x04,0x00,0x68,0x01,0x10,0x00,0x02,0x01,0x06,0x00,0x68,0x01,0x03,
   0x00,0x01,0x01,0x13,0x00,0x69,0x01,0x02,0x00,0x03,0x01,0x12,0x00,0x6D,0x01,0x13,
   0x00,0x01,0x01,0x06,0x00,0x01,0x01,0x04,0x00,0x64,0x01,0x1B,0x00,0x65,0x01,0x1B,
   0x00,0x65,0x01,0x1D,0x00,0x63,0x01,0x1E,0x00,0x62,0x01,0x1E,0x00,0x62,0x01,0x22,
   0x00,0x5D,0x01,0x21,0x00,0x5E,0x01,0x23,0x00,0x5B,0x01,0x26,0x00,0x5A,0x01,0x24,
   0x00,0x5B,0x01,0x25,0x00,0x5A,0x01,0x03,0x00,0x01,0x01,0x23,0x00,0x57,0x01,0x04,
   0x00,0x01,0x01,0x24,0x00,0x57,0x01,0x29,0x00,0x57,0x01,0x29,0x00,0x58,0x01,0x28,
   0x00,0x58,0x01,0x28,0x00,0x58,0x01,0x01,0x00,0x02,0x01,0x0A,0x00,0x02,0x01,0x17,
   0x00,0x01,0x01,0x04,0x00,0x5B,0x01,0x06,0x00,0x04,0x01,0x16,0x00,0x61,0x01,0x05,
   0x00,0x04,0x01,0x18,0x00,0x5F,0x01,0x05,0x00,0x04,0x01,0x06,0x00,0x01,0x01,0x0E,
   0x00,0x62,0x01,0x04,0x00,0x06,0x01,0x05,0x00,0x03,0x01,0x05,0x00,0x02,0x01,0x02,
   0x00,0x01,0x01,0x02,0x00,0x62,0x01,0x04,0x00,0x06,0x01,0x05,0x00,0x05,0x01,0x03,
   0x00,0x03,0x01,0x01,0x00,0x66,0x01,0x03,0x00,0x06,0x01,0x05,0x00,0x06,0x01,0x02,
   0x00,0x04,0x01,0x01,0x00,0x17,0x01,0x01,0x00,0x4E,0x01,0x01,0x00,0x07,0x01,0x05,
   0x00,0x06,0x01,0x02,0x00,0x1B,0x01,0x03,0x00,0x56,0x01,0x03,0x00,0x24,0x01,0x03,
   0x00,0x7D,0x01,0x02,0x00,0x7E,0x01,0x02,0x00,0x7E,0x01,0x03,0x00,0x7A,0x01,0x08,
   0x00,0x78,0x01,0x09,0x00,0x77,0x01,0x08,0x00,0x78,0x01,0x08,0x00,0x78,0x01,0x08,
   0x00,0x78,0x01,0x08,0x00,0x78,0x01,0x08,0x00,0x77,0x01,0x0B,0x00,0x74,0x01,0x0F,
   0x00,0x71,0x01,0x10,0x00,0x70,0x01,0x10,0x00,0x70,0x01,0x11,0x00,0x2D,0x01,0x01,
   0x00,0x41,0x01,0x11,0x00,0x2C,0x01,0x03,0x00,0x40,0x01,0x11,0x00,0x2C,0x01,0x04,
   0x00,0x3F,0x01,0x11,0x00,0x2B,0x01,0x05,0x00,0x3F,0x01,0x11,0x00,0x2A,0x01,0x07,
   0x00,0x3E,0x01,0x11,0x00,0x2A,0x01,0x08,0x00,0x3D,0x01,0x11,0x00,0x2A,0x01,0x08,
   0x00,0x3D,0x01,0x10,0x00,0x2A,0x01,0x09,0x00,0x3D,0x01,0x10,0x00,0x2A,0x01,0x09,
   0x00,0x3D,0x01,0x10,0x00,0x2A,0x01,0x09,0x00,0x3D,0x01,0x11,0x00,0x29,0x01,0x09,
   0x00,0x3D,0x01,0x12,0x00,0x28,0x01,0x09,0x00,0x3D,0x01,0x13,0x00,0x28,0x01,0x07,
   0x00,0x3E,0x01,0x13,0x00,0x28,0x01,0x07,0x00,0x3E,0x01,0x14,0x00,0x27,0x01,0x07,
   0x00,0x3E},
  // Frame 127/234 (Size: 492 bytes)
  {0x00,0xFF,0x00,0xFF,0x00,0xE1,0x01,0x03,0x00,0x7B,0x01,0x07,0x00,0x78,0x01,0x09,
   0x00,0x77,0x01,0x09,0x00,0x76,0x01,0x0A,0x00,0x75,0x01,0x0A,0x00,0x76,0x01,0x0B,
   0x00,0x74,0x01,0x0C,0x00,0x74,0x01,0x0C,0x00,0x73,0x01,0x0E,0x00,0x72,0x01,0x0E,
   0x00,0x70,0x01,0x10,0x00,0x6C,0x01,0x02,0x00,0x01,0x01,0x15,0x00,0x68,0x01,0x1E,
   0x00,0x60,0x01,0x22,0x00,0x5D,0x01,0x23,0x00,0x5B,0x01,0x24,0x00,0x5D,0x01,0x22,
   0x00,0x5F,0x01,0x20,0x00,0x68,0x01,0x18,0x00,0x69,0x01,0x18,0x00,0x68,0x01,0x19,
   0x00,0x67,0x01,0x16,0x00,0x6A,0x01,0x14,0x00,0x6C,0x01,0x15,0x00,0x68,0x01,0x16,
   0x00,0x68,0x01,0x18,0x00,0x64,0x01,0x19,0x00,0x66,0x01,0x1A,0x00,0x65,0x01,0x1B,
   0x00,0x65,0x01,0x1B,0x00,0x0A,0x01,0x02,0x00,0x59,0x01,0x1B,0x00,0x07,0x01,0x05,
   0x00,0x59,0x01,0x1B,0x00,0x04,0x01,0x08,0x00,0x59,0x01,0x07,0x00,0x05,0x01,0x0E,
   0x00,0x03,0x01,0x0A,0x00,0x5A,0x01,0x01,0x00,0x02,0x01,0x02,0x00,0x06,0x01,0x0E,
   0x00,0x02,0x01,0x17,0x00,0x51,0x01,0x02,0x00,0x06,0x01,0x27,0x00,0x51,0x01,0x02,
   0x00,0x07,0x01,0x26,0x00,0x51,0x01,0x02,0x00,0x07,0x01,0x26,0x00,0x5A,0x01,0x26,
   0x00,0x5A,0x01,0x26,0x00,0x5B,0x01,0x25,0x00,0x5B,0x01,0x25,0x00,0x5B,0x01,0x25,
   0x00,0x5B,0x01,0x25,0x00,0x5B,0x01,0x25,0x00,0x5A,0x01,0x26,0x00,0x5A,0x01,0x26,
   0x00,0x5A,0x01,0x26,0x00,0x59,0x01,0x27,0x00,0x57,0x01,0x29,0x00,0x55,0x01,0x2B,
   0x00,0x54,0x01,0x2C,0x00,0x53,0x01,0x2D,0x00,0x52,0x01,0x2E,0x00,0x52,0x01,0x04,
   0x00,0x01,0x01,0x29,0x00,0x50,0x01,0x30,0x00,0x50,0x01,0x30,0x00,0x50,0x01,0x30,
   0x00,0x50,0x01,0x30,0x00,0x51,0x01,0x2F,0x00,0x51,0x01,0x2F,0x00,0x51,0x01,0x13,
   0x00,0x01,0x01,0x1B,0x00,0x52,0x01,0x11,0x00,0x03,0x01,0x1A,0x00,0x53,0x01,0x10,
   0x00,0x04,0x01,0x19,0x00,0x55,0x01,0x03,0x00,0x01,0x01,0x0A,0x00,0x05,0x01,0x18,
   0x00,0x57,0x01,0x01,0x00,0x03,0x01,0x08,0x00,0x05,0x01,0x18,0x00,0x57,0x01,0x01,
   0x00,0x03,0x01,0x07,0x00,0x06,0x01,0x18,0x00,0x5B,0x01,0x07,0x00,0x06,0x01,0x08,
   0x00,0x01,0x01,0x0F,0x00,0x5B,0x01,0x07,0x00,0x07,0x01,0x17,0x00,0x5B,0x01,0x06,
   0x00,0x08,0x01,0x08,0x00,0x01,0x01,0x03,0x00,0x03,0x01,0x08,0x00,0x5B,0x01,0x06,
   0x00,0x08,0x01,0x08,0x00,0x01,0x01,0x03,0x00,0x04,0x01,0x07,0x00,0x5C,0x01,0x05,
   0x00,0x08,0x01,0x08,0x00,0x01,0x01,0x04,0x00,0x04,0x01,0x06,0x00,0x5C,0x01,0x05,
   0x00,0x08,0x01,0x07,0x00,0x02,0x01,0x03,0x00,0x07,0x01,0x04,0x00,0x5D,0x01,0x03,
   0x00,0x0A,0x01,0x06,0x00,0x02,0x01,0x02,0x00,0x0A,0x01,0x02,0x00,0x5E,0x01,0x01,
   0x00,0x0C,0x01,0x04,0x00,0x04,0x01,0x01,0x00,0x7F,0x01,0x01,0x00,0xFF,0x00,0xFF,
   0x00,0xFF,0x00,0xFF,0x00,0xFF,0x00,0xFF,0x00,0xFF,0x00,0x93},
  // Frame 128/234 (Size: 486 bytes)
  {0x00,0x67,0x01,0x14,0x00,0x6C,0x01,0x15,0x00,0x6A,0x01,0x16,0x00,0x6A,0x01,0x16,
   0x00,0x6A,0x01,0x17,0x00,0x68,0x01,0x18,0x00,0x66,0x01,0x1C,0x00,0x63,0x01,0x1E,
   0x00,0x61,0x01,0x1F,0x00,0x5B,0x01,0x25,0x00,0x5B,0x01,0x25,0x00,0x59,0x01,0x27,
   0x00,0x58,0x01,0x28,0x00,0x56,0x01,0x2A,0x00,0x55,0x01,0x2B,0x00,0x54,0x01,0x2C,
   0x00,0x53,0x01,0x2D,0x00,0x55,0x01,0x2B,0x00,0x56,0x01,0x2A,0x00,0x56,0x01,0x07,
   0x00,0x06,0x01,0x1D,0x00,0x64,0x01,0x1C,0x00,0x64,0x01,0x1C,0x00,0x65,0x01,0x1B,
   0x00,0x65,0x01,0x1B,0x00,0x65,0x01,0x1B,0x00,0x65,0x01,0x1B,0x00,0x65,0x01,0x1B,
   0x00,0x65,0x01,0x1B,0x00,0x65,0x01,0x1B,0x00,0x5F,0x01,0x21,0x00,0x5E,0x01,0x22,
   0x00,0x5D,0x01,0x23,0x00,0x4C,0x01,0x05,0x00,0x0C,0x01,0x23,0x00,0x4A,0x01,0x08,
   0x00,0x0A,0x01,0x23,0x00,0x49,0x01,0x0B,0x00,0x07,0x01,0x25,0x00,0x48,0x01,0x0D,
   0x00,0x05,0x01,0x26,0x00,0x47,0x01,0x0F,0x00,0x03,0x01,0x27,0x00,0x46,0x01,0x07,
   0x00,0x02,0x01,0x31,0x00,0x46,0x01,0x3A,0x00,0x46,0x01,0x05,0x00,0x01,0x01,0x03,
   0x00,0x02,0x01,0x2F,0x00,0x47,0x01,0x04,0x00,0x02,0x01,0x01,0x00,0x03,0x01,0x2F,
   0x00,0x47,0x01,0x01,0x00,0x01,0x01,0x02,0x00,0x01,0x01,0x04,0x00,0x02,0x01,0x2E,
   0x00,0x4C,0x01,0x04,0x00,0x02,0x01,0x09,0x00,0x04,0x01,0x01,0x00,0x07,0x01,0x19,
   0x00,0x4C,0x01,0x04,0x00,0x03,0x01,0x06,0x00,0x0E,0x01,0x19,0x00,0x4C,0x01,0x04,
   0x00,0x18,0x01,0x17,0x00,0x4D,0x01,0x03,0x00,0x19,0x01,0x18,0x00,0x4C,0x01,0x04,
   0x00,0x18,0x01,0x18,0x00,0x4C,0x01,0x04,0x00,0x19,0x01,0x18,0x00,0x4B,0x01,0x04,
   0x00,0x19,0x01,0x18,0x00,0x68,0x01,0x18,0x00,0x69,0x01,0x17,0x00,0x69,0x01,0x17,
   0x00,0x69,0x01,0x17,0x00,0x69,0x01,0x17,0x00,0x6A,0x01,0x16,0x00,0x6A,0x01,0x16,
   0x00,0x6A,0x01,0x16,0x00,0x6B,0x01,0x15,0x00,0x6B,0x01,0x15,0x00,0x6B,0x01,0x15,
   0x00,0x6A,0x01,0x16,0x00,0x6A,0x01,0x16,0x00,0x69,0x01,0x17,0x00,0x69,0x01,0x17,
   0x00,0x69,0x01,0x17,0x00,0x69,0x01,0x17,0x00,0x69,0x01,0x17,0x00,0x68,0x01,0x18,
   0x00,0x68,0x01,0x18,0x00,0x67,0x01,0x19,0x00,0x65,0x01,0x1B,0x00,0x64,0x01,0x1C,
   0x00,0x62,0x01,0x1E,0x00,0x61,0x01,0x1F,0x00,0x59,0x01,0x05,0x00,0x02,0x01,0x20,
   0x00,0x59,0x01,0x27,0x00,0x59,0x01,0x27,0x00,0x59,0x01,0x27,0x00,0x59,0x01,0x27,
   0x00,0x5A,0x01,0x26,0x00,0x5B,0x01,0x25,0x00,0x5B,0x01,0x25,0x00,0x5B,0x01,0x25,
   0x00,0x5B,0x01,0x25,0x00,0x5C,0x01,0x24,0x00,0x5C,0x01,0x24,0x00,0x5E,0x01,0x22,
   0x00,0x5D,0x01,0x23,0x00,0x5D,0x01,0x23,0x00,0x5D,0x01,0x23,0x00,0x5D,0x01,0x23,
   0x00,0x5C,0x01,0x24,0x00,0x5D,0x01,0x23,0x00,0x5D,0x01,0x23,0x00,0x5D,0x01,0x23,
   0x00,0x5D,0x01,0x22,0x00,0x01},
  // Frame 129/234 (Size: 464 bytes)
  {0x00,0x5C,0x01,0x24,0x00,0x5D,0x01,0x23,0x00,0x5D,0x01,0x23,0x00,0x5F,0x01,0x21,
   0x00,0x60,0x01,0x20,0x00,0x60,0x01,0x20,0x00,0x62,0x01,0x1E,0x00,0x62,0x01,0x1E,
   0x00,0x62,0x01,0x10,0x00,0x02,0x01,0x04,0x00,0x01,0x01,0x01,0x00,0x02,0x01,0x04,
   0x00,0x66,0x01,0x02,0x00,0x02,0x01,0x06,0x00,0x0D,0x01,0x03,0x00,0x7E,0x01,0x02,
   0x00,0xFF,0x00,0xFF,0x00,0xFF,0x00,0xFF,0x00,0xFF,0x00,0xFF,0x00,0xFF,0x00,0xFA,
   0x01,0x0D,0x00,0x70,0x01,0x10,0x00,0x6F,0x01,0x11,0x00,0x6E,0x01,0x12,0x00,0x6E,
   0x01,0x12,0x00,0x6E,0x01,0x12,0x00,0x40,0x01,0x02,0x00,0x2C,0x01,0x12,0x00,0x3C,
   0x01,0x09,0x00,0x27,0x01,0x14,0x00,0x3A,0x01,0x0D,0x00,0x23,0x01,0x16,0x00,0x38,
   0x01,0x11,0x00,0x1E,0x01,0x19,0x00,0x36,0x01,0x15,0x00,0x1C,0x01,0x19,0x00,0x34,
   0x01,0x1A,0x00,0x19,0x01,0x19,0x00,0x32,0x01,0x1E,0x00,0x15,0x01,0x1B,0x00,0x31,
   0x01,0x21,0x00,0x10,0x01,0x1E,0x00,0x30,0x01,0x24,0x00,0x0C,0x01,0x20,0x00,0x2F,
   0x01,0x0A,0x00,0x02,0x01,0x07,0x00,0x01,0x01,0x13,0x00,0x08,0x01,0x22,0x00,0x2E,
   0x01,0x0B,0x00,0x03,0x01,0x05,0x00,0x03,0x01,0x13,0x00,0x05,0x01,0x24,0x00,0x2E,
   0x01,0x0A,0x00,0x04,0x01,0x04,0x00,0x05,0x01,0x14,0x00,0x01,0x01,0x26,0x00,0x2E,
   0x01,0x0A,0x00,0x04,0x01,0x03,0x00,0x07,0x01,0x3A,0x00,0x2D,0x01,0x0B,0x00,0x03,
   0x01,0x04,0x00,0x08,0x01,0x39,0x00,0x2D,0x01,0x07,0x00,0x01,0x01,0x09,0x00,0x0A,
   0x01,0x38,0x00,0x2D,0x01,0x07,0x00,0x03,0x01,0x06,0x00,0x0C,0x01,0x37,0x00,0x2D,
   0x01,0x07,0x00,0x04,0x01,0x03,0x00,0x0F,0x01,0x36,0x00,0x2E,0x01,0x02,0x00,0x01,
   0x01,0x03,0x00,0x05,0x01,0x01,0x00,0x11,0x01,0x35,0x00,0x2E,0x01,0x02,0x00,0x01,
   0x01,0x03,0x00,0x02,0x01,0x08,0x00,0x0F,0x01,0x33,0x00,0x2F,0x01,0x01,0x00,0x02,
   0x01,0x03,0x00,0x02,0x01,0x07,0x00,0x10,0x01,0x1C,0x00,0x02,0x01,0x14,0x00,0x33,
   0x01,0x02,0x00,0x02,0x01,0x07,0x00,0x11,0x01,0x18,0x00,0x05,0x01,0x14,0x00,0x34,
   0x01,0x01,0x00,0x02,0x01,0x07,0x00,0x12,0x01,0x14,0x00,0x09,0x01,0x04,0x00,0x05,
   0x01,0x09,0x00,0x37,0x01,0x08,0x00,0x13,0x01,0x0F,0x00,0x17,0x01,0x07,0x00,0x39,
   0x01,0x07,0x00,0x16,0x01,0x07,0x00,0x5B,0x01,0x08,0x00,0x78,0x01,0x07,0x00,0x7A,
   0x01,0x06,0x00,0x7A,0x01,0x06,0x00,0x7A,0x01,0x06,0x00,0x7A,0x01,0x06,0x00,0x7A,
   0x01,0x07,0x00,0x79,0x01,0x07,0x00,0x79,0x01,0x08,0x00,0x77,0x01,0x09,0x00,0x7B,
   0x01,0x02,0x00,0xFF,0x00,0xFF,0x00,0xFF,0x00,0xFF,0x00,0xFF,0x00,0xFF,0x00,0xFF,
   0x00,0xFF,0x00,0xFF,0x00,0xFF,0x00,0xFF,0x00,0xFF,0x00,0xFF,0x00,0xFF,0x00,0xD2},
  // Frame 130/234 (Size: 454 bytes)
  {0x00,0x64,0x01,0x1C,0x00,0x64,0x01,0x1C,0x00,0x66,0x01,0x1A,0x00,0x66,0x01,0x1A,
   0x00,0x66,0x01,0x12,0x00,0x02,0x01,0x04,0x00,0x6A,0x01,0x0E,0x00,0x75,0x01,0x01,
   0x00,0xFF,0x00,0xFF,0x00,0xFF,0x00,0xFF,0x00,0xFF,0x00,0xFF,0x00,0xFF,0x00,0xFF,
   0x00,0xFF,0x00,0x16,0x01,0x07,0x00,0x77,0x01,0x09,0x00,0x76,0x01,0x0A,0x00,0x75,
   0x01,0x0B,0x00,0x75,0x01,0x0B,0x00,0x74,0x01,0x0C,0x00,0x74,0x01,0x0C,0x00,0x73,
   0x01,0x0D,0x00,0x3F,0x01,0x06,0x00,0x2C,0x01,0x0F,0x00,0x3C,0x01,0x0C,0x00,0x27,
   0x01,0x11,0x00,0x3A,0x01,0x10,0x00,0x23,0x01,0x13,0x00,0x39,0x01,0x13,0x00,0x22,
   0x01,0x12,0x00,0x37,0x01,0x18,0x00,0x1D,0x01,0x14,0x00,0x35,0x01,0x1D,0x00,0x18,
   0x01,0x16,0x00,0x33,0x01,0x21,0x00,0x13,0x01,0x19,0x00,0x32,0x01,0x25,0x00,0x0E,
   0x01,0x1B,0x00,0x31,0x01,0x28,0x00,0x0A,0x01,0x1D,0x00,0x30,0x01,0x2A,0x00,0x07,
   0x01,0x1F,0x00,0x2F,0x01,0x0B,0x00,0x01,0x01,0x08,0x00,0x02,0x01,0x17,0x00,0x03,
   0x01,0x21,0x00,0x2F,0x01,0x0A,0x00,0x04,0x01,0x05,0x00,0x04,0x01,0x3A,0x00,0x2E,
   0x01,0x0B,0x00,0x04,0x01,0x04,0x00,0x07,0x01,0x38,0x00,0x2E,0x01,0x0B,0x00,0x04,
   0x01,0x03,0x00,0x09,0x01,0x37,0x00,0x2D,0x01,0x0B,0x00,0x05,0x01,0x03,0x00,0x0A,
   0x01,0x36,0x00,0x2D,0x01,0x0C,0x00,0x02,0x01,0x04,0x00,0x0C,0x01,0x35,0x00,0x2D,
   0x01,0x07,0x00,0x02,0x01,0x09,0x00,0x0D,0x01,0x34,0x00,0x2D,0x01,0x07,0x00,0x03,
   0x01,0x07,0x00,0x10,0x01,0x32,0x00,0x2D,0x01,0x07,0x00,0x05,0x01,0x02,0x00,0x14,
   0x01,0x31,0x00,0x2E,0x01,0x03,0x00,0x01,0x01,0x02,0x00,0x02,0x01,0x08,0x00,0x12,
   0x01,0x21,0x00,0x01,0x01,0x0E,0x00,0x2E,0x01,0x03,0x00,0x01,0x01,0x03,0x00,0x01,
   0x01,0x09,0x00,0x12,0x01,0x1D,0x00,0x05,0x01,0x0D,0x00,0x2F,0x01,0x02,0x00,0x01,
   0x01,0x03,0x00,0x01,0x01,0x08,0x00,0x14,0x01,0x19,0x00,0x08,0x01,0x07,0x00,0x03,
   0x01,0x03,0x00,0x2F,0x01,0x02,0x00,0x02,0x01,0x0B,0x00,0x16,0x01,0x13,0x00,0x0D,
   0x01,0x01,0x00,0x09,0x01,0x02,0x00,0x34,0x01,0x0A,0x00,0x17,0x01,0x0E,0x00,0x53,
   0x01,0x08,0x00,0x1B,0x01,0x04,0x00,0x59,0x01,0x08,0x00,0x78,0x01,0x07,0x00,0x79,
   0x01,0x07,0x00,0x79,0x01,0x07,0x00,0x79,0x01,0x07,0x00,0x7A,0x01,0x06,0x00,0x7A,
   0x01,0x06,0x00,0x79,0x01,0x07,0x00,0x79,0x01,0x07,0x00,0x79,0x01,0x08,0x00,0x77,
   0x01,0x09,0x00,0x77,0x01,0x0A,0x00,0x7A,0x01,0x03,0x00,0xFF,0x00,0xFF,0x00,0xFF,
   0x00,0xFF,0x00,0xFF,0x00,0xFF,0x00,0xFF,0x00,0xFF,0x00,0xFF,0x00,0xFF,0x00,0xFF,
   0x00,0xFF,0x00,0xFF,0x00,0x51},
  // Frame 131/234 (Size: 462 bytes)
  {0x00,0x6F,0x01,0x11,0x00,0x70,0x01,0x10,0x00,0x72,0x01,0x02,0x00,0x03,0x01,0x07,
   0x00,0xFF,0x00,0xFF,0x00,0xFF,0x00,0xFF,0x00,0xFF,0x00,0xFF,0x00,0xFF,0x00,0xFF,
   0x00,0xFF,0x00,0xFF,0x00,0xFF,0x00,0x0C,0x01,0x01,0x00,0x7E,0x01,0x02,0x00,0x7D,
   0x01,0x03,0x00,0x7D,0x01,0x03,0x00,0x7D,0x01,0x03,0x00,0x7D,0x01,0x03,0x00,0x7C,
   0x01,0x04,0x00,0x7B,0x01,0x05,0x00,0x44,0x01,0x09,0x00,0x2B,0x01,0x08,0x00,0x42,
   0x01,0x0D,0x00,0x27,0x01,0x0A,0x00,0x41,0x01,0x10,0x00,0x24,0x01,0x0B,0x00,0x3F,
   0x01,0x14,0x00,0x22,0x01,0x0B,0x00,0x3D,0x01,0x18,0x00,0x20,0x01,0x0B,0x00,0x3C,
   0x01,0x1B,0x00,0x1C,0x01,0x0D,0x00,0x3A,0x01,0x1F,0x00,0x17,0x01,0x10,0x00,0x39,
   0x01,0x22,0x00,0x13,0x01,0x12,0x00,0x38,0x01,0x25,0x00,0x0F,0x01,0x14,0x00,0x37,
   0x01,0x28,0x00,0x0B,0x01,0x16,0x00,0x36,0x01,0x2B,0x00,0x07,0x01,0x18,0x00,0x35,
   0x01,0x0B,0x00,0x01,0x01,0x08,0x00,0x02,0x01,0x17,0x00,0x05,0x01,0x19,0x00,0x35,
   0x01,0x0A,0x00,0x04,0x01,0x05,0x00,0x04,0x01,0x17,0x00,0x02,0x01,0x1B,0x00,0x34,
   0x01,0x0B,0x00,0x05,0x01,0x04,0x00,0x05,0x01,0x33,0x00,0x33,0x01,0x0C,0x00,0x05,
   0x01,0x03,0x00,0x07,0x01,0x32,0x00,0x33,0x01,0x0C,0x00,0x05,0x01,0x03,0x00,0x08,
   0x01,0x31,0x00,0x33,0x01,0x0C,0x00,0x04,0x01,0x03,0x00,0x0A,0x01,0x30,0x00,0x32,
   0x01,0x09,0x00,0x01,0x01,0x0A,0x00,0x0B,0x01,0x2F,0x00,0x32,0x01,0x08,0x00,0x02,
   0x01,0x09,0x00,0x0D,0x01,0x2E,0x00,0x32,0x01,0x08,0x00,0x04,0x01,0x07,0x00,0x0E,
   0x01,0x2D,0x00,0x32,0x01,0x09,0x00,0x04,0x01,0x03,0x00,0x12,0x01,0x2C,0x00,0x33,
   0x01,0x04,0x00,0x01,0x01,0x03,0x00,0x01,0x01,0x09,0x00,0x10,0x01,0x2B,0x00,0x34,
   0x01,0x03,0x00,0x01,0x01,0x03,0x00,0x01,0x01,0x09,0x00,0x11,0x01,0x22,0x00,0x04,
   0x01,0x04,0x00,0x35,0x01,0x02,0x00,0x01,0x01,0x03,0x00,0x01,0x01,0x09,0x00,0x12,
   0x01,0x1E,0x00,0x08,0x01,0x03,0x00,0x35,0x01,0x02,0x00,0x02,0x01,0x0C,0x00,0x13,
   0x01,0x1A,0x00,0x0C,0x01,0x02,0x00,0x36,0x01,0x01,0x00,0x03,0x01,0x0B,0x00,0x15,
   0x01,0x15,0x00,0x4C,0x01,0x09,0x00,0x17,0x01,0x10,0x00,0x51,0x01,0x08,0x00,0x1A,
   0x01,0x08,0x00,0x56,0x01,0x08,0x00,0x78,0x01,0x08,0x00,0x78,0x01,0x08,0x00,0x78,
   0x01,0x07,0x00,0x7A,0x01,0x06,0x00,0x7A,0x01,0x06,0x00,0x7A,0x01,0x07,0x00,0x79,
   0x01,0x07,0x00,0x78,0x01,0x08,0x00,0x78,0x01,0x09,0x00,0x76,0x01,0x0A,0x00,0x76,
   0x01,0x0B,0x00,0x76,0x01,0x08,0x00,0xFF,0x00,0xFF,0x00,0xFF,0x00,0xFF,0x00,0xFF,
   0x00,0xFF,0x00,0xFF,0x00,0xFF,0x00,0xFF,0x00,0xFF,0x00,0xFF,0x00,0xC7},
  // Frame 132/234 (Size: 444 bytes)
  {0x00,0xFF,0x00,0xFF,0x00,0xFF,0x00,0xFF,0x00,0xFF,0x00,0xFF,0x00,0xFF,0x00,0xFF,
   0x00,0xFF,0x00,0xFF,0x00,0xFF,0x00,0xFF,0x00,0xFF,0x00,0xFF,0x00,0xFF,0x00,0x53,
   0x01,0x0A,0x00,0x31,0x01,0x01,0x00,0x42,0x01,0x0E,0x00,0x2F,0x01,0x01,0x00,0x40,
   0x01,0x13,0x00,0x6B,0x01,0x17,0x00,0x29,0x01,0x02,0x00,0x3D,0x01,0x1B,0x00,0x23,
   0x01,0x05,0x00,0x3B,0x01,0x20,0x00,0x1D,0x01,0x08,0x00,0x39,0x01,0x26,0x00,0x17,
   0x01,0x0A,0x00,0x37,0x01,0x2B,0x00,0x12,0x01,0x0C,0x00,0x36,0x01,0x2E,0x00,0x0D,
   0x01,0x0F,0x00,0x35,0x01,0x31,0x00,0x09,0x01,0x11,0x00,0x34,0x01,0x34,0x00,0x05,
   0x01,0x13,0x00,0x33,0x01,0x17,0x00,0x02,0x01,0x1D,0x00,0x02,0x01,0x15,0x00,0x33,
   0x01,0x0D,0x00,0x01,0x01,0x09,0x00,0x03,0x01,0x33,0x00,0x32,0x01,0x0D,0x00,0x04,
   0x01,0x06,0x00,0x06,0x01,0x31,0x00,0x31,0x01,0x0E,0x00,0x05,0x01,0x04,0x00,0x08,
   0x01,0x30,0x00,0x31,0x01,0x0E,0x00,0x05,0x01,0x04,0x00,0x09,0x01,0x2F,0x00,0x30,
   0x01,0x0F,0x00,0x05,0x01,0x03,0x00,0x0B,0x01,0x2E,0x00,0x30,0x01,0x0E,0x00,0x05,
   0x01,0x04,0x00,0x0D,0x01,0x2C,0x00,0x30,0x01,0x0A,0x00,0x01,0x01,0x04,0x00,0x02,
   0x01,0x05,0x00,0x0F,0x01,0x2B,0x00,0x2F,0x01,0x0A,0x00,0x03,0x01,0x0A,0x00,0x10,
   0x01,0x2A,0x00,0x2F,0x01,0x0A,0x00,0x04,0x01,0x08,0x00,0x12,0x01,0x29,0x00,0x2F,
   0x01,0x0A,0x00,0x06,0x01,0x05,0x00,0x14,0x01,0x28,0x00,0x30,0x01,0x01,0x00,0x01,
   0x01,0x07,0x00,0x07,0x01,0x02,0x00,0x01,0x01,0x04,0x00,0x12,0x01,0x27,0x00,0x32,
   0x01,0x03,0x00,0x01,0x01,0x03,0x00,0x05,0x01,0x09,0x00,0x14,0x01,0x25,0x00,0x32,
   0x01,0x03,0x00,0x01,0x01,0x04,0x00,0x03,0x01,0x0A,0x00,0x15,0x01,0x21,0x00,0x36,
   0x01,0x02,0x00,0x02,0x01,0x03,0x00,0x03,0x01,0x0A,0x00,0x16,0x01,0x1D,0x00,0x39,
   0x01,0x02,0x00,0x02,0x01,0x04,0x00,0x03,0x01,0x09,0x00,0x18,0x01,0x17,0x00,0x43,
   0x01,0x02,0x00,0x03,0x01,0x09,0x00,0x19,0x01,0x12,0x00,0x48,0x01,0x01,0x00,0x03,
   0x01,0x09,0x00,0x1D,0x01,0x08,0x00,0x52,0x01,0x0A,0x00,0x76,0x01,0x09,0x00,0x77,
   0x01,0x09,0x00,0x77,0x01,0x09,0x00,0x78,0x01,0x08,0x00,0x78,0x01,0x08,0x00,0x79,
   0x01,0x08,0x00,0x78,0x01,0x08,0x00,0x78,0x01,0x08,0x00,0x79,0x01,0x08,0x00,0x78,
   0x01,0x08,0x00,0x77,0x01,0x0A,0x00,0x76,0x01,0x0B,0x00,0x75,0x01,0x0A,0x00,0x75,
   0x01,0x09,0x00,0x79,0x01,0x01,0x00,0xFF,0x00,0xFF,0x00,0xFF,0x00,0xFF,0x00,0xFF,
   0x00,0xFF,0x00,0xFF,0x00,0xFF,0x00,0xFF,0x00,0xFF,0x00,0xC8},
  // Frame 133/234 (Size: 408 bytes)
  {0x00,0xFF,0x00,0xFF,0x00,0xFF,0x00,0xFF,0x00,0xFF,0x00,0xFF,0x00,0xFF,0x00,0xFF,
   0x00,0xFF,0x00,0xFF,0x00,0xFF,0x00,0xFF,0x00,0xFF,0x00,0x50,0x01,0x08,0x00,0x6A,
   0x01,0x1A,0x00,0x63,0x01,0x20,0x00,0x5D,0x01,0x26,0x00,0x58,0x01,0x2C,0x00,0x53,
   0x01,0x32,0x00,0x4D,0x01,0x39,0x00,0x46,0x01,0x3E,0x00,0x16,0x01,0x02,0x00,0x2A,
   0x01,0x42,0x00,0x0F,0x01,0x05,0x00,0x2A,0x01,0x0F,0x00,0x04,0x01,0x31,0x00,0x0B,
   0x01,0x07,0x00,0x2A,0x01,0x06,0x00,0x01,0x01,0x08,0x00,0x08,0x01,0x2F,0x00,0x07,
   0x01,0x09,0x00,0x2B,0x01,0x04,0x00,0x02,0x01,0x07,0x00,0x0A,0x01,0x30,0x00,0x02,
   0x01,0x0C,0x00,0x2B,0x01,0x03,0x00,0x02,0x01,0x08,0x00,0x0B,0x01,0x05,0x00,0x05,
   0x01,0x33,0x00,0x2B,0x01,0x02,0x00,0x03,0x01,0x08,0x00,0x0B,0x01,0x04,0x00,0x07,
   0x01,0x32,0x00,0x2B,0x01,0x01,0x00,0x04,0x01,0x03,0x00,0x01,0x01,0x03,0x00,0x0C,
   0x01,0x03,0x00,0x0A,0x01,0x30,0x00,0x30,0x01,0x03,0x00,0x01,0x01,0x04,0x00,0x0A,
   0x01,0x03,0x00,0x0D,0x01,0x2E,0x00,0x30,0x01,0x03,0x00,0x02,0x01,0x03,0x00,0x0A,
   0x01,0x03,0x00,0x0E,0x01,0x2D,0x00,0x30,0x01,0x03,0x00,0x02,0x01,0x03,0x00,0x0B,
   0x01,0x02,0x00,0x10,0x01,0x2B,0x00,0x30,0x01,0x03,0x00,0x03,0x01,0x01,0x00,0x1F,
   0x01,0x2A,0x00,0x31,0x01,0x01,0x00,0x26,0x01,0x28,0x00,0x59,0x01,0x27,0x00,0x5B,
   0x01,0x25,0x00,0x5C,0x01,0x24,0x00,0x5E,0x01,0x22,0x00,0x5F,0x01,0x21,0x00,0x61,
   0x01,0x1F,0x00,0x62,0x01,0x1E,0x00,0x64,0x01,0x1C,0x00,0x66,0x01,0x1A,0x00,0x68,
   0x01,0x16,0x00,0x6D,0x01,0x0D,0x00,0xFF,0x00,0xFF,0x00,0xC3,0x01,0x01,0x00,0x7F,
   0x01,0x01,0x00,0x7F,0x01,0x01,0x00,0x7F,0x01,0x01,0x00,0x7F,0x01,0x01,0x00,0x02,
   0x01,0x04,0x00,0x78,0x01,0x08,0x00,0x76,0x01,0x0A,0x00,0x76,0x01,0x0A,0x00,0x76,
   0x01,0x0A,0x00,0x76,0x01,0x0B,0x00,0x75,0x01,0x0B,0x00,0x75,0x01,0x0B,0x00,0x76,
   0x01,0x0A,0x00,0x76,0x01,0x0A,0x00,0x76,0x01,0x0A,0x00,0x77,0x01,0x09,0x00,0x77,
   0x01,0x09,0x00,0x77,0x01,0x0A,0x00,0x77,0x01,0x09,0x00,0x78,0x01,0x09,0x00,0x77,
   0x01,0x09,0x00,0x78,0x01,0x09,0x00,0x77,0x01,0x0A,0x00,0x76,0x01,0x0B,0x00,0x75,
   0x01,0x0C,0x00,0x74,0x01,0x0B,0x00,0x75,0x01,0x0A,0x00,0x76,0x01,0x08,0x00,0x78,
   0x01,0x06,0x00,0xFF,0x00,0xFF,0x00,0xC1},
  // Frame 134/234 (Size: 302 bytes)
  {0x00,0x2C,0x01,0x01,0x00,0x03,0x01,0x09,0x00,0x0A,0x01,0x06,0x00,0x17,0x01,0x20,
   0x00,0x2B,0x01,0x02,0x00,0x03,0x01,0x09,0x00,0x0A,0x01,0x06,0x00,0x15,0x01,0x22,
   0x00,0x30,0x01,0x04,0x00,0x01,0x01,0x03,0x00,0x0B,0x01,0x05,0x00,0x19,0x01,0x1F,
   0x00,0x30,0x01,0x03,0x00,0x02,0x01,0x03,0x00,0x0B,0x01,0x04,0x00,0x1C,0x01,0x1A,
   0x00,0x33,0x01,0x03,0x00,0x02,0x01,0x03,0x00,0x0B,0x01,0x03,0x00,0x20,0x01,0x13,
   0x00,0x37,0x01,0x03,0x00,0x02,0x01,0x03,0x00,0x0B,0x01,0x03,0x00,0x24,0x01,0x09,
   0x00,0x3D,0x01,0x03,0x00,0x02,0x01,0x03,0x00,0x0B,0x01,0x03,0x00,0x6A,0x01,0x02,
   0x00,0x03,0x01,0x02,0x00,0x0C,0x01,0x02,0x00,0x6C,0x01,0x01,0x00,0x04,0x01,0x01,
   0x00,0x0C,0x01,0x02,0x00,0xFF,0x00,0xFF,0x00,0xFF,0x00,0xFF,0x00,0xFF,0x00,0xFF,
   0x00,0xFF,0x00,0xFF,0x00,0xFF,0x00,0xFF,0x00,0xFF,0x00,0xFF,0x00,0xFF,0x00,0xFF,
   0x00,0xFF,0x00,0xFF,0x00,0xFF,0x00,0xFF,0x00,0xFF,0x00,0xFF,0x00,0xFF,0x00,0xFF,
   0x00,0xFF,0x00,0xFF,0x00,0x7F,0x01,0x01,0x00,0x7F,0x01,0x02,0x00,0x01,0x01,0x05,
   0x00,0x79,0x01,0x07,0x00,0x78,0x01,0x08,0x00,0x77,0x01,0x0A,0x00,0x75,0x01,0x0B,
   0x00,0x75,0x01,0x0C,0x00,0x75,0x01,0x0B,0x00,0x75,0x01,0x0C,0x00,0x75,0x01,0x0B,
   0x00,0x75,0x01,0x0B,0x00,0x76,0x01,0x0B,0x00,0x75,0x01,0x0B,0x00,0x76,0x01,0x0B,
   0x00,0x75,0x01,0x0C,0x00,0x75,0x01,0x0C,0x00,0x75,0x01,0x0D,0x00,0x75,0x01,0x0D,
   0x00,0x73,0x01,0x0D,0x00,0x74,0x01,0x0C,0x00,0x75,0x01,0x0A,0x00,0x76,0x01,0x09,
   0x00,0x78,0x01,0x06,0x00,0x7A,0x01,0x05,0x00,0x7B,0x01,0x04,0x00,0x7C,0x01,0x02,
   0x00,0xFF,0x00,0xFF,0x00,0xFF,0x00,0xFF,0x00,0xFF,0x00,0xFF,0x00,0xCF},
  // Frame 135/234 (Size: 154 bytes)
  {0x00,0xFF,0x00,0xFF,0x00,0xFF,0x00,0xFF,0x00,0xFF,0x00,0xFF,0x00,0xFF,0x00,0xFF,
   0x00,0xFF,0x00,0xFF,0x00,0xFF,0x00,0xFF,0x00,0xFF,0x00,0xFF,0x00,0xFF,0x00,0xFF,
   0x00,0xFF,0x00,0xFF,0x00,0xFF,0x00,0xFF,0x00,0xC8,0x01,0x06,0x00,0x79,0x01,0x08,
   0x00,0x77,0x01,0x09,0x00,0x77,0x01,0x0A,0x00,0x76,0x01,0x0A,0x00,0x76,0x01,0x0A,
   0x00,0x75,0x01,0x0C,0x00,0x72,0x01,0x0E,0x00,0x6F,0x01,0x12,0x00,0x6A,0x01,0x16,
   0x00,0x69,0x01,0x17,0x00,0x69,0x01,0x17,0x00,0x69,0x01,0x10,0x00,0x05,0x01,0x01,
   0x00,0x6A,0x01,0x0D,0x00,0x73,0x01,0x0B,0x00,0x75,0x01,0x0A,0x00,0x77,0x01,0x08,
   0x00,0x7A,0x01,0x05,0x00,0xFF,0x00,0xFF,0x00,0xFF,0x00,0xFF,0x00,0xFF,0x00,0xFF,
   0x00,0xFF,0x00,0xFF,0x00,0xFF,0x00,0xFF,0x00,0xFF,0x00,0xFF,0x00,0xFF,0x00,0xFF,
   0x00,0xFF,0x00,0xFF,0x00,0xFF,0x00,0xFF,0x00,0xE3},
  // Frame 136/234 (Size: 182 bytes)
  {0x00,0xFF,0x00,0xFF,0x00,0xFF,0x00,0xFF,0x00,0xFF,0x00,0xFF,0x00,0xFF,0x00,0xFF,
   0x00,0xFF,0x00,0xFF,0x00,0xFF,0x00,0xFF,0x00,0xFF,0x00,0x3F,0x01,0x02,0x00,0x7C,
   0x01,0x07,0x00,0x77,0x01,0x09,0x00,0x76,0x01,0x0A,0x00,0x74,0x01,0x0C,0x00,0x73,
   0x01,0x0D,0x00,0x73,0x01,0x0D,0x00,0x75,0x01,0x0B,0x00,0x76,0x01,0x0A,0x00,0x77,
   0x01,0x09,0x00,0x78,0x01,0x08,0x00,0x79,0x01,0x08,0x00,0x78,0x01,0x08,0x00,0x79,
   0x01,0x08,0x00,0x78,0x01,0x08,0x00,0x78,0x01,0x09,0x00,0x77,0x01,0x0A,0x00,0x77,
   0x01,0x09,0x00,0x77,0x01,0x0A,0x00,0x75,0x01,0x0C,0x00,0x74,0x01,0x0C,0x00,0x74,
   0x01,0x0B,0x00,0x76,0x01,0x09,0x00,0x77,0x01,0x07,0x00,0x79,0x01,0x05,0x00,0x01,
   0x01,0x02,0x00,0x7F,0x01,0x01,0x00,0x7F,0x01,0x02,0x00,0xFF,0x00,0xFF,0x00,0xFF,
   0x00,0xFF,0x00,0xFF,0x00,0xFF,0x00,0xFF,0x00,0xFF,0x00,0xFF,0x00,0xFF,0x00,0xFF,
   0x00,0xFF,0x00,0xFF,0x00,0xFF,0x00,0xFF,0x00,0xFF,0x00,0xFF,0x00,0xFF,0x00,0xFF,
   0x00,0xFF,0x00,0xFF,0x00,0xDA},
  // Frame 137/234 (Size: 204 bytes)
  {0x00,0xFF,0x00,0xFF,0x00,0xFF,0x00,0xFF,0x00,0xFF,0x00,0xFF,0x00,0xFF,0x00,0xFF,
   0x00,0xFF,0x00,0xC8,0x01,0x02,0x00,0x01,0x01,0x01,0x00,0x7B,0x01,0x06,0x00,0x78,
   0x01,0x0B,0x00,0x73,0x01,0x0D,0x00,0x71,0x01,0x0D,0x00,0x72,0x01,0x0E,0x00,0x71,
   0x01,0x0F,0x00,0x6B,0x01,0x04,0x00,0x01,0x01,0x11,0x00,0x69,0x01,0x17,0x00,0x69,
   0x01,0x16,0x00,0x6A,0x01,0x16,0x00,0x6A,0x01,0x11,0x00,0x6F,0x01,0x0E,0x00,0x71,
   0x01,0x0B,0x00,0x75,0x01,0x0A,0x00,0x77,0x01,0x08,0x00,0x78,0x01,0x08,0x00,0x79,
   0x01,0x06,0x00,0xFF,0x00,0xFF,0x00,0xFF,0x00,0xFF,0x00,0xFF,0x00,0xFF,0x00,0xFF,
   0x00,0xFF,0x00,0xFF,0x00,0xFF,0x00,0xFF,0x00,0xFF,0x00,0xFF,0x00,0xFF,0x00,0xFF,
   0x00,0xFF,0x00,0xFF,0x00,0xFF,0x00,0xFF,0x00,0xFF,0x00,0xFF,0x00,0xFF,0x00,0x60,
   0x01,0x01,0x00,0x7F,0x01,0x02,0x00,0x7E,0x01,0x04,0x00,0x7C,0x01,0x06,0x00,0x7A,
   0x01,0x08,0x00,0x78,0x01,0x09,0x00,0x77,0x01,0x0B,0x00,0x75,0x01,0x0D,0x00,0x73,
   0x01,0x0E,0x00,0x72,0x01,0x10,0x00,0x70,0x01,0x12,0x00,0x6E,0x01,0x14,0x00,0x6C,
   0x01,0x15,0x00,0x6B,0x01,0x17,0x00,0x69,0x01,0x16,0x00,0x6A},
  // Frame 138/234 (Size: 182 bytes)
  {0x01,0xFF,0x01,0xFF,0x01,0x3F,0x00,0x01,0x01,0x7E,0x00,0x07,0x01,0x79,0x00,0x08,
   0x01,0x76,0x00,0x0A,0x01,0x76,0x00,0x0A,0x01,0x75,0x00,0x0B,0x01,0x75,0x00,0x0C,
   0x01,0x75,0x00,0x0B,0x01,0x75,0x00,0x0C,0x01,0x75,0x00,0x0B,0x01,0x75,0x00,0x0B,
   0x01,0x76,0x00,0x0A,0x01,0x76,0x00,0x0A,0x01,0x76,0x00,0x0B,0x01,0x75,0x00,0x0B,
   0x01,0x76,0x00,0x0A,0x01,0x77,0x00,0x0A,0x01,0x77,0x00,0x0A,0x01,0x76,0x00,0x0B,
   0x01,0x76,0x00,0x0C,0x01,0x74,0x00,0x0D,0x01,0x73,0x00,0x0D,0x01,0x73,0x00,0x0C,
   0x01,0x74,0x00,0x0B,0x01,0x76,0x00,0x08,0x01,0x77,0x00,0x07,0x01,0x79,0x00,0x06,
   0x01,0x7C,0x00,0x01,0x01,0xFF,0x01,0xFF,0x01,0xFF,0x01,0xFF,0x01,0xFF,0x01,0xFF,
   0x01,0xFF,0x01,0xFF,0x01,0xFF,0x01,0xFF,0x01,0xFF,0x01,0xFF,0x01,0xFF,0x01,0xFF,
   0x01,0xFF,0x01,0xFF,0x01,0xFF,0x01,0xFF,0x01,0xFF,0x01,0xFF,0x01,0xFF,0x01,0xFF,
   0x01,0xFF,0x01,0xFF,0x01,0xFF,0x01,0xFF,0x01,0xFF,0x01,0xFF,0x01,0xFF,0x01,0xFF,
   0x01,0xFF,0x01,0xFF,0x01,0x5D},
  // Frame 139/234 (Size: 168 bytes)
  {0x01,0x4B,0x00,0x0F,0x01,0x71,0x00,0x10,0x01,0x6F,0x00,0x11,0x01,0x6F,0x00,0x11,
   0x01,0x6E,0x00,0x12,0x01,0x6D,0x00,0x13,0x01,0x6B,0x00,0x11,0x01,0x6D,0x00,0x11,
   0x01,0x6E,0x00,0x0F,0x01,0x6E,0x00,0x11,0x01,0x6F,0x00,0x0F,0x01,0x6F,0x00,0x11,
   0x01,0x6F,0x00,0x10,0x01,0x70,0x00,0x0F,0x01,0x71,0x00,0x0E,0x01,0x73,0x00,0x0C,
   0x01,0x74,0x00,0x0C,0x01,0x75,0x00,0x0A,0x01,0x76,0x00,0x0A,0x01,0x75,0x00,0x03,
   0x01,0x01,0x00,0x06,0x01,0x76,0x00,0x02,0x01,0x04,0x00,0x04,0x01,0xFF,0x01,0xFF,
   0x01,0xFF,0x01,0xFF,0x01,0xFF,0x01,0xFF,0x01,0xFF,0x01,0xFF,0x01,0xFF,0x01,0xFF,
   0x01,0xFF,0x01,0xFF,0x01,0xFF,0x01,0xFF,0x01,0xFF,0x01,0xFF,0x01,0xFF,0x01,0xFF,
   0x01,0xFF,0x01,0xFF,0x01,0xFF,0x01,0xFF,0x01,0xFF,0x01,0xFF,0x01,0xFF,0x01,0xFF,
   0x01,0xFF,0x01,0xFF,0x01,0xFF,0x01,0xFF,0x01,0xFF,0x01,0xFF,0x01,0xFF,0x01,0xFF,
   0x01,0xFF,0x01,0xFF,0x01,0xFF,0x01,0xDC},
  // Frame 140/234 (Size: 156 bytes)
  {0x01,0x46,0x00,0x21,0x01,0x61,0x00,0x02,0x01,0x05,0x00,0x18,0x01,0x6B,0x00,0x14,
   0x01,0x6D,0x00,0x13,0x01,0x6D,0x00,0x12,0x01,0x6F,0x00,0x11,0x01,0x70,0x00,0x10,
   0x01,0x71,0x00,0x0E,0x01,0x01,0x00,0x02,0x01,0x6F,0x00,0x12,0x01,0x6F,0x00,0x10,
   0x01,0x71,0x00,0x0A,0x01,0x02,0x00,0x03,0x01,0x72,0x00,0x08,0x01,0x04,0x00,0x01,
   0x01,0x74,0x00,0x06,0x01,0x7C,0x00,0x02,0x01,0xFF,0x01,0xFF,0x01,0xFF,0x01,0xFF,
   0x01,0xFF,0x01,0xFF,0x01,0xFF,0x01,0xFF,0x01,0xFF,0x01,0xFF,0x01,0xFF,0x01,0xFF,
   0x01,0xFF,0x01,0xFF,0x01,0xFF,0x01,0xFF,0x01,0xFF,0x01,0xFF,0x01,0xFF,0x01,0xFF,
   0x01,0xFF,0x01,0xFF,0x01,0xFF,0x01,0xFF,0x01,0xFF,0x01,0xFF,0x01,0xFF,0x01,0xFF,
   0x01,0xFF,0x01,0xFF,0x01,0xFF,0x01,0xFF,0x01,0xFF,0x01,0xFF,0x01,0xFF,0x01,0xFF,
   0x01,0xFF,0x01,0xFF,0x01,0xFF,0x01,0xFF,0x01,0xFF,0x01,0x4B},
  // Frame 141/234 (Size: 188 bytes)
  {0x01,0x4D,0x00,0x12,0x01,0x6E,0x00,0x12,0x01,0x6F,0x00,0x11,0x01,0x6F,0x00,0x11,
   0x01,0x70,0x00,0x10,0x01,0x70,0x00,0x10,0x01,0x70,0x00,0x11,0x01,0x70,0x00,0x10,
   0x01,0x70,0x00,0x10,0x01,0x71,0x00,0x10,0x01,0x70,0x00,0x10,0x01,0x71,0x00,0x10,
   0x01,0x71,0x00,0x10,0x01,0x71,0x00,0x10,0x01,0x70,0x00,0x11,0x01,0x70,0x00,0x11,
   0x01,0x6F,0x00,0x12,0x01,0x6E,0x00,0x14,0x01,0x6C,0x00,0x16,0x01,0x6A,0x00,0x16,
   0x01,0x6A,0x00,0x15,0x01,0x6B,0x00,0x14,0x01,0x6C,0x00,0x13,0x01,0x6D,0x00,0x11,
   0x01,0x6F,0x00,0x0E,0x01,0x72,0x00,0x0D,0x01,0x73,0x00,0x0C,0x01,0x75,0x00,0x0A,
   0x01,0x77,0x00,0x07,0x01,0x7A,0x00,0x03,0x01,0xFF,0x01,0xFF,0x01,0xFF,0x01,0xFF,
   0x01,0xFF,0x01,0xFF,0x01,0xFF,0x01,0xFF,0x01,0xFF,0x01,0xFF,0x01,0xFF,0x01,0xFF,
   0x01,0xFF,0x01,0xFF,0x01,0xFF,0x01,0xFF,0x01,0xFF,0x01,0xFF,0x01,0xFF,0x01,0xFF,
   0x01,0xFF,0x01,0xFF,0x01,0xFF,0x01,0xFF,0x01,0xFF,0x01,0xFF,0x01,0xFF,0x01,0xFF,
   0x01,0xFF,0x01,0xFF,0x01,0xFF,0x01,0xFF,0x01,0xFF,0x01,0x46},
  // Frame 142/234 (Size: 256 bytes)
  {0x01,0xFF,0x01,0xFF,0x01,0xFF,0x01,0xFF,0x01,0xFF,0x01,0xFF,0x01,0xFF,0x01,0xFF,
   0x01,0xFF,0x01,0xFF,0x01,0xFF,0x01,0xFF,0x01,0xFF,0x01,0xFF,0x01,0xFF,0x01,0xFF,
   0x01,0xFF,0x01,0xFF,0x01,0xFF,0x01,0xDC,0x00,0x1A,0x01,0x64,0x00,0x1D,0x01,0x63,
   0x00,0x1E,0x01,0x62,0x00,0x1E,0x01,0x63,0x00,0x1E,0x01,0x63,0x00,0x1D,0x01,0x64,
   0x00,0x1C,0x01,0x64,0x00,0x1A,0x01,0x67,0x00,0x19,0x01,0x68,0x00,0x17,0x01,0x6A,
   0x00,0x16,0x01,0x6A,0x00,0x15,0x01,0x6C,0x00,0x14,0x01,0x6C,0x00,0x13,0x01,0x6D,
   0x00,0x13,0x01,0x6E,0x00,0x11,0x01,0x6F,0x00,0x11,0x01,0x6F,0x00,0x10,0x01,0x70,
   0x00,0x10,0x01,0x70,0x00,0x10,0x01,0x70,0x00,0x10,0x01,0x70,0x00,0x10,0x01,0x70,
   0x00,0x0F,0x01,0x71,0x00,0x0F,0x01,0x71,0x00,0x0F,0x01,0x71,0x00,0x0F,0x01,0x70,
   0x00,0x10,0x01,0x70,0x00,0x10,0x01,0x70,0x00,0x10,0x01,0x70,0x00,0x10,0x01,0x6F,
   0x00,0x11,0x01,0x6F,0x00,0x11,0x01,0x6F,0x00,0x11,0x01,0x6F,0x00,0x11,0x01,0x6E,
   0x00,0x12,0x01,0x6E,0x00,0x13,0x01,0x6C,0x00,0x14,0x01,0x6C,0x00,0x14,0x01,0x6C,
   0x00,0x14,0x01,0x6C,0x00,0x15,0x01,0x6B,0x00,0x15,0x01,0x6B,0x00,0x16,0x01,0x6A,
   0x00,0x16,0x01,0x6A,0x00,0x16,0x01,0x6A,0x00,0x15,0x01,0x6C,0x00,0x14,0x01,0x6D,
   0x00,0x10,0x01,0x73,0x00,0x0C,0x01,0x77,0x00,0x05,0x01,0x7C,0x00,0x03,0x01,0x7D,
   0x00,0x03,0x01,0x7D,0x00,0x03,0x01,0x7D,0x00,0x02,0x01,0xFF,0x01,0xFF,0x01,0x2C},
  // Frame 143/234 (Size: 226 bytes)
  {0x01,0xFF,0x01,0xFF,0x01,0xFF,0x01,0xFF,0x01,0xFF,0x01,0xFF,0x01,0xFF,0x01,0xFF,
   0x01,0xFF,0x01,0xFF,0x01,0xFF,0x01,0xFF,0x01,0xFF,0x01,0xFF,0x01,0xC0,0x00,0x03,
   0x01,0x7B,0x00,0x06,0x01,0x78,0x00,0x09,0x01,0x76,0x00,0x0C,0x01,0x73,0x00,0x17,
   0x01,0x03,0x00,0x01,0x01,0x0A,0x00,0x04,0x01,0x57,0x00,0x1C,0x01,0x06,0x00,0x08,
   0x01,0x55,0x00,0x2B,0x01,0x55,0x00,0x2B,0x01,0x55,0x00,0x2A,0x01,0x05,0x00,0x01,
   0x01,0x50,0x00,0x30,0x01,0x50,0x00,0x2F,0x01,0x51,0x00,0x30,0x01,0x50,0x00,0x32,
   0x01,0x4E,0x00,0x33,0x01,0x4C,0x00,0x34,0x01,0x4B,0x00,0x35,0x01,0x4B,0x00,0x33,
   0x01,0x4C,0x00,0x0E,0x01,0x09,0x00,0x1D,0x01,0x4C,0x00,0x0D,0x01,0x0C,0x00,0x1A,
   0x01,0x4D,0x00,0x0C,0x01,0x0F,0x00,0x19,0x01,0x4C,0x00,0x0B,0x01,0x13,0x00,0x15,
   0x01,0x4E,0x00,0x08,0x01,0x16,0x00,0x14,0x01,0x4E,0x00,0x06,0x01,0x18,0x00,0x13,
   0x01,0x4F,0x00,0x05,0x01,0x1D,0x00,0x0D,0x01,0x52,0x00,0x03,0x01,0x22,0x00,0x05,
   0x01,0x02,0x00,0x01,0x01,0x7B,0x00,0x01,0x01,0xFF,0x01,0xFF,0x01,0xFF,0x01,0xFF,
   0x01,0xFF,0x01,0xFF,0x01,0xFF,0x01,0xFF,0x01,0xFF,0x01,0xFF,0x01,0xFF,0x01,0xFF,
   0x01,0xFF,0x01,0xFF,0x01,0xFF,0x01,0xFF,0x01,0xFF,0x01,0xFF,0x01,0xFF,0x01,0xFF,
   0x01,0xC1},
  // Frame 144/234 (Size: 262 bytes)
  {0x01,0xFF,0x01,0xFF,0x01,0xFF,0x01,0xFF,0x01,0xFF,0x01,0xFF,0x01,0xFF,0x01,0xFF,
   0x01,0xFF,0x01,0xFF,0x01,0xFF,0x01,0xFF,0x01,0xFF,0x01,0xFF,0x01,0xFF,0x01,0x42,
   0x00,0x06,0x01,0x06,0x00,0x01,0x01,0x73,0x00,0x0E,0x01,0x02,0x00,0x01,0x01,0x72,
   0x00,0x10,0x01,0x70,0x00,0x11,0x01,0x65,0x00,0x1C,0x01,0x62,0x00,0x1E,0x01,0x62,
   0x00,0x01,0x01,0x01,0x00,0x1C,0x01,0x64,0x00,0x1B,0x01,0x63,0x00,0x1E,0x01,0x61,
   0x00,0x1E,0x01,0x62,0x00,0x1D,0x01,0x63,0x00,0x1D,0x01,0x63,0x00,0x1B,0x01,0x64,
   0x00,0x0E,0x01,0x71,0x00,0x0E,0x01,0x71,0x00,0x0E,0x01,0x71,0x00,0x0E,0x01,0x72,
   0x00,0x0D,0x01,0x72,0x00,0x0E,0x01,0x71,0x00,0x0E,0x01,0x72,0x00,0x0D,0x01,0x72,
   0x00,0x0E,0x01,0x71,0x00,0x0E,0x01,0x72,0x00,0x0E,0x01,0x71,0x00,0x0E,0x01,0x72,
   0x00,0x0E,0x01,0x72,0x00,0x0D,0x01,0x72,0x00,0x0E,0x01,0x72,0x00,0x0E,0x01,0x71,
   0x00,0x0F,0x01,0x71,0x00,0x0F,0x01,0x75,0x00,0x0B,0x01,0x75,0x00,0x02,0x01,0x02,
   0x00,0x08,0x01,0x73,0x00,0x04,0x01,0x01,0x00,0x08,0x01,0x71,0x00,0x06,0x01,0x01,
   0x00,0x08,0x01,0x70,0x00,0x06,0x01,0x03,0x00,0x06,0x01,0x70,0x00,0x06,0x01,0x05,
   0x00,0x03,0x01,0x73,0x00,0x03,0x01,0x07,0x00,0x03,0x01,0x7C,0x00,0x04,0x01,0x7B,
   0x00,0x04,0x01,0x7C,0x00,0x04,0x01,0x7B,0x00,0x05,0x01,0x7C,0x00,0x03,0x01,0xFF,
   0x01,0xFF,0x01,0xFF,0x01,0xFF,0x01,0xFF,0x01,0xFF,0x01,0xFF,0x01,0xFF,0x01,0xFF,
   0x01,0xFF,0x01,0xFF,0x01,0xE2},
  // Frame 145/234 (Size: 318 bytes)
  {0x01,0xFF,0x01,0xFF,0x01,0xFF,0x01,0xFF,0x01,0xFF,0x01,0xFF,0x01,0xFF,0x01,0xFF,
   0x01,0xFF,0x01,0xFF,0x01,0xFF,0x01,0xFF,0x01,0xFF,0x01,0x39,0x00,0x01,0x01,0x7D,
   0x00,0x09,0x01,0x77,0x00,0x0A,0x01,0x75,0x00,0x0B,0x01,0x75,0x00,0x0B,0x01,0x75,
   0x00,0x0C,0x01,0x74,0x00,0x0D,0x01,0x72,0x00,0x0E,0x01,0x72,0x00,0x0D,0x01,0x72,
   0x00,0x0E,0x01,0x72,0x00,0x0B,0x01,0x74,0x00,0x0C,0x01,0x73,0x00,0x0E,0x01,0x71,
   0x00,0x0E,0x01,0x71,0x00,0x0F,0x01,0x6A,0x00,0x01,0x01,0x06,0x00,0x0E,0x01,0x69,
   0x00,0x16,0x01,0x69,0x00,0x17,0x01,0x68,0x00,0x17,0x01,0x69,0x00,0x16,0x01,0x6A,
   0x00,0x01,0x01,0x01,0x00,0x14,0x01,0x6C,0x00,0x03,0x01,0x04,0x00,0x0C,0x01,0x74,
   0x00,0x0C,0x01,0x73,0x00,0x0C,0x01,0x74,0x00,0x0C,0x01,0x73,0x00,0x0C,0x01,0x74,
   0x00,0x0B,0x01,0x75,0x00,0x0B,0x01,0x74,0x00,0x0C,0x01,0x74,0x00,0x0C,0x01,0x74,
   0x00,0x0B,0x01,0x74,0x00,0x0C,0x01,0x74,0x00,0x0C,0x01,0x74,0x00,0x0C,0x01,0x73,
   0x00,0x0D,0x01,0x73,0x00,0x0D,0x01,0x73,0x00,0x0D,0x01,0x72,0x00,0x0E,0x01,0x72,
   0x00,0x0D,0x01,0x73,0x00,0x0D,0x01,0x73,0x00,0x0D,0x01,0x72,0x00,0x0E,0x01,0x72,
   0x00,0x0E,0x01,0x72,0x00,0x0E,0x01,0x71,0x00,0x0F,0x01,0x71,0x00,0x0F,0x01,0x71,
   0x00,0x0F,0x01,0x70,0x00,0x10,0x01,0x70,0x00,0x10,0x01,0x70,0x00,0x10,0x01,0x70,
   0x00,0x10,0x01,0x6F,0x00,0x11,0x01,0x6F,0x00,0x07,0x01,0x03,0x00,0x07,0x01,0x6F,
   0x00,0x07,0x01,0x03,0x00,0x07,0x01,0x72,0x00,0x04,0x01,0x03,0x00,0x07,0x01,0x71,
   0x00,0x05,0x01,0x04,0x00,0x05,0x01,0x71,0x00,0x06,0x01,0x04,0x00,0x03,0x01,0x72,
   0x00,0x06,0x01,0x04,0x00,0x04,0x01,0x72,0x00,0x05,0x01,0x05,0x00,0x04,0x01,0x7B,
   0x00,0x04,0x01,0xFF,0x01,0xFF,0x01,0xFF,0x01,0xFF,0x01,0xFF,0x01,0x61},
  // Frame 146/234 (Size: 342 bytes)
  {0x01,0xFF,0x01,0xFF,0x01,0xFF,0x01,0xFF,0x01,0xFF,0x01,0xFF,0x01,0xFF,0x01,0xFF,
   0x01,0xFF,0x01,0xFF,0x01,0xFF,0x01,0xFF,0x01,0xAB,0x00,0x02,0x01,0x79,0x00,0x08,
   0x01,0x77,0x00,0x09,0x01,0x75,0x00,0x0C,0x01,0x75,0x00,0x0C,0x01,0x74,0x00,0x0C,
   0x01,0x74,0x00,0x0C,0x01,0x74,0x00,0x0C,0x01,0x73,0x00,0x0C,0x01,0x74,0x00,0x0C,
   0x01,0x75,0x00,0x0C,0x01,0x75,0x00,0x0B,0x01,0x75,0x00,0x0A,0x01,0x76,0x00,0x0B,
   0x01,0x74,0x00,0x0D,0x01,0x73,0x00,0x0E,0x01,0x71,0x00,0x11,0x01,0x6F,0x00,0x11,
   0x01,0x6F,0x00,0x10,0x01,0x6F,0x00,0x10,0x01,0x71,0x00,0x0F,0x01,0x71,0x00,0x0F,
   0x01,0x70,0x00,0x11,0x01,0x6F,0x00,0x11,0x01,0x6F,0x00,0x11,0x01,0x6E,0x00,0x0E,
   0x01,0x01,0x00,0x02,0x01,0x6F,0x00,0x0E,0x01,0x71,0x00,0x0F,0x01,0x71,0x00,0x10,
   0x01,0x6F,0x00,0x11,0x01,0x6E,0x00,0x11,0x01,0x6F,0x00,0x11,0x01,0x6F,0x00,0x12,
   0x01,0x6E,0x00,0x12,0x01,0x6E,0x00,0x02,0x01,0x03,0x00,0x0D,0x01,0x6F,0x00,0x02,
   0x01,0x02,0x00,0x0D,0x01,0x73,0x00,0x0D,0x01,0x73,0x00,0x0D,0x01,0x73,0x00,0x0D,
   0x01,0x72,0x00,0x0E,0x01,0x72,0x00,0x0E,0x01,0x72,0x00,0x0E,0x01,0x72,0x00,0x0E,
   0x01,0x72,0x00,0x0F,0x01,0x71,0x00,0x0F,0x01,0x70,0x00,0x10,0x01,0x70,0x00,0x10,
   0x01,0x70,0x00,0x10,0x01,0x70,0x00,0x10,0x01,0x70,0x00,0x10,0x01,0x70,0x00,0x10,
   0x01,0x6F,0x00,0x12,0x01,0x6E,0x00,0x12,0x01,0x6E,0x00,0x12,0x01,0x6E,0x00,0x12,
   0x01,0x6E,0x00,0x12,0x01,0x6E,0x00,0x12,0x01,0x6E,0x00,0x13,0x01,0x6C,0x00,0x14,
   0x01,0x6C,0x00,0x07,0x01,0x06,0x00,0x07,0x01,0x6C,0x00,0x07,0x01,0x06,0x00,0x07,
   0x01,0x6C,0x00,0x07,0x01,0x06,0x00,0x07,0x01,0x6D,0x00,0x06,0x01,0x07,0x00,0x04,
   0x01,0x72,0x00,0x03,0x01,0x07,0x00,0x03,0x01,0x72,0x00,0x04,0x01,0x06,0x00,0x04,
   0x01,0x71,0x00,0x05,0x01,0x05,0x00,0x05,0x01,0x71,0x00,0x05,0x01,0x05,0x00,0x04,
   0x01,0xFF,0x01,0xFF,0x01,0x5F},
  // Frame 147/234 (Size: 372 bytes)
  {0x01,0xFF,0x01,0xFF,0x01,0xFF,0x01,0xFF,0x01,0xFF,0x01,0xFF,0x01,0xFF,0x01,0xFF,
   0x01,0xFF,0x01,0xFF,0x01,0xFF,0x01,0x27,0x00,0x01,0x01,0x79,0x00,0x04,0x01,0x03,
   0x00,0x01,0x01,0x77,0x00,0x0A,0x01,0x75,0x00,0x0B,0x01,0x71,0x00,0x10,0x01,0x70,
   0x00,0x10,0x01,0x71,0x00,0x11,0x01,0x6F,0x00,0x11,0x01,0x6F,0x00,0x11,0x01,0x70,
   0x00,0x0F,0x01,0x71,0x00,0x0F,0x01,0x72,0x00,0x0E,0x01,0x73,0x00,0x0C,0x01,0x73,
   0x00,0x0C,0x01,0x74,0x00,0x0E,0x01,0x72,0x00,0x0F,0x01,0x71,0x00,0x11,0x01,0x6E,
   0x00,0x13,0x01,0x6D,0x00,0x14,0x01,0x6C,0x00,0x14,0x01,0x6B,0x00,0x14,0x01,0x6C,
   0x00,0x13,0x01,0x6C,0x00,0x14,0x01,0x6C,0x00,0x15,0x01,0x6B,0x00,0x16,0x01,0x6A,
   0x00,0x16,0x01,0x6B,0x00,0x15,0x01,0x6B,0x00,0x0D,0x01,0x05,0x00,0x02,0x01,0x6C,
   0x00,0x0E,0x01,0x71,0x00,0x0F,0x01,0x71,0x00,0x0F,0x01,0x71,0x00,0x10,0x01,0x6F,
   0x00,0x11,0x01,0x6F,0x00,0x11,0x01,0x6F,0x00,0x11,0x01,0x6E,0x00,0x12,0x01,0x6E,
   0x00,0x12,0x01,0x6D,0x00,0x13,0x01,0x6E,0x00,0x12,0x01,0x6F,0x00,0x01,0x01,0x02,
   0x00,0x0F,0x01,0x6E,0x00,0x01,0x01,0x03,0x00,0x0E,0x01,0x6E,0x00,0x03,0x01,0x01,
   0x00,0x0E,0x01,0x72,0x00,0x0E,0x01,0x72,0x00,0x0E,0x01,0x72,0x00,0x0E,0x01,0x72,
   0x00,0x0F,0x01,0x71,0x00,0x0F,0x01,0x71,0x00,0x0F,0x01,0x70,0x00,0x10,0x01,0x70,
   0x00,0x10,0x01,0x70,0x00,0x10,0x01,0x70,0x00,0x11,0x01,0x6F,0x00,0x11,0x01,0x6F,
   0x00,0x11,0x01,0x6F,0x00,0x11,0x01,0x6F,0x00,0x12,0x01,0x6E,0x00,0x12,0x01,0x6E,
   0x00,0x12,0x01,0x6E,0x00,0x12,0x01,0x6E,0x00,0x12,0x01,0x6E,0x00,0x13,0x01,0x6D,
   0x00,0x13,0x01,0x6D,0x00,0x13,0x01,0x6D,0x00,0x14,0x01,0x6C,0x00,0x14,0x01,0x6C,
   0x00,0x14,0x01,0x6C,0x00,0x09,0x01,0x04,0x00,0x07,0x01,0x6C,0x00,0x07,0x01,0x06,
   0x00,0x07,0x01,0x6B,0x00,0x08,0x01,0x06,0x00,0x06,0x01,0x6D,0x00,0x08,0x01,0x05,
   0x00,0x04,0x01,0x70,0x00,0x07,0x01,0x04,0x00,0x05,0x01,0x71,0x00,0x05,0x01,0x05,
   0x00,0x05,0x01,0x71,0x00,0x05,0x01,0x05,0x00,0x04,0x01,0x72,0x00,0x05,0x01,0x05,
   0x00,0x03,0x01,0x5F},
  // Frame 148/234 (Size: 380 bytes)
  {0x01,0xFF,0x01,0xFF,0x01,0xFF,0x01,0xFF,0x01,0xFF,0x01,0xFF,0x01,0xFF,0x01,0x25,
   0x00,0x01,0x01,0x80,0x00,0x01,0x01,0x76,0x00,0x08,0x01,0x01,0x00,0x02,0x01,0x74,
   0x00,0x0D,0x01,0x6F,0x00,0x11,0x01,0x6E,0x00,0x12,0x01,0x6F,0x00,0x12,0x01,0x6F,
   0x00,0x11,0x01,0x6F,0x00,0x13,0x01,0x6C,0x00,0x14,0x01,0x6C,0x00,0x14,0x01,0x6D,
   0x00,0x13,0x01,0x6F,0x00,0x10,0x01,0x70,0x00,0x0F,0x01,0x71,0x00,0x0E,0x01,0x72,
   0x00,0x0E,0x01,0x72,0x00,0x0E,0x01,0x72,0x00,0x0F,0x01,0x71,0x00,0x10,0x01,0x70,
   0x00,0x12,0x01,0x6D,0x00,0x14,0x01,0x6C,0x00,0x16,0x01,0x69,0x00,0x17,0x01,0x69,
   0x00,0x16,0x01,0x6A,0x00,0x15,0x01,0x6A,0x00,0x16,0x01,0x6A,0x00,0x16,0x01,0x6B,
   0x00,0x16,0x01,0x69,0x00,0x18,0x01,0x68,0x00,0x18,0x01,0x68,0x00,0x18,0x01,0x68,
   0x00,0x12,0x01,0x01,0x00,0x04,0x01,0x68,0x00,0x11,0x01,0x6F,0x00,0x12,0x01,0x6E,
   0x00,0x12,0x01,0x6D,0x00,0x13,0x01,0x6D,0x00,0x14,0x01,0x6B,0x00,0x16,0x01,0x6A,
   0x00,0x15,0x01,0x01,0x00,0x01,0x01,0x68,0x00,0x16,0x01,0x6A,0x00,0x16,0x01,0x69,
   0x00,0x17,0x01,0x69,0x00,0x17,0x01,0x69,0x00,0x17,0x01,0x6A,0x00,0x16,0x01,0x6A,
   0x00,0x16,0x01,0x6B,0x00,0x03,0x01,0x02,0x00,0x10,0x01,0x70,0x00,0x11,0x01,0x6F,
   0x00,0x11,0x01,0x6F,0x00,0x11,0x01,0x6F,0x00,0x11,0x01,0x6F,0x00,0x11,0x01,0x6F,
   0x00,0x11,0x01,0x6F,0x00,0x11,0x01,0x6F,0x00,0x11,0x01,0x6F,0x00,0x12,0x01,0x6E,
   0x00,0x12,0x01,0x6E,0x00,0x12,0x01,0x6E,0x00,0x12,0x01,0x6E,0x00,0x12,0x01,0x6D,
   0x00,0x13,0x01,0x6D,0x00,0x13,0x01,0x6D,0x00,0x14,0x01,0x6C,0x00,0x14,0x01,0x6C,
   0x00,0x14,0x01,0x6C,0x00,0x14,0x01,0x6C,0x00,0x14,0x01,0x6C,0x00,0x14,0x01,0x6C,
   0x00,0x14,0x01,0x6C,0x00,0x14,0x01,0x6C,0x00,0x15,0x01,0x6B,0x00,0x15,0x01,0x6B,
   0x00,0x15,0x01,0x6B,0x00,0x15,0x01,0x6B,0x00,0x15,0x01,0x6B,0x00,0x15,0x01,0x6B,
   0x00,0x15,0x01,0x6B,0x00,0x09,0x01,0x03,0x00,0x09,0x01,0x6B,0x00,0x09,0x01,0x03,
   0x00,0x0A,0x01,0x6A,0x00,0x09,0x01,0x04,0x00,0x09,0x01,0x6A,0x00,0x09,0x01,0x04,
   0x00,0x08,0x01,0x6B,0x00,0x0A,0x01,0x03,0x00,0x07,0x01,0x5A},
  // Frame 149/234 (Size: 398 bytes)
  {0x01,0xFF,0x01,0xFF,0x01,0xFF,0x01,0xFF,0x01,0xA6,0x00,0x02,0x01,0x7F,0x00,0x02,
   0x01,0x78,0x00,0x05,0x01,0x02,0x00,0x02,0x01,0x75,0x00,0x0C,0x01,0x73,0x00,0x0D,
   0x01,0x72,0x00,0x0F,0x01,0x6C,0x00,0x15,0x01,0x6B,0x00,0x15,0x01,0x6C,0x00,0x15,
   0x01,0x6C,0x00,0x15,0x01,0x6B,0x00,0x15,0x01,0x6B,0x00,0x15,0x01,0x6B,0x00,0x14,
   0x01,0x6D,0x00,0x13,0x01,0x6E,0x00,0x11,0x01,0x70,0x00,0x10,0x01,0x71,0x00,0x0F,
   0x01,0x71,0x00,0x0F,0x01,0x71,0x00,0x0E,0x01,0x72,0x00,0x0F,0x01,0x70,0x00,0x11,
   0x01,0x6F,0x00,0x13,0x01,0x6D,0x00,0x14,0x01,0x6B,0x00,0x16,0x01,0x69,0x00,0x19,
   0x01,0x67,0x00,0x19,0x01,0x67,0x00,0x18,0x01,0x68,0x00,0x17,0x01,0x68,0x00,0x18,
   0x01,0x69,0x00,0x16,0x01,0x6A,0x00,0x17,0x01,0x68,0x00,0x18,0x01,0x68,0x00,0x19,
   0x01,0x67,0x00,0x1A,0x01,0x66,0x00,0x19,0x01,0x67,0x00,0x19,0x01,0x67,0x00,0x13,
   0x01,0x02,0x00,0x03,0x01,0x67,0x00,0x14,0x01,0x6B,0x00,0x15,0x01,0x6B,0x00,0x15,
   0x01,0x6A,0x00,0x17,0x01,0x68,0x00,0x18,0x01,0x68,0x00,0x18,0x01,0x67,0x00,0x19,
   0x01,0x66,0x00,0x1A,0x01,0x65,0x00,0x1B,0x01,0x65,0x00,0x0A,0x01,0x01,0x00,0x10,
   0x01,0x66,0x00,0x09,0x01,0x01,0x00,0x11,0x01,0x65,0x00,0x08,0x01,0x01,0x00,0x12,
   0x01,0x66,0x00,0x07,0x01,0x01,0x00,0x12,0x01,0x66,0x00,0x07,0x01,0x01,0x00,0x12,
   0x01,0x67,0x00,0x05,0x01,0x02,0x00,0x12,0x01,0x6E,0x00,0x12,0x01,0x6D,0x00,0x13,
   0x01,0x6D,0x00,0x13,0x01,0x6D,0x00,0x13,0x01,0x6D,0x00,0x13,0x01,0x6D,0x00,0x14,
   0x01,0x6C,0x00,0x14,0x01,0x6B,0x00,0x15,0x01,0x6B,0x00,0x15,0x01,0x6B,0x00,0x15,
   0x01,0x6B,0x00,0x15,0x01,0x6B,0x00,0x15,0x01,0x6B,0x00,0x15,0x01,0x6A,0x00,0x17,
   0x01,0x69,0x00,0x17,0x01,0x69,0x00,0x17,0x01,0x69,0x00,0x17,0x01,0x69,0x00,0x17,
   0x01,0x69,0x00,0x17,0x01,0x69,0x00,0x17,0x01,0x69,0x00,0x17,0x01,0x68,0x00,0x19,
   0x01,0x67,0x00,0x19,0x01,0x67,0x00,0x19,0x01,0x67,0x00,0x19,0x01,0x67,0x00,0x19,
   0x01,0x67,0x00,0x19,0x01,0x67,0x00,0x19,0x01,0x67,0x00,0x19,0x01,0x67,0x00,0x19,
   0x01,0x67,0x00,0x1A,0x01,0x65,0x00,0x1B,0x01,0x65,0x00,0x1B,0x01,0x65,0x00,0x1B,
   0x01,0x65,0x00,0x0B,0x01,0x02,0x00,0x03,0x01,0x01,0x00,0x0A,0x01,0x51},
  // Frame 150/234 (Size: 370 bytes)
  {0x01,0xFF,0x01,0xFF,0x01,0xFF,0x01,0xFF,0x01,0x28,0x00,0x03,0x01,0x7F,0x00,0x02,
   0x01,0x78,0x00,0x09,0x01,0x75,0x00,0x0C,0x01,0x73,0x00,0x0E,0x01,0x72,0x00,0x0F,
   0x01,0x71,0x00,0x10,0x01,0x6C,0x00,0x15,0x01,0x6A,0x00,0x15,0x01,0x6C,0x00,0x14,
   0x01,0x6D,0x00,0x13,0x01,0x6C,0x00,0x14,0x01,0x6C,0x00,0x14,0x01,0x6D,0x00,0x14,
   0x01,0x6D,0x00,0x13,0x01,0x6E,0x00,0x12,0x01,0x6F,0x00,0x11,0x01,0x6F,0x00,0x11,
   0x01,0x6F,0x00,0x11,0x01,0x6F,0x00,0x11,0x01,0x6F,0x00,0x12,0x01,0x6E,0x00,0x13,
   0x01,0x6D,0x00,0x15,0x01,0x6B,0x00,0x16,0x01,0x69,0x00,0x18,0x01,0x68,0x00,0x1A,
   0x01,0x65,0x00,0x1A,0x01,0x66,0x00,0x1A,0x01,0x66,0x00,0x19,0x01,0x67,0x00,0x18,
   0x01,0x68,0x00,0x18,0x01,0x68,0x00,0x17,0x01,0x69,0x00,0x18,0x01,0x68,0x00,0x18,
   0x01,0x68,0x00,0x19,0x01,0x67,0x00,0x19,0x01,0x67,0x00,0x19,0x01,0x66,0x00,0x19,
   0x01,0x67,0x00,0x18,0x01,0x68,0x00,0x17,0x01,0x68,0x00,0x19,0x01,0x67,0x00,0x18,
   0x01,0x67,0x00,0x19,0x01,0x67,0x00,0x19,0x01,0x66,0x00,0x1A,0x01,0x66,0x00,0x1A,
   0x01,0x65,0x00,0x1B,0x01,0x65,0x00,0x1B,0x01,0x64,0x00,0x1C,0x01,0x64,0x00,0x1C,
   0x01,0x65,0x00,0x1B,0x01,0x65,0x00,0x1B,0x01,0x65,0x00,0x1B,0x01,0x65,0x00,0x1B,
   0x01,0x66,0x00,0x04,0x01,0x02,0x00,0x14,0x01,0x68,0x00,0x01,0x01,0x03,0x00,0x14,
   0x01,0x6C,0x00,0x14,0x01,0x6C,0x00,0x14,0x01,0x6B,0x00,0x15,0x01,0x6B,0x00,0x15,
   0x01,0x6B,0x00,0x16,0x01,0x6A,0x00,0x16,0x01,0x69,0x00,0x17,0x01,0x69,0x00,0x17,
   0x01,0x69,0x00,0x17,0x01,0x69,0x00,0x17,0x01,0x68,0x00,0x18,0x01,0x68,0x00,0x18,
   0x01,0x68,0x00,0x18,0x01,0x68,0x00,0x18,0x01,0x67,0x00,0x1A,0x01,0x66,0x00,0x1A,
   0x01,0x66,0x00,0x1A,0x01,0x66,0x00,0x1A,0x01,0x65,0x00,0x1B,0x01,0x65,0x00,0x1B,
   0x01,0x65,0x00,0x1B,0x01,0x65,0x00,0x1B,0x01,0x65,0x00,0x1B,0x01,0x64,0x00,0x1D,
   0x01,0x63,0x00,0x1D,0x01,0x63,0x00,0x1D,0x01,0x63,0x00,0x1D,0x01,0x63,0x00,0x1D,
   0x01,0x63,0x00,0x1D,0x01,0x62,0x00,0x1E,0x01,0x62,0x00,0x1E,0x01,0x62,0x00,0x1E,
   0x01,0x4C},
  // Frame 151/234 (Size: 368 bytes)
  {0x01,0xFF,0x01,0xFF,0x01,0xFF,0x01,0xAE,0x00,0x01,0x01,0x7F,0x00,0x03,0x01,0x7E,
   0x00,0x03,0x01,0x78,0x00,0x09,0x01,0x75,0x00,0x0C,0x01,0x73,0x00,0x0E,0x01,0x71,
   0x00,0x10,0x01,0x70,0x00,0x10,0x01,0x6F,0x00,0x13,0x01,0x6A,0x00,0x16,0x01,0x69,
   0x00,0x16,0x01,0x6B,0x00,0x15,0x01,0x6C,0x00,0x14,0x01,0x6B,0x00,0x15,0x01,0x6B,
   0x00,0x15,0x01,0x6C,0x00,0x14,0x01,0x6D,0x00,0x13,0x01,0x6F,0x00,0x11,0x01,0x70,
   0x00,0x10,0x01,0x70,0x00,0x10,0x01,0x70,0x00,0x11,0x01,0x6F,0x00,0x12,0x01,0x6E,
   0x00,0x14,0x01,0x6C,0x00,0x15,0x01,0x6B,0x00,0x16,0x01,0x6A,0x00,0x18,0x01,0x67,
   0x00,0x1A,0x01,0x66,0x00,0x1A,0x01,0x65,0x00,0x1A,0x01,0x66,0x00,0x19,0x01,0x67,
   0x00,0x19,0x01,0x67,0x00,0x18,0x01,0x68,0x00,0x17,0x01,0x69,0x00,0x17,0x01,0x69,
   0x00,0x18,0x01,0x68,0x00,0x18,0x01,0x68,0x00,0x18,0x01,0x68,0x00,0x18,0x01,0x68,
   0x00,0x18,0x01,0x68,0x00,0x17,0x01,0x68,0x00,0x17,0x01,0x69,0x00,0x17,0x01,0x68,
   0x00,0x18,0x01,0x68,0x00,0x17,0x01,0x68,0x00,0x18,0x01,0x67,0x00,0x19,0x01,0x67,
   0x00,0x19,0x01,0x66,0x00,0x1B,0x01,0x65,0x00,0x1B,0x01,0x64,0x00,0x1C,0x01,0x64,
   0x00,0x1C,0x01,0x65,0x00,0x1B,0x01,0x65,0x00,0x1A,0x01,0x66,0x00,0x1B,0x01,0x66,
   0x00,0x1A,0x01,0x66,0x00,0x1A,0x01,0x68,0x00,0x02,0x01,0x02,0x00,0x14,0x01,0x6C,
   0x00,0x14,0x01,0x6C,0x00,0x14,0x01,0x6B,0x00,0x15,0x01,0x6B,0x00,0x15,0x01,0x6B,
   0x00,0x15,0x01,0x6A,0x00,0x16,0x01,0x6A,0x00,0x16,0x01,0x6A,0x00,0x16,0x01,0x69,
   0x00,0x17,0x01,0x69,0x00,0x17,0x01,0x69,0x00,0x17,0x01,0x68,0x00,0x18,0x01,0x68,
   0x00,0x19,0x01,0x67,0x00,0x19,0x01,0x67,0x00,0x19,0x01,0x66,0x00,0x1A,0x01,0x66,
   0x00,0x1A,0x01,0x66,0x00,0x1A,0x01,0x65,0x00,0x1B,0x01,0x65,0x00,0x1B,0x01,0x65,
   0x00,0x1B,0x01,0x65,0x00,0x1B,0x01,0x64,0x00,0x1C,0x01,0x64,0x00,0x1C,0x01,0x64,
   0x00,0x1C,0x01,0x64,0x00,0x1C,0x01,0x64,0x00,0x1C,0x01,0x63,0x00,0x1E,0x01,0x62,
   0x00,0x1E,0x01,0x62,0x00,0x1E,0x01,0x62,0x00,0x1E,0x01,0x62,0x00,0x1E,0x01,0x46},
  // Frame 152/234 (Size: 372 bytes)
  {0x01,0xFF,0x01,0xFF,0x01,0xFF,0x01,0x36,0x00,0x03,0x01,0x7F,0x00,0x03,0x01,0x79,
   0x00,0x07,0x01,0x75,0x00,0x0C,0x01,0x73,0x00,0x0E,0x01,0x71,0x00,0x10,0x01,0x70,
   0x00,0x11,0x01,0x6F,0x00,0x13,0x01,0x69,0x00,0x17,0x01,0x68,0x00,0x18,0x01,0x68,
   0x00,0x17,0x01,0x6C,0x00,0x14,0x01,0x6B,0x00,0x15,0x01,0x6A,0x00,0x16,0x01,0x6B,
   0x00,0x15,0x01,0x6B,0x00,0x15,0x01,0x6D,0x00,0x13,0x01,0x6F,0x00,0x11,0x01,0x6F,
   0x00,0x11,0x01,0x6F,0x00,0x11,0x01,0x6F,0x00,0x11,0x01,0x6F,0x00,0x13,0x01,0x6D,
   0x00,0x14,0x01,0x6C,0x00,0x15,0x01,0x6B,0x00,0x17,0x01,0x69,0x00,0x18,0x01,0x68,
   0x00,0x19,0x01,0x66,0x00,0x1B,0x01,0x65,0x00,0x1A,0x01,0x65,0x00,0x1A,0x01,0x66,
   0x00,0x1A,0x01,0x66,0x00,0x19,0x01,0x67,0x00,0x19,0x01,0x67,0x00,0x19,0x01,0x67,
   0x00,0x18,0x01,0x68,0x00,0x18,0x01,0x68,0x00,0x18,0x01,0x68,0x00,0x17,0x01,0x68,
   0x00,0x18,0x01,0x68,0x00,0x18,0x01,0x68,0x00,0x17,0x01,0x68,0x00,0x18,0x01,0x67,
   0x00,0x18,0x01,0x67,0x00,0x19,0x01,0x67,0x00,0x1A,0x01,0x65,0x00,0x1B,0x01,0x64,
   0x00,0x1C,0x01,0x64,0x00,0x1C,0x01,0x63,0x00,0x1D,0x01,0x63,0x00,0x1D,0x01,0x63,
   0x00,0x1D,0x01,0x63,0x00,0x1D,0x01,0x64,0x00,0x1C,0x01,0x64,0x00,0x1C,0x01,0x65,
   0x00,0x1B,0x01,0x67,0x00,0x04,0x01,0x01,0x00,0x13,0x01,0x6D,0x00,0x13,0x01,0x6D,
   0x00,0x14,0x01,0x6C,0x00,0x14,0x01,0x6B,0x00,0x15,0x01,0x6B,0x00,0x15,0x01,0x6B,
   0x00,0x15,0x01,0x6B,0x00,0x15,0x01,0x6B,0x00,0x15,0x01,0x6A,0x00,0x16,0x01,0x6A,
   0x00,0x16,0x01,0x6A,0x00,0x17,0x01,0x69,0x00,0x17,0x01,0x69,0x00,0x17,0x01,0x69,
   0x00,0x17,0x01,0x68,0x00,0x18,0x01,0x68,0x00,0x18,0x01,0x68,0x00,0x18,0x01,0x68,
   0x00,0x18,0x01,0x68,0x00,0x18,0x01,0x67,0x00,0x1A,0x01,0x66,0x00,0x1A,0x01,0x66,
   0x00,0x1A,0x01,0x66,0x00,0x1A,0x01,0x66,0x00,0x1A,0x01,0x66,0x00,0x1A,0x01,0x66,
   0x00,0x1A,0x01,0x65,0x00,0x1B,0x01,0x65,0x00,0x1B,0x01,0x65,0x00,0x1B,0x01,0x65,
   0x00,0x1B,0x01,0x65,0x00,0x1B,0x01,0x65,0x00,0x1B,0x01,0x65,0x00,0x1B,0x01,0x65,
   0x00,0x1B,0x01,0x3E},
  // Frame 153/234 (Size: 372 bytes)
  {0x01,0xFF,0x01,0xFF,0x01,0xFF,0x01,0xBF,0x00,0x02,0x01,0x7F,0x00,0x03,0x01,0x7E,
   0x00,0x03,0x01,0x75,0x00,0x0C,0x01,0x73,0x00,0x0D,0x01,0x72,0x00,0x0F,0x01,0x70,
   0x00,0x10,0x01,0x70,0x00,0x11,0x01,0x6B,0x00,0x17,0x01,0x68,0x00,0x19,0x01,0x67,
   0x00,0x19,0x01,0x6A,0x00,0x16,0x01,0x6A,0x00,0x14,0x01,0x6B,0x00,0x16,0x01,0x6A,
   0x00,0x15,0x01,0x6B,0x00,0x15,0x01,0x6C,0x00,0x13,0x01,0x70,0x00,0x10,0x01,0x71,
   0x00,0x0F,0x01,0x71,0x00,0x0F,0x01,0x71,0x00,0x0F,0x01,0x71,0x00,0x12,0x01,0x6E,
   0x00,0x14,0x01,0x6C,0x00,0x15,0x01,0x6B,0x00,0x16,0x01,0x69,0x00,0x19,0x01,0x66,
   0x00,0x1B,0x01,0x65,0x00,0x1B,0x01,0x65,0x00,0x1A,0x01,0x65,0x00,0x1B,0x01,0x65,
   0x00,0x1A,0x01,0x66,0x00,0x1A,0x01,0x66,0x00,0x1A,0x01,0x66,0x00,0x1A,0x01,0x67,
   0x00,0x18,0x01,0x68,0x00,0x18,0x01,0x68,0x00,0x18,0x01,0x68,0x00,0x17,0x01,0x69,
   0x00,0x17,0x01,0x69,0x00,0x16,0x01,0x69,0x00,0x17,0x01,0x68,0x00,0x16,0x01,0x6A,
   0x00,0x16,0x01,0x69,0x00,0x18,0x01,0x67,0x00,0x1A,0x01,0x66,0x00,0x18,0x01,0x01,
   0x00,0x01,0x01,0x66,0x00,0x18,0x01,0x02,0x00,0x01,0x01,0x65,0x00,0x18,0x01,0x68,
   0x00,0x18,0x01,0x68,0x00,0x18,0x01,0x68,0x00,0x18,0x01,0x69,0x00,0x17,0x01,0x69,
   0x00,0x17,0x01,0x6B,0x00,0x15,0x01,0x6B,0x00,0x15,0x01,0x6B,0x00,0x13,0x01,0x6D,
   0x00,0x14,0x01,0x6C,0x00,0x14,0x01,0x6C,0x00,0x14,0x01,0x6C,0x00,0x14,0x01,0x6C,
   0x00,0x14,0x01,0x6C,0x00,0x14,0x01,0x6B,0x00,0x15,0x01,0x6B,0x00,0x15,0x01,0x6B,
   0x00,0x15,0x01,0x6B,0x00,0x15,0x01,0x6B,0x00,0x16,0x01,0x6A,0x00,0x16,0x01,0x69,
   0x00,0x17,0x01,0x69,0x00,0x17,0x01,0x69,0x00,0x17,0x01,0x69,0x00,0x17,0x01,0x69,
   0x00,0x17,0x01,0x69,0x00,0x17,0x01,0x69,0x00,0x18,0x01,0x67,0x00,0x19,0x01,0x67,
   0x00,0x19,0x01,0x67,0x00,0x19,0x01,0x67,0x00,0x19,0x01,0x67,0x00,0x19,0x01,0x67,
   0x00,0x19,0x01,0x67,0x00,0x19,0x01,0x67,0x00,0x1A,0x01,0x65,0x00,0x1B,0x01,0x65,
   0x00,0x1B,0x01,0x65,0x00,0x1B,0x01,0x65,0x00,0x1B,0x01,0x65,0x00,0x1B,0x01,0x65,
   0x00,0x1B,0x01,0x37},
  // Frame 154/234 (Size: 394 bytes)
  {0x01,0xFF,0x01,0xFF,0x01,0xFF,0x01,0xFF,0x01,0x4A,0x00,0x01,0x01,0x77,0x00,0x05,
   0x01,0x04,0x00,0x01,0x01,0x74,0x00,0x0D,0x01,0x72,0x00,0x0F,0x01,0x6B,0x00,0x04,
   0x01,0x01,0x00,0x10,0x01,0x6B,0x00,0x15,0x01,0x6C,0x00,0x14,0x01,0x6D,0x00,0x14,
   0x01,0x6C,0x00,0x15,0x01,0x6B,0x00,0x17,0x01,0x69,0x00,0x17,0x01,0x68,0x00,0x18,
   0x01,0x69,0x00,0x16,0x01,0x6B,0x00,0x14,0x01,0x6C,0x00,0x13,0x01,0x6E,0x00,0x11,
   0x01,0x6F,0x00,0x10,0x01,0x70,0x00,0x10,0x01,0x70,0x00,0x10,0x01,0x70,0x00,0x0F,
   0x01,0x71,0x00,0x0F,0x01,0x02,0x00,0x03,0x01,0x6C,0x00,0x0F,0x01,0x01,0x00,0x06,
   0x01,0x6A,0x00,0x17,0x01,0x69,0x00,0x18,0x01,0x67,0x00,0x1A,0x01,0x66,0x00,0x1C,
   0x01,0x64,0x00,0x1B,0x01,0x65,0x00,0x1B,0x01,0x65,0x00,0x1A,0x01,0x66,0x00,0x19,
   0x01,0x67,0x00,0x19,0x01,0x67,0x00,0x19,0x01,0x67,0x00,0x19,0x01,0x67,0x00,0x19,
   0x01,0x67,0x00,0x19,0x01,0x67,0x00,0x18,0x01,0x68,0x00,0x18,0x01,0x68,0x00,0x10,
   0x01,0x02,0x00,0x06,0x01,0x68,0x00,0x11,0x01,0x01,0x00,0x06,0x01,0x67,0x00,0x14,
   0x01,0x01,0x00,0x03,0x01,0x68,0x00,0x14,0x01,0x6C,0x00,0x14,0x01,0x6C,0x00,0x16,
   0x01,0x69,0x00,0x17,0x01,0x68,0x00,0x18,0x01,0x68,0x00,0x01,0x01,0x01,0x00,0x15,
   0x01,0x6B,0x00,0x14,0x01,0x6C,0x00,0x12,0x01,0x6E,0x00,0x11,0x01,0x6F,0x00,0x11,
   0x01,0x6E,0x00,0x13,0x01,0x6D,0x00,0x13,0x01,0x6D,0x00,0x13,0x01,0x6D,0x00,0x13,
   0x01,0x6D,0x00,0x13,0x01,0x6D,0x00,0x13,0x01,0x6D,0x00,0x14,0x01,0x6C,0x00,0x14,
   0x01,0x6B,0x00,0x15,0x01,0x6B,0x00,0x15,0x01,0x6B,0x00,0x16,0x01,0x6A,0x00,0x16,
   0x01,0x6A,0x00,0x16,0x01,0x6A,0x00,0x16,0x01,0x6A,0x00,0x16,0x01,0x6A,0x00,0x17,
   0x01,0x69,0x00,0x17,0x01,0x68,0x00,0x18,0x01,0x68,0x00,0x18,0x01,0x68,0x00,0x19,
   0x01,0x67,0x00,0x19,0x01,0x67,0x00,0x19,0x01,0x67,0x00,0x19,0x01,0x67,0x00,0x19,
   0x01,0x67,0x00,0x1A,0x01,0x66,0x00,0x1A,0x01,0x65,0x00,0x1B,0x01,0x65,0x00,0x1B,
   0x01,0x65,0x00,0x1C,0x01,0x64,0x00,0x1C,0x01,0x64,0x00,0x1C,0x01,0x64,0x00,0x1C,
   0x01,0x64,0x00,0x1C,0x01,0x64,0x00,0x1D,0x01,0x63,0x00,0x1D,0x01,0x63,0x00,0x1D,
   0x01,0x63,0x00,0x1D,0x01,0x62,0x00,0x1E,0x01,0x30},
  // Frame 155/234 (Size: 388 bytes)
  {0x01,0xFF,0x01,0xFF,0x01,0xFF,0x01,0xFF,0x01,0xFF,0x01,0x50,0x00,0x02,0x01,0x76,
   0x00,0x05,0x01,0x04,0x00,0x02,0x01,0x73,0x00,0x0B,0x01,0x01,0x00,0x01,0x01,0x72,
   0x00,0x0F,0x01,0x6C,0x00,0x14,0x01,0x6C,0x00,0x15,0x01,0x6C,0x00,0x14,0x01,0x6D,
   0x00,0x12,0x01,0x6D,0x00,0x14,0x01,0x6D,0x00,0x15,0x01,0x6B,0x00,0x15,0x01,0x6A,
   0x00,0x17,0x01,0x69,0x00,0x17,0x01,0x6A,0x00,0x14,0x01,0x6C,0x00,0x13,0x01,0x01,
   0x00,0x01,0x01,0x6C,0x00,0x11,0x01,0x6F,0x00,0x10,0x01,0x70,0x00,0x10,0x01,0x6F,
   0x00,0x11,0x01,0x6F,0x00,0x14,0x01,0x6C,0x00,0x15,0x01,0x6B,0x00,0x16,0x01,0x6A,
   0x00,0x18,0x01,0x68,0x00,0x19,0x01,0x67,0x00,0x1A,0x01,0x66,0x00,0x1A,0x01,0x66,
   0x00,0x19,0x01,0x67,0x00,0x18,0x01,0x68,0x00,0x18,0x01,0x68,0x00,0x17,0x01,0x69,
   0x00,0x17,0x01,0x69,0x00,0x17,0x01,0x69,0x00,0x18,0x01,0x67,0x00,0x19,0x01,0x67,
   0x00,0x1E,0x01,0x62,0x00,0x1F,0x01,0x61,0x00,0x1F,0x01,0x60,0x00,0x20,0x01,0x60,
   0x00,0x20,0x01,0x60,0x00,0x1F,0x01,0x61,0x00,0x1B,0x01,0x65,0x00,0x1B,0x01,0x65,
   0x00,0x1A,0x01,0x66,0x00,0x15,0x01,0x01,0x00,0x04,0x01,0x66,0x00,0x16,0x01,0x01,
   0x00,0x02,0x01,0x67,0x00,0x13,0x01,0x02,0x00,0x01,0x01,0x6A,0x00,0x12,0x01,0x03,
   0x00,0x02,0x01,0x69,0x00,0x12,0x01,0x04,0x00,0x01,0x01,0x69,0x00,0x12,0x01,0x6E,
   0x00,0x12,0x01,0x6E,0x00,0x12,0x01,0x6D,0x00,0x13,0x01,0x6D,0x00,0x13,0x01,0x6D,
   0x00,0x14,0x01,0x6C,0x00,0x14,0x01,0x6C,0x00,0x14,0x01,0x6C,0x00,0x14,0x01,0x6C,
   0x00,0x14,0x01,0x6C,0x00,0x15,0x01,0x6B,0x00,0x15,0x01,0x6B,0x00,0x15,0x01,0x6B,
   0x00,0x16,0x01,0x6A,0x00,0x16,0x01,0x6A,0x00,0x16,0x01,0x6A,0x00,0x17,0x01,0x69,
   0x00,0x17,0x01,0x68,0x00,0x18,0x01,0x68,0x00,0x18,0x01,0x68,0x00,0x19,0x01,0x67,
   0x00,0x19,0x01,0x67,0x00,0x19,0x01,0x67,0x00,0x1A,0x01,0x66,0x00,0x1A,0x01,0x66,
   0x00,0x1A,0x01,0x66,0x00,0x1B,0x01,0x65,0x00,0x1B,0x01,0x65,0x00,0x1B,0x01,0x65,
   0x00,0x1B,0x01,0x65,0x00,0x1C,0x01,0x64,0x00,0x1C,0x01,0x64,0x00,0x1C,0x01,0x64,
   0x00,0x1D,0x01,0x62,0x00,0x1E,0x01,0x62,0x00,0x1E,0x01,0x62,0x00,0x1E,0x01,0x62,
   0x00,0x1F,0x01,0x29},
  // Frame 156/234 (Size: 394 bytes)
  {0x01,0xFF,0x01,0xFF,0x01,0xFF,0x01,0xFF,0x01,0x51,0x00,0x01,0x01,0x78,0x00,0x04,
   0x01,0x04,0x00,0x01,0x01,0x75,0x00,0x09,0x01,0x02,0x00,0x01,0x01,0x72,0x00,0x0F,
   0x01,0x6D,0x00,0x02,0x01,0x01,0x00,0x11,0x01,0x6B,0x00,0x15,0x01,0x6B,0x00,0x15,
   0x01,0x6D,0x00,0x13,0x01,0x6C,0x00,0x14,0x01,0x6C,0x00,0x15,0x01,0x6C,0x00,0x16,
   0x01,0x69,0x00,0x18,0x01,0x67,0x00,0x19,0x01,0x68,0x00,0x17,0x01,0x6A,0x00,0x15,
   0x01,0x6B,0x00,0x14,0x01,0x6D,0x00,0x12,0x01,0x6E,0x00,0x11,0x01,0x6E,0x00,0x12,
   0x01,0x6E,0x00,0x11,0x01,0x6F,0x00,0x13,0x01,0x6D,0x00,0x14,0x01,0x6C,0x00,0x16,
   0x01,0x6A,0x00,0x17,0x01,0x69,0x00,0x18,0x01,0x68,0x00,0x1A,0x01,0x66,0x00,0x1B,
   0x01,0x65,0x00,0x1C,0x01,0x64,0x00,0x1C,0x01,0x63,0x00,0x1D,0x01,0x63,0x00,0x1D,
   0x01,0x63,0x00,0x1C,0x01,0x64,0x00,0x1B,0x01,0x66,0x00,0x18,0x01,0x68,0x00,0x18,
   0x01,0x68,0x00,0x19,0x01,0x67,0x00,0x1A,0x01,0x65,0x00,0x1B,0x01,0x65,0x00,0x1B,
   0x01,0x65,0x00,0x14,0x01,0x01,0x00,0x05,0x01,0x66,0x00,0x14,0x01,0x02,0x00,0x03,
   0x01,0x67,0x00,0x14,0x01,0x6C,0x00,0x15,0x01,0x6B,0x00,0x15,0x01,0x6B,0x00,0x15,
   0x01,0x6B,0x00,0x16,0x01,0x6A,0x00,0x14,0x01,0x01,0x00,0x01,0x01,0x6A,0x00,0x13,
   0x01,0x02,0x00,0x02,0x01,0x69,0x00,0x13,0x01,0x03,0x00,0x01,0x01,0x69,0x00,0x13,
   0x01,0x6D,0x00,0x13,0x01,0x6D,0x00,0x13,0x01,0x6D,0x00,0x13,0x01,0x6D,0x00,0x13,
   0x01,0x6D,0x00,0x14,0x01,0x6C,0x00,0x14,0x01,0x6C,0x00,0x14,0x01,0x6C,0x00,0x14,
   0x01,0x6C,0x00,0x14,0x01,0x6C,0x00,0x14,0x01,0x6C,0x00,0x14,0x01,0x6C,0x00,0x15,
   0x01,0x6A,0x00,0x16,0x01,0x6A,0x00,0x16,0x01,0x6A,0x00,0x16,0x01,0x6A,0x00,0x17,
   0x01,0x69,0x00,0x17,0x01,0x69,0x00,0x17,0x01,0x69,0x00,0x17,0x01,0x69,0x00,0x18,
   0x01,0x68,0x00,0x18,0x01,0x68,0x00,0x18,0x01,0x68,0x00,0x18,0x01,0x68,0x00,0x18,
   0x01,0x68,0x00,0x19,0x01,0x67,0x00,0x19,0x01,0x66,0x00,0x1A,0x01,0x66,0x00,0x1A,
   0x01,0x66,0x00,0x1B,0x01,0x65,0x00,0x1B,0x01,0x65,0x00,0x1B,0x01,0x65,0x00,0x1B,
   0x01,0x65,0x00,0x1B,0x01,0x65,0x00,0x1C,0x01,0x64,0x00,0x1C,0x01,0x64,0x00,0x1C,
   0x01,0x64,0x00,0x1C,0x01,0x64,0x00,0x1C,0x01,0x28},
  // Frame 157/234 (Size: 382 bytes)
  {0x01,0xFF,0x01,0xFF,0x01,0xFF,0x01,0xFF,0x01,0x4F,0x00,0x01,0x01,0x80,0x00,0x02,
   0x01,0x75,0x00,0x07,0x01,0x03,0x00,0x02,0x01,0x73,0x00,0x0B,0x01,0x01,0x00,0x02,
   0x01,0x70,0x00,0x10,0x01,0x6A,0x00,0x04,0x01,0x02,0x00,0x11,0x01,0x69,0x00,0x17,
   0x01,0x6A,0x00,0x16,0x01,0x6C,0x00,0x14,0x01,0x6A,0x00,0x17,0x01,0x6A,0x00,0x17,
   0x01,0x69,0x00,0x19,0x01,0x66,0x00,0x1B,0x01,0x65,0x00,0x1B,0x01,0x66,0x00,0x18,
   0x01,0x68,0x00,0x18,0x01,0x69,0x00,0x16,0x01,0x6A,0x00,0x15,0x01,0x6C,0x00,0x13,
   0x01,0x6D,0x00,0x12,0x01,0x6E,0x00,0x12,0x01,0x6E,0x00,0x12,0x01,0x64,0x00,0x1F,
   0x01,0x5F,0x00,0x22,0x01,0x5D,0x00,0x25,0x01,0x5A,0x00,0x27,0x01,0x59,0x00,0x28,
   0x01,0x58,0x00,0x29,0x01,0x57,0x00,0x2A,0x01,0x57,0x00,0x29,0x01,0x57,0x00,0x28,
   0x01,0x59,0x00,0x26,0x01,0x5C,0x00,0x24,0x01,0x5E,0x00,0x21,0x01,0x61,0x00,0x1F,
   0x01,0x61,0x00,0x20,0x01,0x62,0x00,0x1E,0x01,0x65,0x00,0x1C,0x01,0x64,0x00,0x1D,
   0x01,0x63,0x00,0x1D,0x01,0x63,0x00,0x1D,0x01,0x63,0x00,0x15,0x01,0x01,0x00,0x07,
   0x01,0x63,0x00,0x14,0x01,0x03,0x00,0x05,0x01,0x63,0x00,0x15,0x01,0x6B,0x00,0x15,
   0x01,0x6B,0x00,0x16,0x01,0x6A,0x00,0x16,0x01,0x6A,0x00,0x16,0x01,0x6A,0x00,0x16,
   0x01,0x69,0x00,0x18,0x01,0x68,0x00,0x18,0x01,0x69,0x00,0x18,0x01,0x68,0x00,0x16,
   0x01,0x6A,0x00,0x17,0x01,0x69,0x00,0x17,0x01,0x69,0x00,0x17,0x01,0x69,0x00,0x17,
   0x01,0x69,0x00,0x17,0x01,0x69,0x00,0x17,0x01,0x6A,0x00,0x16,0x01,0x6A,0x00,0x16,
   0x01,0x6A,0x00,0x17,0x01,0x69,0x00,0x17,0x01,0x69,0x00,0x17,0x01,0x69,0x00,0x17,
   0x01,0x69,0x00,0x17,0x01,0x6A,0x00,0x16,0x01,0x6A,0x00,0x16,0x01,0x6A,0x00,0x17,
   0x01,0x69,0x00,0x17,0x01,0x69,0x00,0x17,0x01,0x69,0x00,0x17,0x01,0x69,0x00,0x17,
   0x01,0x69,0x00,0x18,0x01,0x68,0x00,0x18,0x01,0x67,0x00,0x19,0x01,0x67,0x00,0x19,
   0x01,0x67,0x00,0x19,0x01,0x67,0x00,0x19,0x01,0x67,0x00,0x1A,0x01,0x66,0x00,0x1A,
   0x01,0x66,0x00,0x1A,0x01,0x66,0x00,0x1A,0x01,0x66,0x00,0x1A,0x01,0x66,0x00,0x1A,
   0x01,0x66,0x00,0x1B,0x01,0x65,0x00,0x1B,0x01,0x65,0x00,0x1B,0x01,0x28},
  // Frame 158/234 (Size: 442 bytes)
  {0x01,0xFF,0x01,0xFF,0x01,0xCE,0x00,0x01,0x01,0x80,0x00,0x02,0x01,0x7F,0x00,0x03,
   0x01,0x74,0x00,0x09,0x01,0x01,0x00,0x03,0x01,0x71,0x00,0x0F,0x01,0x70,0x00,0x11,
   0x01,0x6F,0x00,0x11,0x01,0x6E,0x00,0x12,0x01,0x6A,0x00,0x02,0x01,0x01,0x00,0x14,
   0x01,0x66,0x00,0x1B,0x01,0x66,0x00,0x1C,0x01,0x65,0x00,0x01,0x01,0x01,0x00,0x1A,
   0x01,0x65,0x00,0x1C,0x01,0x63,0x00,0x1C,0x01,0x65,0x00,0x19,0x01,0x66,0x00,0x1B,
   0x01,0x65,0x00,0x1B,0x01,0x66,0x00,0x19,0x01,0x68,0x00,0x17,0x01,0x6A,0x00,0x15,
   0x01,0x6C,0x00,0x14,0x01,0x6D,0x00,0x13,0x01,0x6D,0x00,0x13,0x01,0x6D,0x00,0x13,
   0x01,0x6D,0x00,0x13,0x01,0x5A,0x00,0x01,0x01,0x12,0x00,0x16,0x01,0x55,0x00,0x04,
   0x01,0x11,0x00,0x17,0x01,0x52,0x00,0x07,0x01,0x10,0x00,0x18,0x01,0x52,0x00,0x09,
   0x01,0x09,0x00,0x1E,0x01,0x4F,0x00,0x0C,0x01,0x05,0x00,0x21,0x01,0x4D,0x00,0x34,
   0x01,0x4B,0x00,0x36,0x01,0x49,0x00,0x38,0x01,0x47,0x00,0x38,0x01,0x47,0x00,0x38,
   0x01,0x48,0x00,0x38,0x01,0x48,0x00,0x37,0x01,0x48,0x00,0x38,0x01,0x48,0x00,0x14,
   0x01,0x03,0x00,0x20,0x01,0x4A,0x00,0x0E,0x01,0x09,0x00,0x1F,0x01,0x4A,0x00,0x0B,
   0x01,0x0D,0x00,0x1E,0x01,0x4B,0x00,0x07,0x01,0x12,0x00,0x1D,0x01,0x64,0x00,0x1C,
   0x01,0x64,0x00,0x1C,0x01,0x64,0x00,0x1D,0x01,0x63,0x00,0x1D,0x01,0x63,0x00,0x1C,
   0x01,0x63,0x00,0x16,0x01,0x01,0x00,0x06,0x01,0x63,0x00,0x17,0x01,0x02,0x00,0x03,
   0x01,0x63,0x00,0x18,0x01,0x68,0x00,0x18,0x01,0x67,0x00,0x01,0x01,0x01,0x00,0x17,
   0x01,0x66,0x00,0x01,0x01,0x04,0x00,0x16,0x01,0x64,0x00,0x02,0x01,0x04,0x00,0x16,
   0x01,0x64,0x00,0x01,0x01,0x06,0x00,0x15,0x01,0x6B,0x00,0x16,0x01,0x6A,0x00,0x15,
   0x01,0x6B,0x00,0x15,0x01,0x6B,0x00,0x16,0x01,0x6A,0x00,0x16,0x01,0x6A,0x00,0x16,
   0x01,0x6A,0x00,0x16,0x01,0x6A,0x00,0x16,0x01,0x6A,0x00,0x16,0x01,0x6A,0x00,0x17,
   0x01,0x69,0x00,0x17,0x01,0x68,0x00,0x18,0x01,0x68,0x00,0x18,0x01,0x68,0x00,0x18,
   0x01,0x68,0x00,0x18,0x01,0x68,0x00,0x18,0x01,0x68,0x00,0x18,0x01,0x67,0x00,0x1A,
   0x01,0x66,0x00,0x1A,0x01,0x66,0x00,0x1A,0x01,0x66,0x00,0x1A,0x01,0x66,0x00,0x1A,
   0x01,0x65,0x00,0x1B,0x01,0x65,0x00,0x1B,0x01,0x65,0x00,0x1B,0x01,0x65,0x00,0x1C,
   0x01,0x64,0x00,0x1C,0x01,0x63,0x00,0x1D,0x01,0x63,0x00,0x1D,0x01,0x63,0x00,0x1D,
   0x01,0x63,0x00,0x1D,0x01,0x63,0x00,0x1D,0x01,0x62,0x00,0x1E,0x01,0x62,0x00,0x1F,
   0x01,0x61,0x00,0x1F,0x01,0x61,0x00,0x1F,0x01,0x24},
  // Frame 159/234 (Size: 464 bytes)
  {0x01,0xFF,0x01,0xFF,0x01,0xFF,0x01,0xD0,0x00,0x03,0x01,0x7F,0x00,0x03,0x01,0x77,
   0x00,0x06,0x01,0x01,0x00,0x03,0x01,0x73,0x00,0x0D,0x01,0x72,0x00,0x0F,0x01,0x70,
   0x00,0x11,0x01,0x6E,0x00,0x12,0x01,0x6D,0x00,0x14,0x01,0x6B,0x00,0x18,0x01,0x64,
   0x00,0x1D,0x01,0x62,0x00,0x1E,0x01,0x62,0x00,0x1D,0x01,0x65,0x00,0x1A,0x01,0x65,
   0x00,0x1C,0x01,0x64,0x00,0x1C,0x01,0x64,0x00,0x1C,0x01,0x64,0x00,0x1B,0x01,0x65,
   0x00,0x1B,0x01,0x67,0x00,0x18,0x01,0x69,0x00,0x17,0x01,0x6B,0x00,0x15,0x01,0x6B,
   0x00,0x15,0x01,0x6B,0x00,0x15,0x01,0x6B,0x00,0x15,0x01,0x6B,0x00,0x15,0x01,0x6B,
   0x00,0x17,0x01,0x4D,0x00,0x02,0x01,0x1A,0x00,0x19,0x01,0x4B,0x00,0x07,0x01,0x15,
   0x00,0x1A,0x01,0x48,0x00,0x0B,0x01,0x10,0x00,0x1E,0x01,0x47,0x00,0x0E,0x01,0x0A,
   0x00,0x22,0x01,0x48,0x00,0x0E,0x01,0x06,0x00,0x26,0x01,0x45,0x00,0x3C,0x01,0x44,
   0x00,0x3C,0x01,0x43,0x00,0x3D,0x01,0x43,0x00,0x3C,0x01,0x43,0x00,0x3C,0x01,0x44,
   0x00,0x3C,0x01,0x44,0x00,0x3B,0x01,0x44,0x00,0x3B,0x01,0x45,0x00,0x1A,0x01,0x02,
   0x00,0x1F,0x01,0x45,0x00,0x17,0x01,0x05,0x00,0x20,0x01,0x44,0x00,0x0C,0x01,0x10,
   0x00,0x20,0x01,0x44,0x00,0x08,0x01,0x14,0x00,0x20,0x01,0x45,0x00,0x03,0x01,0x18,
   0x00,0x20,0x01,0x61,0x00,0x1F,0x01,0x62,0x00,0x04,0x01,0x01,0x00,0x19,0x01,0x62,
   0x00,0x03,0x01,0x02,0x00,0x19,0x01,0x62,0x00,0x03,0x01,0x02,0x00,0x19,0x01,0x62,
   0x00,0x03,0x01,0x02,0x00,0x19,0x01,0x61,0x00,0x04,0x01,0x02,0x00,0x12,0x01,0x02,
   0x00,0x04,0x01,0x62,0x00,0x04,0x01,0x02,0x00,0x13,0x01,0x67,0x00,0x05,0x01,0x01,
   0x00,0x13,0x01,0x66,0x00,0x1A,0x01,0x66,0x00,0x05,0x01,0x01,0x00,0x14,0x01,0x66,
   0x00,0x01,0x01,0x06,0x00,0x14,0x01,0x65,0x00,0x01,0x01,0x06,0x00,0x14,0x01,0x65,
   0x00,0x01,0x01,0x05,0x00,0x15,0x01,0x65,0x00,0x01,0x01,0x05,0x00,0x15,0x01,0x64,
   0x00,0x02,0x01,0x05,0x00,0x16,0x01,0x6A,0x00,0x16,0x01,0x6A,0x00,0x16,0x01,0x6A,
   0x00,0x16,0x01,0x6A,0x00,0x17,0x01,0x69,0x00,0x17,0x01,0x69,0x00,0x17,0x01,0x69,
   0x00,0x17,0x01,0x68,0x00,0x18,0x01,0x68,0x00,0x19,0x01,0x67,0x00,0x19,0x01,0x67,
   0x00,0x19,0x01,0x67,0x00,0x19,0x01,0x66,0x00,0x1A,0x01,0x66,0x00,0x1A,0x01,0x66,
   0x00,0x1A,0x01,0x66,0x00,0x1A,0x01,0x65,0x00,0x1B,0x01,0x65,0x00,0x1B,0x01,0x65,
   0x00,0x1B,0x01,0x65,0x00,0x1C,0x01,0x63,0x00,0x1D,0x01,0x63,0x00,0x1D,0x01,0x63,
   0x00,0x1D,0x01,0x62,0x00,0x1E,0x01,0x62,0x00,0x1E,0x01,0x62,0x00,0x1E,0x01,0x62,
   0x00,0x1E,0x01,0x61,0x00,0x1F,0x01,0x61,0x00,0x1F,0x01,0x61,0x00,0x1F,0x01,0x23},
  // Frame 160/234 (Size: 484 bytes)
  {0x01,0xFF,0x01,0xCD,0x00,0x03,0x01,0x7E,0x00,0x04,0x01,0x7E,0x00,0x03,0x01,0x77,
   0x00,0x09,0x01,0x73,0x00,0x0E,0x01,0x71,0x00,0x10,0x01,0x6F,0x00,0x12,0x01,0x6D,
   0x00,0x14,0x01,0x6C,0x00,0x15,0x01,0x6A,0x00,0x17,0x01,0x69,0x00,0x19,0x01,0x67,
   0x00,0x19,0x01,0x63,0x00,0x1C,0x01,0x63,0x00,0x1D,0x01,0x62,0x00,0x1D,0x01,0x64,
   0x00,0x1C,0x01,0x64,0x00,0x1C,0x01,0x64,0x00,0x1C,0x01,0x63,0x00,0x1D,0x01,0x64,
   0x00,0x1C,0x01,0x64,0x00,0x1C,0x01,0x65,0x00,0x1B,0x01,0x66,0x00,0x1A,0x01,0x68,
   0x00,0x18,0x01,0x69,0x00,0x17,0x01,0x69,0x00,0x17,0x01,0x69,0x00,0x17,0x01,0x69,
   0x00,0x17,0x01,0x69,0x00,0x17,0x01,0x69,0x00,0x18,0x01,0x67,0x00,0x1A,0x01,0x66,
   0x00,0x1C,0x01,0x64,0x00,0x1D,0x01,0x5E,0x00,0x03,0x01,0x02,0x00,0x1E,0x01,0x36,
   0x00,0x02,0x01,0x05,0x00,0x07,0x01,0x16,0x00,0x28,0x01,0x35,0x00,0x12,0x01,0x0F,
   0x00,0x2B,0x01,0x34,0x00,0x18,0x01,0x06,0x00,0x2F,0x01,0x34,0x00,0x4C,0x01,0x36,
   0x00,0x49,0x01,0x3B,0x00,0x45,0x01,0x3B,0x00,0x44,0x01,0x3B,0x00,0x45,0x01,0x3B,
   0x00,0x44,0x01,0x3C,0x00,0x43,0x01,0x3C,0x00,0x1F,0x01,0x02,0x00,0x22,0x01,0x3D,
   0x00,0x1C,0x01,0x05,0x00,0x22,0x01,0x3D,0x00,0x19,0x01,0x08,0x00,0x22,0x01,0x3D,
   0x00,0x0C,0x01,0x15,0x00,0x22,0x01,0x3C,0x00,0x08,0x01,0x1A,0x00,0x23,0x01,0x3B,
   0x00,0x03,0x01,0x1F,0x00,0x23,0x01,0x5D,0x00,0x23,0x01,0x5E,0x00,0x22,0x01,0x5F,
   0x00,0x21,0x01,0x5F,0x00,0x03,0x01,0x01,0x00,0x1D,0x01,0x5F,0x00,0x02,0x01,0x02,
   0x00,0x1C,0x01,0x5F,0x00,0x03,0x01,0x02,0x00,0x1B,0x01,0x5F,0x00,0x04,0x01,0x02,
   0x00,0x19,0x01,0x61,0x00,0x04,0x01,0x02,0x00,0x19,0x01,0x60,0x00,0x05,0x01,0x02,
   0x00,0x19,0x01,0x60,0x00,0x05,0x01,0x02,0x00,0x19,0x01,0x60,0x00,0x05,0x01,0x02,
   0x00,0x17,0x01,0x01,0x00,0x01,0x01,0x5F,0x00,0x01,0x01,0x01,0x00,0x04,0x01,0x02,
   0x00,0x17,0x01,0x61,0x00,0x01,0x01,0x01,0x00,0x01,0x01,0x05,0x00,0x17,0x01,0x60,
   0x00,0x01,0x01,0x02,0x00,0x01,0x01,0x05,0x00,0x17,0x01,0x63,0x00,0x01,0x01,0x04,
   0x00,0x18,0x01,0x68,0x00,0x18,0x01,0x68,0x00,0x18,0x01,0x68,0x00,0x19,0x01,0x67,
   0x00,0x19,0x01,0x67,0x00,0x19,0x01,0x67,0x00,0x19,0x01,0x67,0x00,0x19,0x01,0x67,
   0x00,0x1A,0x01,0x65,0x00,0x1B,0x01,0x65,0x00,0x1B,0x01,0x65,0x00,0x1B,0x01,0x65,
   0x00,0x1B,0x01,0x65,0x00,0x1B,0x01,0x65,0x00,0x1B,0x01,0x64,0x00,0x1C,0x01,0x64,
   0x00,0x1C,0x01,0x64,0x00,0x1C,0x01,0x64,0x00,0x1C,0x01,0x64,0x00,0x1D,0x01,0x62,
   0x00,0x1E,0x01,0x62,0x00,0x1E,0x01,0x62,0x00,0x1E,0x01,0x61,0x00,0x1F,0x01,0x61,
   0x00,0x1F,0x01,0x61,0x00,0x1F,0x01,0x60,0x00,0x20,0x01,0x60,0x00,0x20,0x01,0x60,
   0x00,0x20,0x01,0x25},
  // Frame 161/234 (Size: 448 bytes)
  {0x01,0xFF,0x01,0xC9,0x00,0x04,0x01,0x7C,0x00,0x05,0x01,0x7D,0x00,0x04,0x01,0x7C,
   0x00,0x04,0x01,0x78,0x00,0x0B,0x01,0x73,0x00,0x0F,0x01,0x6F,0x00,0x12,0x01,0x6D,
   0x00,0x15,0x01,0x6B,0x00,0x15,0x01,0x6A,0x00,0x17,0x01,0x69,0x00,0x18,0x01,0x68,
   0x00,0x18,0x01,0x68,0x00,0x18,0x01,0x67,0x00,0x1A,0x01,0x63,0x00,0x1D,0x01,0x61,
   0x00,0x1F,0x01,0x60,0x00,0x20,0x01,0x60,0x00,0x20,0x01,0x60,0x00,0x20,0x01,0x62,
   0x00,0x1E,0x01,0x62,0x00,0x1E,0x01,0x63,0x00,0x1D,0x01,0x64,0x00,0x1D,0x01,0x63,
   0x00,0x1D,0x01,0x66,0x00,0x1A,0x01,0x66,0x00,0x1A,0x01,0x66,0x00,0x1A,0x01,0x66,
   0x00,0x1A,0x01,0x66,0x00,0x1A,0x01,0x66,0x00,0x1A,0x01,0x66,0x00,0x04,0x01,0x01,
   0x00,0x15,0x01,0x66,0x00,0x04,0x01,0x02,0x00,0x14,0x01,0x66,0x00,0x04,0x01,0x03,
   0x00,0x13,0x01,0x66,0x00,0x04,0x01,0x03,0x00,0x13,0x01,0x66,0x00,0x04,0x01,0x02,
   0x00,0x15,0x01,0x64,0x00,0x1D,0x01,0x5F,0x00,0x22,0x01,0x5C,0x00,0x26,0x01,0x48,
   0x00,0x01,0x01,0x0D,0x00,0x2C,0x01,0x45,0x00,0x3C,0x01,0x3D,0x00,0x01,0x01,0x06,
   0x00,0x3B,0x01,0x3E,0x00,0x42,0x01,0x40,0x00,0x3F,0x01,0x43,0x00,0x3D,0x01,0x44,
   0x00,0x3B,0x01,0x45,0x00,0x3A,0x01,0x46,0x00,0x18,0x01,0x01,0x00,0x21,0x01,0x46,
   0x00,0x10,0x01,0x09,0x00,0x20,0x01,0x48,0x00,0x0D,0x01,0x0A,0x00,0x21,0x01,0x48,
   0x00,0x0B,0x01,0x0C,0x00,0x21,0x01,0x49,0x00,0x08,0x01,0x0E,0x00,0x21,0x01,0x4A,
   0x00,0x06,0x01,0x0F,0x00,0x22,0x01,0x4C,0x00,0x01,0x01,0x11,0x00,0x22,0x01,0x5E,
   0x00,0x23,0x01,0x5D,0x00,0x23,0x01,0x5D,0x00,0x23,0x01,0x5E,0x00,0x22,0x01,0x5F,
   0x00,0x21,0x01,0x60,0x00,0x20,0x01,0x5F,0x00,0x22,0x01,0x5E,0x00,0x22,0x01,0x5E,
   0x00,0x22,0x01,0x5E,0x00,0x22,0x01,0x5E,0x00,0x23,0x01,0x5D,0x00,0x21,0x01,0x5F,
   0x00,0x21,0x01,0x5E,0x00,0x22,0x01,0x5E,0x00,0x22,0x01,0x5E,0x00,0x22,0x01,0x5E,
   0x00,0x23,0x01,0x5D,0x00,0x23,0x01,0x5D,0x00,0x23,0x01,0x5D,0x00,0x23,0x01,0x5D,
   0x00,0x23,0x01,0x5D,0x00,0x23,0x01,0x5D,0x00,0x23,0x01,0x5D,0x00,0x23,0x01,0x5D,
   0x00,0x22,0x01,0x5E,0x00,0x22,0x01,0x5E,0x00,0x22,0x01,0x5E,0x00,0x22,0x01,0x5E,
   0x00,0x21,0x01,0x5F,0x00,0x1E,0x01,0x01,0x00,0x02,0x01,0x5F,0x00,0x1E,0x01,0x01,
   0x00,0x02,0x01,0x5F,0x00,0x1B,0x01,0x01,0x00,0x01,0x01,0x63,0x00,0x1B,0x01,0x01,
   0x00,0x01,0x01,0x63,0x00,0x1B,0x01,0x65,0x00,0x1B,0x01,0x64,0x00,0x1C,0x01,0x64,
   0x00,0x1C,0x01,0x64,0x00,0x1D,0x01,0x63,0x00,0x1D,0x01,0x63,0x00,0x1D,0x01,0x27},
  // Frame 162/234 (Size: 468 bytes)
  {0x01,0xFF,0x01,0xFF,0x01,0xFF,0x01,0x4B,0x00,0x04,0x01,0x7D,0x00,0x04,0x01,0x7E,
   0x00,0x03,0x01,0x7C,0x00,0x08,0x01,0x75,0x00,0x0E,0x01,0x70,0x00,0x12,0x01,0x6C,
   0x00,0x15,0x01,0x6B,0x00,0x16,0x01,0x69,0x00,0x18,0x01,0x68,0x00,0x19,0x01,0x66,
   0x00,0x1A,0x01,0x66,0x00,0x1A,0x01,0x66,0x00,0x1B,0x01,0x65,0x00,0x1B,0x01,0x65,
   0x00,0x1B,0x01,0x64,0x00,0x1C,0x01,0x64,0x00,0x1C,0x01,0x63,0x00,0x1D,0x01,0x62,
   0x00,0x1F,0x01,0x5E,0x00,0x22,0x01,0x5E,0x00,0x22,0x01,0x5E,0x00,0x22,0x01,0x61,
   0x00,0x20,0x01,0x62,0x00,0x1E,0x01,0x63,0x00,0x1D,0x01,0x65,0x00,0x1B,0x01,0x65,
   0x00,0x1B,0x01,0x65,0x00,0x1B,0x01,0x66,0x00,0x1A,0x01,0x66,0x00,0x1B,0x01,0x65,
   0x00,0x1B,0x01,0x65,0x00,0x1B,0x01,0x65,0x00,0x1B,0x01,0x65,0x00,0x05,0x01,0x03,
   0x00,0x13,0x01,0x65,0x00,0x05,0x01,0x02,0x00,0x14,0x01,0x65,0x00,0x1B,0x01,0x65,
   0x00,0x1B,0x01,0x65,0x00,0x1C,0x01,0x64,0x00,0x1D,0x01,0x61,0x00,0x20,0x01,0x60,
   0x00,0x20,0x01,0x5F,0x00,0x20,0x01,0x5F,0x00,0x21,0x01,0x5E,0x00,0x21,0x01,0x5E,
   0x00,0x23,0x01,0x5B,0x00,0x25,0x01,0x59,0x00,0x27,0x01,0x57,0x00,0x29,0x01,0x54,
   0x00,0x2D,0x01,0x52,0x00,0x2E,0x01,0x52,0x00,0x2E,0x01,0x51,0x00,0x30,0x01,0x50,
   0x00,0x30,0x01,0x50,0x00,0x30,0x01,0x50,0x00,0x31,0x01,0x4D,0x00,0x33,0x01,0x4E,
   0x00,0x01,0x01,0x01,0x00,0x30,0x01,0x51,0x00,0x30,0x01,0x51,0x00,0x08,0x01,0x02,
   0x00,0x25,0x01,0x52,0x00,0x06,0x01,0x03,0x00,0x25,0x01,0x5C,0x00,0x24,0x01,0x5C,
   0x00,0x25,0x01,0x5A,0x00,0x26,0x01,0x5A,0x00,0x26,0x01,0x59,0x00,0x28,0x01,0x57,
   0x00,0x29,0x01,0x57,0x00,0x28,0x01,0x57,0x00,0x29,0x01,0x56,0x00,0x2A,0x01,0x56,
   0x00,0x2A,0x01,0x55,0x00,0x2C,0x01,0x53,0x00,0x2D,0x01,0x54,0x00,0x03,0x01,0x01,
   0x00,0x28,0x01,0x58,0x00,0x28,0x01,0x58,0x00,0x28,0x01,0x58,0x00,0x28,0x01,0x58,
   0x00,0x29,0x01,0x57,0x00,0x29,0x01,0x57,0x00,0x29,0x01,0x57,0x00,0x29,0x01,0x57,
   0x00,0x29,0x01,0x57,0x00,0x19,0x01,0x01,0x00,0x0F,0x01,0x57,0x00,0x19,0x01,0x01,
   0x00,0x0F,0x01,0x57,0x00,0x19,0x01,0x02,0x00,0x0D,0x01,0x58,0x00,0x19,0x01,0x02,
   0x00,0x07,0x01,0x01,0x00,0x02,0x01,0x01,0x00,0x02,0x01,0x58,0x00,0x19,0x01,0x03,
   0x00,0x01,0x01,0x01,0x00,0x04,0x01,0x01,0x00,0x02,0x01,0x02,0x00,0x01,0x01,0x57,
   0x00,0x1A,0x01,0x03,0x00,0x01,0x01,0x02,0x00,0x03,0x01,0x01,0x00,0x02,0x01,0x02,
   0x00,0x01,0x01,0x57,0x00,0x1A,0x01,0x06,0x00,0x03,0x01,0x01,0x00,0x02,0x01,0x02,
   0x00,0x01,0x01,0x57,0x00,0x1A,0x01,0x06,0x00,0x03,0x01,0x5D,0x00,0x1B,0x01,0x07,
   0x00,0x01,0x01,0x1F},
  // Frame 163/234 (Size: 384 bytes)
  {0x01,0xFF,0x01,0xFF,0x01,0xFF,0x01,0xCC,0x00,0x04,0x01,0x7D,0x00,0x04,0x01,0x7D,
   0x00,0x09,0x01,0x76,0x00,0x0F,0x01,0x6E,0x00,0x14,0x01,0x6B,0x00,0x17,0x01,0x68,
   0x00,0x19,0x01,0x66,0x00,0x1B,0x01,0x64,0x00,0x1D,0x01,0x63,0x00,0x1D,0x01,0x63,
   0x00,0x1E,0x01,0x62,0x00,0x1E,0x01,0x61,0x00,0x1F,0x01,0x61,0x00,0x1F,0x01,0x62,
   0x00,0x1E,0x01,0x62,0x00,0x1E,0x01,0x62,0x00,0x1E,0x01,0x61,0x00,0x1F,0x01,0x5F,
   0x00,0x22,0x01,0x5D,0x00,0x23,0x01,0x59,0x00,0x27,0x01,0x5A,0x00,0x06,0x01,0x01,
   0x00,0x1F,0x01,0x5A,0x00,0x04,0x01,0x03,0x00,0x20,0x01,0x60,0x00,0x22,0x01,0x5E,
   0x00,0x21,0x01,0x60,0x00,0x1F,0x01,0x61,0x00,0x1F,0x01,0x62,0x00,0x1E,0x01,0x63,
   0x00,0x1D,0x01,0x63,0x00,0x1D,0x01,0x63,0x00,0x1D,0x01,0x63,0x00,0x1D,0x01,0x63,
   0x00,0x1D,0x01,0x63,0x00,0x1D,0x01,0x63,0x00,0x1D,0x01,0x63,0x00,0x1D,0x01,0x63,
   0x00,0x1D,0x01,0x63,0x00,0x1D,0x01,0x63,0x00,0x1D,0x01,0x63,0x00,0x1C,0x01,0x64,
   0x00,0x1C,0x01,0x64,0x00,0x1C,0x01,0x64,0x00,0x1C,0x01,0x64,0x00,0x1C,0x01,0x64,
   0x00,0x1C,0x01,0x64,0x00,0x1C,0x01,0x64,0x00,0x1D,0x01,0x63,0x00,0x1D,0x01,0x63,
   0x00,0x1D,0x01,0x62,0x00,0x1E,0x01,0x62,0x00,0x1F,0x01,0x61,0x00,0x1F,0x01,0x61,
   0x00,0x1F,0x01,0x60,0x00,0x20,0x01,0x60,0x00,0x20,0x01,0x5F,0x00,0x22,0x01,0x5E,
   0x00,0x22,0x01,0x5D,0x00,0x23,0x01,0x5C,0x00,0x24,0x01,0x5C,0x00,0x25,0x01,0x5A,
   0x00,0x26,0x01,0x5C,0x00,0x24,0x01,0x5D,0x00,0x23,0x01,0x5C,0x00,0x24,0x01,0x5C,
   0x00,0x24,0x01,0x5C,0x00,0x25,0x01,0x5A,0x00,0x26,0x01,0x5A,0x00,0x26,0x01,0x59,
   0x00,0x27,0x01,0x59,0x00,0x27,0x01,0x58,0x00,0x28,0x01,0x58,0x00,0x28,0x01,0x58,
   0x00,0x28,0x01,0x57,0x00,0x29,0x01,0x57,0x00,0x28,0x01,0x58,0x00,0x28,0x01,0x58,
   0x00,0x28,0x01,0x59,0x00,0x27,0x01,0x59,0x00,0x27,0x01,0x59,0x00,0x26,0x01,0x5A,
   0x00,0x26,0x01,0x59,0x00,0x27,0x01,0x59,0x00,0x03,0x01,0x01,0x00,0x23,0x01,0x59,
   0x00,0x02,0x01,0x02,0x00,0x23,0x01,0x59,0x00,0x01,0x01,0x03,0x00,0x23,0x01,0x5D,
   0x00,0x23,0x01,0x5D,0x00,0x23,0x01,0x5D,0x00,0x23,0x01,0x5D,0x00,0x23,0x01,0x1B},
  // Frame 164/234 (Size: 374 bytes)
  {0x01,0xFF,0x01,0xFF,0x01,0xFF,0x01,0xFF,0x01,0xCC,0x00,0x02,0x01,0x7E,0x00,0x04,
   0x01,0x7D,0x00,0x04,0x01,0x7D,0x00,0x0D,0x01,0x71,0x00,0x12,0x01,0x6C,0x00,0x16,
   0x01,0x69,0x00,0x18,0x01,0x67,0x00,0x1A,0x01,0x65,0x00,0x1C,0x01,0x64,0x00,0x1C,
   0x01,0x64,0x00,0x1D,0x01,0x62,0x00,0x1E,0x01,0x62,0x00,0x1F,0x01,0x60,0x00,0x20,
   0x01,0x60,0x00,0x20,0x01,0x61,0x00,0x1F,0x01,0x62,0x00,0x1E,0x01,0x61,0x00,0x1F,
   0x01,0x61,0x00,0x1F,0x01,0x60,0x00,0x20,0x01,0x5F,0x00,0x22,0x01,0x5C,0x00,0x24,
   0x01,0x5A,0x00,0x27,0x01,0x59,0x00,0x06,0x01,0x01,0x00,0x21,0x01,0x5B,0x00,0x02,
   0x01,0x02,0x00,0x21,0x01,0x60,0x00,0x1E,0x01,0x62,0x00,0x1E,0x01,0x64,0x00,0x1D,
   0x01,0x63,0x00,0x1D,0x01,0x64,0x00,0x1C,0x01,0x64,0x00,0x1C,0x01,0x64,0x00,0x1C,
   0x01,0x64,0x00,0x1C,0x01,0x64,0x00,0x1C,0x01,0x64,0x00,0x1C,0x01,0x64,0x00,0x1C,
   0x01,0x65,0x00,0x1B,0x01,0x65,0x00,0x1B,0x01,0x65,0x00,0x1B,0x01,0x64,0x00,0x1C,
   0x01,0x64,0x00,0x1B,0x01,0x65,0x00,0x1B,0x01,0x65,0x00,0x1B,0x01,0x64,0x00,0x1C,
   0x01,0x64,0x00,0x1C,0x01,0x64,0x00,0x1D,0x01,0x63,0x00,0x1D,0x01,0x61,0x00,0x1F,
   0x01,0x60,0x00,0x20,0x01,0x5F,0x00,0x21,0x01,0x5E,0x00,0x23,0x01,0x5C,0x00,0x24,
   0x01,0x5B,0x00,0x25,0x01,0x5B,0x00,0x25,0x01,0x5B,0x00,0x25,0x01,0x5B,0x00,0x26,
   0x01,0x5B,0x00,0x25,0x01,0x5C,0x00,0x24,0x01,0x5C,0x00,0x24,0x01,0x5B,0x00,0x25,
   0x01,0x5B,0x00,0x26,0x01,0x59,0x00,0x27,0x01,0x59,0x00,0x27,0x01,0x59,0x00,0x27,
   0x01,0x58,0x00,0x28,0x01,0x58,0x00,0x28,0x01,0x58,0x00,0x28,0x01,0x57,0x00,0x29,
   0x01,0x57,0x00,0x29,0x01,0x57,0x00,0x29,0x01,0x57,0x00,0x29,0x01,0x56,0x00,0x2A,
   0x01,0x56,0x00,0x2A,0x01,0x56,0x00,0x29,0x01,0x56,0x00,0x2A,0x01,0x56,0x00,0x2A,
   0x01,0x56,0x00,0x2A,0x01,0x56,0x00,0x29,0x01,0x56,0x00,0x2A,0x01,0x56,0x00,0x2A,
   0x01,0x56,0x00,0x29,0x01,0x57,0x00,0x29,0x01,0x57,0x00,0x29,0x01,0x57,0x00,0x29,
   0x01,0x57,0x00,0x29,0x01,0x58,0x00,0x03,0x01,0x02,0x00,0x22,0x01,0x58,0x00,0x03,
   0x01,0x04,0x00,0x21,0x01,0x1E},
  // Frame 165/234 (Size: 438 bytes)
  {0x01,0xFF,0x01,0xFF,0x01,0xFF,0x01,0xFF,0x01,0xC8,0x00,0x03,0x01,0x7E,0x00,0x03,
   0x01,0x7E,0x00,0x03,0x01,0x01,0x00,0x05,0x01,0x77,0x00,0x0E,0x01,0x70,0x00,0x13,
   0x01,0x6C,0x00,0x16,0x01,0x69,0x00,0x18,0x01,0x67,0x00,0x1A,0x01,0x65,0x00,0x1B,
   0x01,0x65,0x00,0x1C,0x01,0x64,0x00,0x1D,0x01,0x62,0x00,0x1E,0x01,0x62,0x00,0x1E,
   0x01,0x61,0x00,0x1F,0x01,0x62,0x00,0x1E,0x01,0x63,0x00,0x1D,0x01,0x63,0x00,0x1D,
   0x01,0x62,0x00,0x1F,0x01,0x60,0x00,0x20,0x01,0x5E,0x00,0x22,0x01,0x5B,0x00,0x26,
   0x01,0x5A,0x00,0x26,0x01,0x5B,0x00,0x03,0x01,0x03,0x00,0x21,0x01,0x5F,0x00,0x20,
   0x01,0x61,0x00,0x1E,0x01,0x62,0x00,0x1F,0x01,0x62,0x00,0x1E,0x01,0x64,0x00,0x1C,
   0x01,0x64,0x00,0x1C,0x01,0x64,0x00,0x1C,0x01,0x64,0x00,0x1C,0x01,0x65,0x00,0x1B,
   0x01,0x65,0x00,0x1B,0x01,0x65,0x00,0x1B,0x01,0x65,0x00,0x1C,0x01,0x64,0x00,0x1C,
   0x01,0x64,0x00,0x1C,0x01,0x64,0x00,0x1C,0x01,0x64,0x00,0x1C,0x01,0x65,0x00,0x1B,
   0x01,0x64,0x00,0x1C,0x01,0x64,0x00,0x1C,0x01,0x63,0x00,0x1E,0x01,0x62,0x00,0x1E,
   0x01,0x62,0x00,0x1E,0x01,0x61,0x00,0x20,0x01,0x60,0x00,0x20,0x01,0x60,0x00,0x20,
   0x01,0x5F,0x00,0x22,0x01,0x5E,0x00,0x22,0x01,0x5D,0x00,0x23,0x01,0x5C,0x00,0x25,
   0x01,0x5B,0x00,0x25,0x01,0x5A,0x00,0x26,0x01,0x5A,0x00,0x27,0x01,0x58,0x00,0x28,
   0x01,0x57,0x00,0x29,0x01,0x56,0x00,0x2B,0x01,0x54,0x00,0x2C,0x01,0x53,0x00,0x2D,
   0x01,0x52,0x00,0x2E,0x01,0x51,0x00,0x30,0x01,0x4F,0x00,0x31,0x01,0x4E,0x00,0x32,
   0x01,0x4D,0x00,0x33,0x01,0x4C,0x00,0x35,0x01,0x4A,0x00,0x35,0x01,0x4A,0x00,0x36,
   0x01,0x49,0x00,0x37,0x01,0x48,0x00,0x38,0x01,0x48,0x00,0x38,0x01,0x48,0x00,0x38,
   0x01,0x48,0x00,0x38,0x01,0x47,0x00,0x38,0x01,0x48,0x00,0x38,0x01,0x49,0x00,0x37,
   0x01,0x49,0x00,0x37,0x01,0x49,0x00,0x03,0x01,0x02,0x00,0x0A,0x01,0x01,0x00,0x27,
   0x01,0x49,0x00,0x03,0x01,0x02,0x00,0x0A,0x01,0x01,0x00,0x27,0x01,0x48,0x00,0x03,
   0x01,0x04,0x00,0x09,0x01,0x01,0x00,0x27,0x01,0x48,0x00,0x03,0x01,0x05,0x00,0x07,
   0x01,0x02,0x00,0x27,0x01,0x48,0x00,0x02,0x01,0x06,0x00,0x07,0x01,0x02,0x00,0x27,
   0x01,0x47,0x00,0x03,0x01,0x07,0x00,0x05,0x01,0x03,0x00,0x27,0x01,0x47,0x00,0x02,
   0x01,0x09,0x00,0x04,0x01,0x03,0x00,0x26,0x01,0x47,0x00,0x03,0x01,0x09,0x00,0x04,
   0x01,0x03,0x00,0x26,0x01,0x54,0x00,0x02,0x01,0x04,0x00,0x26,0x01,0x55,0x00,0x01,
   0x01,0x04,0x00,0x26,0x01,0x1A},
  // Frame 166/234 (Size: 480 bytes)
  {0x01,0xFF,0x01,0xFF,0x01,0xFF,0x01,0xFF,0x01,0xFF,0x01,0x4A,0x00,0x02,0x01,0x7E,
   0x00,0x03,0x01,0x7E,0x00,0x03,0x01,0x03,0x00,0x02,0x01,0x79,0x00,0x0D,0x01,0x72,
   0x00,0x11,0x01,0x6E,0x00,0x14,0x01,0x6A,0x00,0x17,0x01,0x69,0x00,0x18,0x01,0x67,
   0x00,0x1A,0x01,0x65,0x00,0x1C,0x01,0x64,0x00,0x1D,0x01,0x63,0x00,0x1D,0x01,0x63,
   0x00,0x1D,0x01,0x61,0x00,0x1F,0x01,0x62,0x00,0x1E,0x01,0x63,0x00,0x1D,0x01,0x63,
   0x00,0x1D,0x01,0x62,0x00,0x1E,0x01,0x61,0x00,0x1F,0x01,0x60,0x00,0x20,0x01,0x5F,
   0x00,0x22,0x01,0x5C,0x00,0x24,0x01,0x5D,0x00,0x03,0x01,0x02,0x00,0x20,0x01,0x60,
   0x00,0x21,0x01,0x60,0x00,0x1D,0x01,0x01,0x00,0x01,0x01,0x62,0x00,0x1C,0x01,0x64,
   0x00,0x1C,0x01,0x66,0x00,0x1A,0x01,0x66,0x00,0x1A,0x01,0x66,0x00,0x1A,0x01,0x66,
   0x00,0x1A,0x01,0x66,0x00,0x1A,0x01,0x66,0x00,0x1A,0x01,0x66,0x00,0x1A,0x01,0x66,
   0x00,0x1A,0x01,0x66,0x00,0x1A,0x01,0x66,0x00,0x1A,0x01,0x66,0x00,0x1A,0x01,0x66,
   0x00,0x1A,0x01,0x65,0x00,0x1B,0x01,0x64,0x00,0x1C,0x01,0x64,0x00,0x1C,0x01,0x62,
   0x00,0x20,0x01,0x5E,0x00,0x21,0x01,0x5D,0x00,0x23,0x01,0x5C,0x00,0x24,0x01,0x5A,
   0x00,0x26,0x01,0x57,0x00,0x2A,0x01,0x54,0x00,0x2C,0x01,0x53,0x00,0x2D,0x01,0x51,
   0x00,0x30,0x01,0x4E,0x00,0x32,0x01,0x4C,0x00,0x34,0x01,0x4A,0x00,0x37,0x01,0x47,
   0x00,0x39,0x01,0x46,0x00,0x3A,0x01,0x45,0x00,0x3C,0x01,0x43,0x00,0x3D,0x01,0x42,
   0x00,0x18,0x01,0x02,0x00,0x24,0x01,0x42,0x00,0x16,0x01,0x04,0x00,0x25,0x01,0x41,
   0x00,0x14,0x01,0x07,0x00,0x24,0x01,0x41,0x00,0x14,0x01,0x08,0x00,0x23,0x01,0x41,
   0x00,0x13,0x01,0x09,0x00,0x24,0x01,0x3F,0x00,0x04,0x01,0x01,0x00,0x0E,0x01,0x0A,
   0x00,0x24,0x01,0x3F,0x00,0x04,0x01,0x02,0x00,0x0C,0x01,0x0B,0x00,0x24,0x01,0x3E,
   0x00,0x04,0x01,0x03,0x00,0x0B,0x01,0x0C,0x00,0x24,0x01,0x3E,0x00,0x03,0x01,0x04,
   0x00,0x0A,0x01,0x0D,0x00,0x24,0x01,0x3E,0x00,0x03,0x01,0x04,0x00,0x09,0x01,0x0D,
   0x00,0x25,0x01,0x3D,0x00,0x03,0x01,0x05,0x00,0x09,0x01,0x0D,0x00,0x25,0x01,0x3D,
   0x00,0x02,0x01,0x07,0x00,0x07,0x01,0x0E,0x00,0x01,0x01,0x01,0x00,0x23,0x01,0x3C,
   0x00,0x03,0x01,0x07,0x00,0x06,0x01,0x0E,0x00,0x02,0x01,0x01,0x00,0x23,0x01,0x3D,
   0x00,0x01,0x01,0x08,0x00,0x05,0x01,0x0F,0x00,0x26,0x01,0x46,0x00,0x04,0x01,0x10,
   0x00,0x26,0x01,0x46,0x00,0x03,0x01,0x11,0x00,0x26,0x01,0x47,0x00,0x02,0x01,0x11,
   0x00,0x26,0x01,0x5A,0x00,0x26,0x01,0x5A,0x00,0x26,0x01,0x5B,0x00,0x25,0x01,0x5B,
   0x00,0x25,0x01,0x5A,0x00,0x26,0x01,0x5A,0x00,0x26,0x01,0x5C,0x00,0x24,0x01,0x5C,
   0x00,0x24,0x01,0x5C,0x00,0x24,0x01,0x5C,0x00,0x24,0x01,0x5B,0x00,0x25,0x01,0x1A},
  // Frame 167/234 (Size: 488 bytes)
  {0x01,0xFF,0x01,0xFF,0x01,0xFF,0x01,0x4D,0x00,0x01,0x01,0x7E,0x00,0x03,0x01,0x7D,
   0x00,0x03,0x01,0x7D,0x00,0x02,0x01,0x02,0x00,0x08,0x01,0x74,0x00,0x0F,0x01,0x70,
   0x00,0x12,0x01,0x6E,0x00,0x14,0x01,0x6B,0x00,0x16,0x01,0x69,0x00,0x18,0x01,0x68,
   0x00,0x19,0x01,0x66,0x00,0x1B,0x01,0x64,0x00,0x1D,0x01,0x62,0x00,0x1E,0x01,0x61,
   0x00,0x20,0x01,0x61,0x00,0x01,0x01,0x01,0x00,0x1D,0x01,0x62,0x00,0x1F,0x01,0x60,
   0x00,0x20,0x01,0x5E,0x00,0x22,0x01,0x5B,0x00,0x24,0x01,0x5B,0x00,0x25,0x01,0x5C,
   0x00,0x24,0x01,0x5E,0x00,0x21,0x01,0x60,0x00,0x20,0x01,0x61,0x00,0x20,0x01,0x62,
   0x00,0x1F,0x01,0x61,0x00,0x20,0x01,0x62,0x00,0x1F,0x01,0x63,0x00,0x1B,0x01,0x65,
   0x00,0x19,0x01,0x66,0x00,0x1A,0x01,0x66,0x00,0x1A,0x01,0x67,0x00,0x19,0x01,0x68,
   0x00,0x17,0x01,0x69,0x00,0x17,0x01,0x69,0x00,0x17,0x01,0x69,0x00,0x17,0x01,0x68,
   0x00,0x18,0x01,0x67,0x00,0x19,0x01,0x5E,0x00,0x22,0x01,0x55,0x00,0x2B,0x01,0x51,
   0x00,0x2E,0x01,0x4D,0x00,0x33,0x01,0x49,0x00,0x37,0x01,0x48,0x00,0x38,0x01,0x46,
   0x00,0x3A,0x01,0x45,0x00,0x3B,0x01,0x44,0x00,0x3C,0x01,0x43,0x00,0x3E,0x01,0x42,
   0x00,0x40,0x01,0x3F,0x00,0x42,0x01,0x3E,0x00,0x05,0x01,0x01,0x00,0x19,0x01,0x05,
   0x00,0x1D,0x01,0x3E,0x00,0x05,0x01,0x02,0x00,0x13,0x01,0x0A,0x00,0x1E,0x01,0x3D,
   0x00,0x05,0x01,0x03,0x00,0x0F,0x01,0x0E,0x00,0x1D,0x01,0x3E,0x00,0x04,0x01,0x04,
   0x00,0x0E,0x01,0x0E,0x00,0x1E,0x01,0x3D,0x00,0x04,0x01,0x05,0x00,0x0C,0x01,0x10,
   0x00,0x1D,0x01,0x3E,0x00,0x03,0x01,0x06,0x00,0x0B,0x01,0x10,0x00,0x1E,0x01,0x3D,
   0x00,0x03,0x01,0x07,0x00,0x09,0x01,0x12,0x00,0x1E,0x01,0x3E,0x00,0x01,0x01,0x08,
   0x00,0x08,0x01,0x12,0x00,0x1F,0x01,0x47,0x00,0x07,0x01,0x13,0x00,0x1F,0x01,0x47,
   0x00,0x05,0x01,0x16,0x00,0x1F,0x01,0x46,0x00,0x04,0x01,0x16,0x00,0x20,0x01,0x46,
   0x00,0x03,0x01,0x17,0x00,0x20,0x01,0x46,0x00,0x01,0x01,0x19,0x00,0x20,0x01,0x60,
   0x00,0x21,0x01,0x5F,0x00,0x21,0x01,0x5E,0x00,0x22,0x01,0x5D,0x00,0x06,0x01,0x01,
   0x00,0x1B,0x01,0x5C,0x00,0x08,0x01,0x01,0x00,0x1B,0x01,0x5B,0x00,0x02,0x01,0x01,
   0x00,0x06,0x01,0x01,0x00,0x1A,0x01,0x5B,0x00,0x02,0x01,0x03,0x00,0x20,0x01,0x5A,
   0x00,0x02,0x01,0x05,0x00,0x1F,0x01,0x5A,0x00,0x01,0x01,0x09,0x00,0x1C,0x01,0x63,
   0x00,0x1D,0x01,0x62,0x00,0x1D,0x01,0x65,0x00,0x1B,0x01,0x65,0x00,0x1B,0x01,0x65,
   0x00,0x1B,0x01,0x65,0x00,0x1A,0x01,0x66,0x00,0x1A,0x01,0x66,0x00,0x1A,0x01,0x66,
   0x00,0x1A,0x01,0x65,0x00,0x1B,0x01,0x65,0x00,0x1A,0x01,0x66,0x00,0x1A,0x01,0x66,
   0x00,0x1A,0x01,0x66,0x00,0x1B,0x01,0x65,0x00,0x1B,0x01,0x65,0x00,0x1B,0x01,0x65,
   0x00,0x1B,0x01,0x65,0x00,0x1B,0x01,0x22},
  // Frame 168/234 (Size: 464 bytes)
  {0x01,0xFF,0x01,0xFF,0x01,0xFF,0x01,0xD3,0x00,0x02,0x01,0x7E,0x00,0x02,0x01,0x7D,
   0x00,0x02,0x01,0x7D,0x00,0x03,0x01,0x01,0x00,0x05,0x01,0x77,0x00,0x0C,0x01,0x73,
   0x00,0x0F,0x01,0x70,0x00,0x12,0x01,0x6D,0x00,0x15,0x01,0x6B,0x00,0x16,0x01,0x69,
   0x00,0x18,0x01,0x67,0x00,0x1A,0x01,0x64,0x00,0x1D,0x01,0x63,0x00,0x1E,0x01,0x65,
   0x00,0x1B,0x01,0x64,0x00,0x1D,0x01,0x61,0x00,0x20,0x01,0x5E,0x00,0x22,0x01,0x5B,
   0x00,0x25,0x01,0x5A,0x00,0x27,0x01,0x5A,0x00,0x26,0x01,0x5A,0x00,0x25,0x01,0x60,
   0x00,0x20,0x01,0x60,0x00,0x20,0x01,0x60,0x00,0x1F,0x01,0x38,0x00,0x01,0x01,0x28,
   0x00,0x1F,0x01,0x38,0x00,0x02,0x01,0x29,0x00,0x1C,0x01,0x3A,0x00,0x05,0x01,0x03,
   0x00,0x05,0x01,0x1E,0x00,0x1C,0x01,0x38,0x00,0x16,0x01,0x16,0x00,0x1B,0x01,0x3A,
   0x00,0x19,0x01,0x11,0x00,0x1D,0x01,0x3B,0x00,0x19,0x01,0x0F,0x00,0x1E,0x01,0x3D,
   0x00,0x18,0x01,0x0E,0x00,0x1E,0x01,0x42,0x00,0x14,0x01,0x0C,0x00,0x1E,0x01,0x43,
   0x00,0x15,0x01,0x09,0x00,0x1C,0x01,0x46,0x00,0x18,0x01,0x06,0x00,0x1C,0x01,0x46,
   0x00,0x1C,0x01,0x02,0x00,0x1C,0x01,0x46,0x00,0x3A,0x01,0x46,0x00,0x3A,0x01,0x46,
   0x00,0x3A,0x01,0x46,0x00,0x3A,0x01,0x46,0x00,0x3A,0x01,0x46,0x00,0x3A,0x01,0x46,
   0x00,0x39,0x01,0x47,0x00,0x39,0x01,0x47,0x00,0x07,0x01,0x07,0x00,0x2B,0x01,0x47,
   0x00,0x05,0x01,0x0D,0x00,0x27,0x01,0x47,0x00,0x04,0x01,0x12,0x00,0x23,0x01,0x47,
   0x00,0x02,0x01,0x17,0x00,0x20,0x01,0x62,0x00,0x1E,0x01,0x61,0x00,0x1F,0x01,0x61,
   0x00,0x1F,0x01,0x60,0x00,0x20,0x01,0x60,0x00,0x20,0x01,0x5F,0x00,0x21,0x01,0x5F,
   0x00,0x22,0x01,0x5D,0x00,0x23,0x01,0x5D,0x00,0x23,0x01,0x5C,0x00,0x24,0x01,0x5C,
   0x00,0x24,0x01,0x5C,0x00,0x24,0x01,0x5B,0x00,0x25,0x01,0x5B,0x00,0x25,0x01,0x5B,
   0x00,0x25,0x01,0x5C,0x00,0x24,0x01,0x5B,0x00,0x26,0x01,0x5B,0x00,0x25,0x01,0x5C,
   0x00,0x24,0x01,0x5D,0x00,0x23,0x01,0x5D,0x00,0x22,0x01,0x5E,0x00,0x22,0x01,0x5E,
   0x00,0x22,0x01,0x5E,0x00,0x22,0x01,0x5D,0x00,0x23,0x01,0x5D,0x00,0x23,0x01,0x5C,
   0x00,0x24,0x01,0x5B,0x00,0x02,0x01,0x01,0x00,0x21,0x01,0x5C,0x00,0x24,0x01,0x5C,
   0x00,0x01,0x01,0x01,0x00,0x22,0x01,0x5B,0x00,0x02,0x01,0x01,0x00,0x22,0x01,0x5B,
   0x00,0x02,0x01,0x01,0x00,0x22,0x01,0x5B,0x00,0x02,0x01,0x02,0x00,0x20,0x01,0x5C,
   0x00,0x02,0x01,0x02,0x00,0x20,0x01,0x5B,0x00,0x03,0x01,0x02,0x00,0x20,0x01,0x5B,
   0x00,0x03,0x01,0x02,0x00,0x20,0x01,0x5F,0x00,0x20,0x01,0x61,0x00,0x1F,0x01,0x61,
   0x00,0x1F,0x01,0x61,0x00,0x1E,0x01,0x62,0x00,0x1D,0x01,0x63,0x00,0x1D,0x01,0x20},
  // Frame 169/234 (Size: 504 bytes)
  {0x01,0xFF,0x01,0xD9,0x00,0x02,0x01,0x7D,0x00,0x03,0x01,0x7C,0x00,0x03,0x01,0x7C,
   0x00,0x03,0x01,0x7C,0x00,0x0A,0x01,0x75,0x00,0x0D,0x01,0x72,0x00,0x10,0x01,0x4B,
   0x00,0x01,0x01,0x23,0x00,0x12,0x01,0x49,0x00,0x02,0x01,0x21,0x00,0x15,0x01,0x47,
   0x00,0x03,0x01,0x1F,0x00,0x18,0x01,0x46,0x00,0x03,0x01,0x1E,0x00,0x1A,0x01,0x44,
   0x00,0x04,0x01,0x1E,0x00,0x1B,0x01,0x43,0x00,0x04,0x01,0x20,0x00,0x1A,0x01,0x42,
   0x00,0x04,0x01,0x1E,0x00,0x1D,0x01,0x41,0x00,0x05,0x01,0x01,0x00,0x02,0x01,0x13,
   0x00,0x24,0x01,0x41,0x00,0x09,0x01,0x12,0x00,0x25,0x01,0x41,0x00,0x08,0x01,0x12,
   0x00,0x25,0x01,0x41,0x00,0x09,0x01,0x11,0x00,0x25,0x01,0x42,0x00,0x08,0x01,0x14,
   0x00,0x23,0x01,0x42,0x00,0x07,0x01,0x15,0x00,0x22,0x01,0x43,0x00,0x09,0x01,0x12,
   0x00,0x22,0x01,0x44,0x00,0x0B,0x01,0x10,0x00,0x21,0x01,0x44,0x00,0x0C,0x01,0x0F,
   0x00,0x22,0x01,0x43,0x00,0x0E,0x01,0x0D,0x00,0x21,0x01,0x44,0x00,0x0F,0x01,0x0D,
   0x00,0x20,0x01,0x44,0x00,0x10,0x01,0x0D,0x00,0x1F,0x01,0x44,0x00,0x11,0x01,0x0C,
   0x00,0x1E,0x01,0x44,0x00,0x13,0x01,0x0A,0x00,0x1F,0x01,0x44,0x00,0x14,0x01,0x08,
   0x00,0x1F,0x01,0x45,0x00,0x15,0x01,0x08,0x00,0x1E,0x01,0x45,0x00,0x17,0x01,0x06,
   0x00,0x1E,0x01,0x45,0x00,0x19,0x01,0x04,0x00,0x1E,0x01,0x45,0x00,0x1A,0x01,0x04,
   0x00,0x1D,0x01,0x45,0x00,0x1C,0x01,0x02,0x00,0x1D,0x01,0x45,0x00,0x3B,0x01,0x45,
   0x00,0x3C,0x01,0x44,0x00,0x06,0x01,0x02,0x00,0x33,0x01,0x45,0x00,0x04,0x01,0x07,
   0x00,0x30,0x01,0x45,0x00,0x02,0x01,0x0A,0x00,0x2F,0x01,0x52,0x00,0x2D,0x01,0x55,
   0x00,0x2B,0x01,0x57,0x00,0x29,0x01,0x59,0x00,0x27,0x01,0x5B,0x00,0x25,0x01,0x5D,
   0x00,0x23,0x01,0x5E,0x00,0x22,0x01,0x5F,0x00,0x21,0x01,0x5E,0x00,0x22,0x01,0x5E,
   0x00,0x22,0x01,0x5D,0x00,0x23,0x01,0x5D,0x00,0x23,0x01,0x5C,0x00,0x24,0x01,0x5B,
   0x00,0x25,0x01,0x5B,0x00,0x25,0x01,0x5A,0x00,0x27,0x01,0x59,0x00,0x27,0x01,0x58,
   0x00,0x28,0x01,0x58,0x00,0x29,0x01,0x57,0x00,0x29,0x01,0x57,0x00,0x29,0x01,0x57,
   0x00,0x29,0x01,0x57,0x00,0x2A,0x01,0x56,0x00,0x2A,0x01,0x57,0x00,0x29,0x01,0x57,
   0x00,0x29,0x01,0x57,0x00,0x2A,0x01,0x55,0x00,0x2B,0x01,0x55,0x00,0x2B,0x01,0x55,
   0x00,0x2B,0x01,0x54,0x00,0x2D,0x01,0x52,0x00,0x2E,0x01,0x52,0x00,0x2E,0x01,0x51,
   0x00,0x30,0x01,0x50,0x00,0x30,0x01,0x4F,0x00,0x02,0x01,0x01,0x00,0x2E,0x01,0x53,
   0x00,0x2D,0x01,0x54,0x00,0x2C,0x01,0x54,0x00,0x2C,0x01,0x54,0x00,0x2C,0x01,0x54,
   0x00,0x2D,0x01,0x52,0x00,0x2E,0x01,0x52,0x00,0x2E,0x01,0x52,0x00,0x2E,0x01,0x52,
   0x00,0x2E,0x01,0x52,0x00,0x2E,0x01,0x52,0x00,0x2E,0x01,0x52,0x00,0x2D,0x01,0x53,
   0x00,0x2D,0x01,0x53,0x00,0x2E,0x01,0x52,0x00,0x2E,0x01,0x52,0x00,0x2E,0x01,0x52,
   0x00,0x2D,0x01,0x53,0x00,0x2D,0x01,0x12},
  // Frame 170/234 (Size: 544 bytes)
  {0x01,0xFF,0x01,0xFF,0x01,0xFF,0x01,0x64,0x00,0x02,0x01,0x7E,0x00,0x03,0x01,0x7C,
   0x00,0x03,0x01,0x7C,0x00,0x04,0x01,0x7A,0x00,0x06,0x01,0x77,0x00,0x0C,0x01,0x73,
   0x00,0x0F,0x01,0x6C,0x00,0x01,0x01,0x02,0x00,0x12,0x01,0x6A,0x00,0x17,0x01,0x6A,
   0x00,0x17,0x01,0x61,0x00,0x02,0x01,0x07,0x00,0x17,0x01,0x4B,0x00,0x02,0x01,0x12,
   0x00,0x22,0x01,0x49,0x00,0x03,0x01,0x12,0x00,0x23,0x01,0x46,0x00,0x05,0x01,0x12,
   0x00,0x24,0x01,0x44,0x00,0x06,0x01,0x13,0x00,0x23,0x01,0x43,0x00,0x07,0x01,0x13,
   0x00,0x24,0x01,0x42,0x00,0x06,0x01,0x01,0x00,0x01,0x01,0x12,0x00,0x24,0x01,0x41,
   0x00,0x0A,0x01,0x11,0x00,0x25,0x01,0x40,0x00,0x0A,0x01,0x11,0x00,0x25,0x01,0x40,
   0x00,0x0A,0x01,0x11,0x00,0x25,0x01,0x40,0x00,0x0A,0x01,0x13,0x00,0x23,0x01,0x40,
   0x00,0x0B,0x01,0x13,0x00,0x22,0x01,0x41,0x00,0x0A,0x01,0x13,0x00,0x22,0x01,0x41,
   0x00,0x09,0x01,0x14,0x00,0x22,0x01,0x41,0x00,0x09,0x01,0x16,0x00,0x20,0x01,0x42,
   0x00,0x08,0x01,0x15,0x00,0x21,0x01,0x42,0x00,0x07,0x01,0x14,0x00,0x23,0x01,0x43,
   0x00,0x07,0x01,0x13,0x00,0x23,0x01,0x43,0x00,0x08,0x01,0x13,0x00,0x21,0x01,0x44,
   0x00,0x09,0x01,0x11,0x00,0x22,0x01,0x45,0x00,0x0A,0x01,0x10,0x00,0x20,0x01,0x46,
   0x00,0x0B,0x01,0x0F,0x00,0x20,0x01,0x47,0x00,0x0B,0x01,0x0E,0x00,0x20,0x01,0x47,
   0x00,0x0C,0x01,0x0D,0x00,0x20,0x01,0x47,0x00,0x0C,0x01,0x0D,0x00,0x20,0x01,0x46,
   0x00,0x0E,0x01,0x0C,0x00,0x20,0x01,0x46,0x00,0x0E,0x01,0x0B,0x00,0x20,0x01,0x46,
   0x00,0x0F,0x01,0x08,0x00,0x01,0x01,0x02,0x00,0x20,0x01,0x46,0x00,0x14,0x01,0x03,
   0x00,0x23,0x01,0x46,0x00,0x3A,0x01,0x45,0x00,0x3B,0x01,0x45,0x00,0x3B,0x01,0x45,
   0x00,0x3B,0x01,0x45,0x00,0x3B,0x01,0x44,0x00,0x03,0x01,0x03,0x00,0x36,0x01,0x44,
   0x00,0x02,0x01,0x05,0x00,0x35,0x01,0x44,0x00,0x01,0x01,0x07,0x00,0x34,0x01,0x4D,
   0x00,0x32,0x01,0x4F,0x00,0x31,0x01,0x52,0x00,0x2E,0x01,0x55,0x00,0x2B,0x01,0x57,
   0x00,0x29,0x01,0x56,0x00,0x2A,0x01,0x55,0x00,0x2B,0x01,0x54,0x00,0x2C,0x01,0x54,
   0x00,0x2C,0x01,0x53,0x00,0x2E,0x01,0x52,0x00,0x2E,0x01,0x51,0x00,0x2F,0x01,0x51,
   0x00,0x2F,0x01,0x52,0x00,0x2F,0x01,0x51,0x00,0x2F,0x01,0x51,0x00,0x2F,0x01,0x51,
   0x00,0x2F,0x01,0x52,0x00,0x2F,0x01,0x50,0x00,0x30,0x01,0x50,0x00,0x30,0x01,0x51,
   0x00,0x2F,0x01,0x51,0x00,0x30,0x01,0x4F,0x00,0x31,0x01,0x4E,0x00,0x32,0x01,0x4D,
   0x00,0x34,0x01,0x4B,0x00,0x35,0x01,0x4B,0x00,0x35,0x01,0x4A,0x00,0x02,0x01,0x01,
   0x00,0x34,0x01,0x49,0x00,0x02,0x01,0x01,0x00,0x34,0x01,0x48,0x00,0x02,0x01,0x01,
   0x00,0x35,0x01,0x48,0x00,0x02,0x01,0x01,0x00,0x35,0x01,0x4A,0x00,0x02,0x01,0x02,
   0x00,0x33,0x01,0x4E,0x00,0x01,0x01,0x01,0x00,0x30,0x01,0x4E,0x00,0x01,0x01,0x01,
   0x00,0x18,0x01,0x01,0x00,0x17,0x01,0x4E,0x00,0x1A,0x01,0x01,0x00,0x17,0x01,0x4D,
   0x00,0x33,0x01,0x4D,0x00,0x34,0x01,0x4C,0x00,0x34,0x01,0x4C,0x00,0x34,0x01,0x4B,
   0x00,0x35,0x01,0x4B,0x00,0x35,0x01,0x4E,0x00,0x32,0x01,0x4E,0x00,0x32,0x01,0x0B},
  // Frame 171/234 (Size: 524 bytes)
  {0x01,0x62,0x00,0x0A,0x01,0x72,0x00,0x0F,0x01,0x6D,0x00,0x16,0x01,0x68,0x00,0x1A,
   0x01,0x64,0x00,0x1E,0x01,0x60,0x00,0x21,0x01,0x5E,0x00,0x23,0x01,0x5C,0x00,0x25,
   0x01,0x5B,0x00,0x26,0x01,0x59,0x00,0x28,0x01,0x57,0x00,0x2A,0x01,0x56,0x00,0x2A,
   0x01,0x56,0x00,0x2B,0x01,0x54,0x00,0x2E,0x01,0x52,0x00,0x2F,0x01,0x51,0x00,0x2D,
   0x01,0x53,0x00,0x2D,0x01,0x4C,0x00,0x34,0x01,0x4B,0x00,0x35,0x01,0x4B,0x00,0x35,
   0x01,0x49,0x00,0x38,0x01,0x47,0x00,0x38,0x01,0x47,0x00,0x39,0x01,0x47,0x00,0x39,
   0x01,0x47,0x00,0x39,0x01,0x47,0x00,0x39,0x01,0x4A,0x00,0x36,0x01,0x49,0x00,0x37,
   0x01,0x4B,0x00,0x36,0x01,0x4B,0x00,0x35,0x01,0x4C,0x00,0x34,0x01,0x4C,0x00,0x35,
   0x01,0x4B,0x00,0x35,0x01,0x4F,0x00,0x31,0x01,0x4F,0x00,0x31,0x01,0x4F,0x00,0x32,
   0x01,0x4F,0x00,0x31,0x01,0x4F,0x00,0x31,0x01,0x50,0x00,0x30,0x01,0x50,0x00,0x31,
   0x01,0x4F,0x00,0x31,0x01,0x4F,0x00,0x31,0x01,0x4F,0x00,0x31,0x01,0x4F,0x00,0x31,
   0x01,0x4F,0x00,0x31,0x01,0x4F,0x00,0x31,0x01,0x4A,0x00,0x01,0x01,0x04,0x00,0x31,
   0x01,0x49,0x00,0x02,0x01,0x05,0x00,0x30,0x01,0x48,0x00,0x03,0x01,0x05,0x00,0x30,
   0x01,0x47,0x00,0x03,0x01,0x06,0x00,0x07,0x01,0x01,0x00,0x28,0x01,0x3E,0x00,0x02,
   0x01,0x07,0x00,0x02,0x01,0x07,0x00,0x07,0x01,0x02,0x00,0x27,0x01,0x3B,0x00,0x07,
   0x01,0x04,0x00,0x03,0x01,0x07,0x00,0x30,0x01,0x3B,0x00,0x07,0x01,0x03,0x00,0x03,
   0x01,0x08,0x00,0x30,0x01,0x3A,0x00,0x09,0x01,0x01,0x00,0x04,0x01,0x08,0x00,0x30,
   0x01,0x39,0x00,0x0E,0x01,0x09,0x00,0x30,0x01,0x39,0x00,0x0E,0x01,0x09,0x00,0x30,
   0x01,0x39,0x00,0x0D,0x01,0x0B,0x00,0x2F,0x01,0x3A,0x00,0x0C,0x01,0x0B,0x00,0x2F,
   0x01,0x3A,0x00,0x0B,0x01,0x0C,0x00,0x2F,0x01,0x39,0x00,0x0B,0x01,0x0C,0x00,0x30,
   0x01,0x39,0x00,0x0B,0x01,0x0C,0x00,0x30,0x01,0x39,0x00,0x0A,0x01,0x0D,0x00,0x30,
   0x01,0x38,0x00,0x0B,0x01,0x0D,0x00,0x30,0x01,0x38,0x00,0x0A,0x01,0x0D,0x00,0x31,
   0x01,0x38,0x00,0x0C,0x01,0x0B,0x00,0x31,0x01,0x38,0x00,0x0E,0x01,0x08,0x00,0x32,
   0x01,0x38,0x00,0x10,0x01,0x05,0x00,0x33,0x01,0x38,0x00,0x11,0x01,0x04,0x00,0x33,
   0x01,0x38,0x00,0x12,0x01,0x02,0x00,0x34,0x01,0x38,0x00,0x13,0x01,0x01,0x00,0x34,
   0x01,0x39,0x00,0x47,0x01,0x3A,0x00,0x46,0x01,0x3A,0x00,0x46,0x01,0x3B,0x00,0x45,
   0x01,0x3C,0x00,0x44,0x01,0x3C,0x00,0x44,0x01,0x3C,0x00,0x44,0x01,0x3C,0x00,0x44,
   0x01,0x3B,0x00,0x45,0x01,0x3B,0x00,0x45,0x01,0x3B,0x00,0x45,0x01,0x3B,0x00,0x45,
   0x01,0x3A,0x00,0x46,0x01,0x3A,0x00,0x46,0x01,0x3A,0x00,0x46,0x01,0x3A,0x00,0x46,
   0x01,0x39,0x00,0x47,0x01,0x39,0x00,0x47,0x01,0x39,0x00,0x47,0x01,0x39,0x00,0x05,
   0x01,0x03,0x00,0x3F,0x01,0x39,0x00,0x04,0x01,0x05,0x00,0x3E,0x01,0x39,0x00,0x03,
   0x01,0x06,0x00,0x3E,0x01,0x39,0x00,0x02,0x01,0x07,0x00,0x3E,0x01,0x39,0x00,0x01,
   0x01,0x08,0x00,0x3E,0x01,0x42,0x00,0x3E,0x01,0x41,0x00,0x3F},
  // Frame 172/234 (Size: 596 bytes)
  {0x01,0x65,0x00,0x13,0x01,0x6A,0x00,0x18,0x01,0x64,0x00,0x1F,0x01,0x5F,0x00,0x22,
   0x01,0x5C,0x00,0x26,0x01,0x58,0x00,0x28,0x01,0x56,0x00,0x2A,0x01,0x55,0x00,0x2B,
   0x01,0x54,0x00,0x2C,0x01,0x53,0x00,0x2D,0x01,0x53,0x00,0x2D,0x01,0x52,0x00,0x2E,
   0x01,0x51,0x00,0x2F,0x01,0x51,0x00,0x2F,0x01,0x51,0x00,0x2F,0x01,0x50,0x00,0x30,
   0x01,0x50,0x00,0x30,0x01,0x50,0x00,0x30,0x01,0x50,0x00,0x30,0x01,0x50,0x00,0x30,
   0x01,0x50,0x00,0x30,0x01,0x4F,0x00,0x31,0x01,0x4B,0x00,0x35,0x01,0x48,0x00,0x38,
   0x01,0x47,0x00,0x39,0x01,0x45,0x00,0x3B,0x01,0x44,0x00,0x3C,0x01,0x43,0x00,0x3D,
   0x01,0x42,0x00,0x3E,0x01,0x42,0x00,0x3E,0x01,0x42,0x00,0x3E,0x01,0x41,0x00,0x3F,
   0x01,0x41,0x00,0x3F,0x01,0x41,0x00,0x3F,0x01,0x41,0x00,0x3F,0x01,0x44,0x00,0x3C,
   0x01,0x44,0x00,0x3C,0x01,0x44,0x00,0x3C,0x01,0x47,0x00,0x39,0x01,0x48,0x00,0x38,
   0x01,0x48,0x00,0x38,0x01,0x48,0x00,0x38,0x01,0x27,0x00,0x03,0x01,0x1F,0x00,0x37,
   0x01,0x27,0x00,0x04,0x01,0x23,0x00,0x32,0x01,0x27,0x00,0x04,0x01,0x24,0x00,0x31,
   0x01,0x27,0x00,0x05,0x01,0x23,0x00,0x31,0x01,0x28,0x00,0x04,0x01,0x23,0x00,0x31,
   0x01,0x29,0x00,0x04,0x01,0x23,0x00,0x30,0x01,0x29,0x00,0x05,0x01,0x22,0x00,0x30,
   0x01,0x2A,0x00,0x05,0x01,0x21,0x00,0x30,0x01,0x2A,0x00,0x06,0x01,0x20,0x00,0x30,
   0x01,0x2B,0x00,0x05,0x01,0x20,0x00,0x30,0x01,0x2B,0x00,0x06,0x01,0x1F,0x00,0x30,
   0x01,0x2B,0x00,0x07,0x01,0x1E,0x00,0x30,0x01,0x26,0x00,0x0C,0x01,0x1E,0x00,0x30,
   0x01,0x26,0x00,0x0D,0x01,0x1D,0x00,0x30,0x01,0x26,0x00,0x0D,0x01,0x1D,0x00,0x30,
   0x01,0x25,0x00,0x0F,0x01,0x1C,0x00,0x30,0x01,0x24,0x00,0x10,0x01,0x1C,0x00,0x08,
   0x01,0x01,0x00,0x27,0x01,0x23,0x00,0x12,0x01,0x1B,0x00,0x08,0x01,0x02,0x00,0x26,
   0x01,0x23,0x00,0x12,0x01,0x1A,0x00,0x09,0x01,0x03,0x00,0x25,0x01,0x23,0x00,0x12,
   0x01,0x1A,0x00,0x09,0x01,0x04,0x00,0x24,0x01,0x23,0x00,0x13,0x01,0x19,0x00,0x09,
   0x01,0x05,0x00,0x23,0x01,0x23,0x00,0x13,0x01,0x19,0x00,0x09,0x01,0x06,0x00,0x22,
   0x01,0x23,0x00,0x13,0x01,0x19,0x00,0x09,0x01,0x02,0x00,0x02,0x01,0x04,0x00,0x20,
   0x01,0x27,0x00,0x0F,0x01,0x19,0x00,0x09,0x01,0x02,0x00,0x03,0x01,0x02,0x00,0x21,
   0x01,0x27,0x00,0x0F,0x01,0x19,0x00,0x09,0x01,0x02,0x00,0x26,0x01,0x28,0x00,0x0E,
   0x01,0x18,0x00,0x0A,0x01,0x01,0x00,0x27,0x01,0x29,0x00,0x0E,0x01,0x17,0x00,0x0A,
   0x01,0x01,0x00,0x27,0x01,0x29,0x00,0x0F,0x01,0x16,0x00,0x0A,0x01,0x01,0x00,0x27,
   0x01,0x2A,0x00,0x0F,0x01,0x15,0x00,0x32,0x01,0x2B,0x00,0x0E,0x01,0x14,0x00,0x33,
   0x01,0x2B,0x00,0x0F,0x01,0x13,0x00,0x33,0x01,0x2C,0x00,0x0F,0x01,0x12,0x00,0x33,
   0x01,0x2C,0x00,0x10,0x01,0x11,0x00,0x33,0x01,0x2D,0x00,0x0F,0x01,0x10,0x00,0x34,
   0x01,0x2E,0x00,0x14,0x01,0x0A,0x00,0x34,0x01,0x2E,0x00,0x17,0x01,0x07,0x00,0x34,
   0x01,0x2F,0x00,0x17,0x01,0x05,0x00,0x35,0x01,0x30,0x00,0x17,0x01,0x04,0x00,0x35,
   0x01,0x30,0x00,0x18,0x01,0x02,0x00,0x36,0x01,0x31,0x00,0x4F,0x01,0x32,0x00,0x4E,
   0x01,0x32,0x00,0x4E,0x01,0x33,0x00,0x4D,0x01,0x34,0x00,0x4C,0x01,0x34,0x00,0x4C,
   0x01,0x35,0x00,0x4B,0x01,0x35,0x00,0x4B,0x01,0x35,0x00,0x4B,0x01,0x35,0x00,0x4B,
   0x01,0x34,0x00,0x4C,0x01,0x34,0x00,0x4C,0x01,0x34,0x00,0x4C,0x01,0x33,0x00,0x4D,
   0x01,0x33,0x00,0x4D},
  // Frame 173/234 (Size: 600 bytes)
  {0x01,0x57,0x00,0x20,0x01,0x5E,0x00,0x24,0x01,0x5B,0x00,0x26,0x01,0x58,0x00,0x29,
   0x01,0x56,0x00,0x2C,0x01,0x53,0x00,0x2E,0x01,0x51,0x00,0x30,0x01,0x4F,0x00,0x32,
   0x01,0x4E,0x00,0x32,0x01,0x4D,0x00,0x33,0x01,0x4D,0x00,0x33,0x01,0x4D,0x00,0x33,
   0x01,0x4C,0x00,0x34,0x01,0x4C,0x00,0x34,0x01,0x4C,0x00,0x34,0x01,0x4C,0x00,0x34,
   0x01,0x4C,0x00,0x34,0x01,0x4C,0x00,0x34,0x01,0x4A,0x00,0x36,0x01,0x48,0x00,0x38,
   0x01,0x46,0x00,0x3A,0x01,0x45,0x00,0x3B,0x01,0x44,0x00,0x3C,0x01,0x44,0x00,0x3C,
   0x01,0x40,0x00,0x01,0x01,0x03,0x00,0x3C,0x01,0x3E,0x00,0x42,0x01,0x3E,0x00,0x42,
   0x01,0x3D,0x00,0x43,0x01,0x3D,0x00,0x43,0x01,0x3D,0x00,0x43,0x01,0x3D,0x00,0x43,
   0x01,0x3D,0x00,0x43,0x01,0x41,0x00,0x3F,0x01,0x41,0x00,0x3F,0x01,0x41,0x00,0x01,
   0x01,0x01,0x00,0x3D,0x01,0x44,0x00,0x3C,0x01,0x45,0x00,0x3B,0x01,0x42,0x00,0x01,
   0x01,0x03,0x00,0x3A,0x01,0x41,0x00,0x03,0x01,0x02,0x00,0x3A,0x01,0x40,0x00,0x04,
   0x01,0x03,0x00,0x01,0x01,0x02,0x00,0x36,0x01,0x40,0x00,0x03,0x01,0x07,0x00,0x36,
   0x01,0x3F,0x00,0x04,0x01,0x08,0x00,0x35,0x01,0x3E,0x00,0x04,0x01,0x09,0x00,0x35,
   0x01,0x3E,0x00,0x04,0x01,0x0A,0x00,0x34,0x01,0x3D,0x00,0x04,0x01,0x0B,0x00,0x34,
   0x01,0x3D,0x00,0x03,0x01,0x0C,0x00,0x34,0x01,0x3C,0x00,0x04,0x01,0x0C,0x00,0x34,
   0x01,0x34,0x00,0x02,0x01,0x05,0x00,0x04,0x01,0x0D,0x00,0x34,0x01,0x31,0x00,0x01,
   0x01,0x01,0x00,0x05,0x01,0x03,0x00,0x04,0x01,0x0E,0x00,0x33,0x01,0x2F,0x00,0x0A,
   0x01,0x01,0x00,0x05,0x01,0x0E,0x00,0x33,0x01,0x2D,0x00,0x11,0x01,0x0F,0x00,0x33,
   0x01,0x2D,0x00,0x11,0x01,0x0F,0x00,0x33,0x01,0x2C,0x00,0x11,0x01,0x10,0x00,0x33,
   0x01,0x2B,0x00,0x13,0x01,0x0F,0x00,0x33,0x01,0x2C,0x00,0x12,0x01,0x0F,0x00,0x33,
   0x01,0x2D,0x00,0x10,0x01,0x10,0x00,0x33,0x01,0x2D,0x00,0x10,0x01,0x10,0x00,0x33,
   0x01,0x2D,0x00,0x10,0x01,0x10,0x00,0x33,0x01,0x2D,0x00,0x10,0x01,0x10,0x00,0x09,
   0x01,0x01,0x00,0x29,0x01,0x2D,0x00,0x10,0x01,0x10,0x00,0x09,0x01,0x02,0x00,0x28,
   0x01,0x2D,0x00,0x0F,0x01,0x11,0x00,0x09,0x01,0x02,0x00,0x28,0x01,0x2D,0x00,0x0F,
   0x01,0x11,0x00,0x09,0x01,0x02,0x00,0x28,0x01,0x2D,0x00,0x0E,0x01,0x12,0x00,0x0A,
   0x01,0x01,0x00,0x28,0x01,0x2D,0x00,0x0E,0x01,0x12,0x00,0x0A,0x01,0x01,0x00,0x28,
   0x01,0x2D,0x00,0x0D,0x01,0x13,0x00,0x33,0x01,0x2D,0x00,0x0D,0x01,0x13,0x00,0x33,
   0x01,0x2D,0x00,0x0D,0x01,0x13,0x00,0x33,0x01,0x2E,0x00,0x0D,0x01,0x12,0x00,0x33,
   0x01,0x2E,0x00,0x0D,0x01,0x12,0x00,0x33,0x01,0x2E,0x00,0x0E,0x01,0x11,0x00,0x33,
   0x01,0x2E,0x00,0x0E,0x01,0x11,0x00,0x33,0x01,0x2F,0x00,0x0E,0x01,0x10,0x00,0x33,
   0x01,0x2F,0x00,0x0F,0x01,0x0E,0x00,0x34,0x01,0x30,0x00,0x0E,0x01,0x0D,0x00,0x35,
   0x01,0x31,0x00,0x0E,0x01,0x0B,0x00,0x36,0x01,0x31,0x00,0x0F,0x01,0x0A,0x00,0x36,
   0x01,0x32,0x00,0x13,0x01,0x04,0x00,0x37,0x01,0x32,0x00,0x15,0x01,0x01,0x00,0x38,
   0x01,0x33,0x00,0x4D,0x01,0x33,0x00,0x4D,0x01,0x34,0x00,0x4C,0x01,0x34,0x00,0x4C,
   0x01,0x34,0x00,0x4C,0x01,0x35,0x00,0x4B,0x01,0x35,0x00,0x4B,0x01,0x36,0x00,0x4A,
   0x01,0x35,0x00,0x4B,0x01,0x35,0x00,0x4B,0x01,0x34,0x00,0x4C,0x01,0x34,0x00,0x4C,
   0x01,0x33,0x00,0x4D,0x01,0x33,0x00,0x4D,0x01,0x32,0x00,0x4E,0x01,0x32,0x00,0x4E,
   0x01,0x32,0x00,0x4E,0x01,0x31,0x00,0x4F},
  // Frame 174/234 (Size: 584 bytes)
  {0x01,0x65,0x00,0x07,0x01,0x75,0x00,0x0C,0x01,0x6E,0x00,0x14,0x01,0x68,0x00,0x1B,
   0x01,0x63,0x00,0x1F,0x01,0x5F,0x00,0x23,0x01,0x5B,0x00,0x26,0x01,0x59,0x00,0x29,
   0x01,0x56,0x00,0x2B,0x01,0x54,0x00,0x2D,0x01,0x53,0x00,0x2E,0x01,0x51,0x00,0x30,
   0x01,0x50,0x00,0x31,0x01,0x4E,0x00,0x32,0x01,0x4E,0x00,0x33,0x01,0x4D,0x00,0x33,
   0x01,0x4D,0x00,0x34,0x01,0x4B,0x00,0x35,0x01,0x4B,0x00,0x35,0x01,0x46,0x00,0x3A,
   0x01,0x44,0x00,0x3C,0x01,0x44,0x00,0x3C,0x01,0x44,0x00,0x3C,0x01,0x45,0x00,0x3B,
   0x01,0x45,0x00,0x3B,0x01,0x3E,0x00,0x04,0x01,0x02,0x00,0x3C,0x01,0x3D,0x00,0x43,
   0x01,0x3D,0x00,0x43,0x01,0x3C,0x00,0x44,0x01,0x3C,0x00,0x44,0x01,0x3C,0x00,0x44,
   0x01,0x3D,0x00,0x43,0x01,0x41,0x00,0x3F,0x01,0x44,0x00,0x3C,0x01,0x45,0x00,0x3B,
   0x01,0x45,0x00,0x3B,0x01,0x45,0x00,0x3B,0x01,0x49,0x00,0x37,0x01,0x49,0x00,0x37,
   0x01,0x49,0x00,0x37,0x01,0x23,0x00,0x03,0x01,0x23,0x00,0x37,0x01,0x23,0x00,0x04,
   0x01,0x23,0x00,0x36,0x01,0x23,0x00,0x05,0x01,0x22,0x00,0x36,0x01,0x24,0x00,0x05,
   0x01,0x21,0x00,0x36,0x01,0x25,0x00,0x04,0x01,0x21,0x00,0x36,0x01,0x25,0x00,0x05,
   0x01,0x20,0x00,0x36,0x01,0x26,0x00,0x05,0x01,0x1F,0x00,0x36,0x01,0x27,0x00,0x05,
   0x01,0x1E,0x00,0x36,0x01,0x28,0x00,0x04,0x01,0x1E,0x00,0x36,0x01,0x28,0x00,0x05,
   0x01,0x1D,0x00,0x36,0x01,0x29,0x00,0x05,0x01,0x1C,0x00,0x36,0x01,0x29,0x00,0x06,
   0x01,0x1A,0x00,0x37,0x01,0x26,0x00,0x0A,0x01,0x19,0x00,0x37,0x01,0x25,0x00,0x0C,
   0x01,0x18,0x00,0x37,0x01,0x25,0x00,0x0C,0x01,0x18,0x00,0x37,0x01,0x24,0x00,0x0E,
   0x01,0x17,0x00,0x37,0x01,0x23,0x00,0x0F,0x01,0x17,0x00,0x08,0x01,0x02,0x00,0x2D,
   0x01,0x22,0x00,0x11,0x01,0x16,0x00,0x08,0x01,0x02,0x00,0x2D,0x01,0x22,0x00,0x11,
   0x01,0x16,0x00,0x08,0x01,0x03,0x00,0x2C,0x01,0x21,0x00,0x12,0x01,0x16,0x00,0x08,
   0x01,0x04,0x00,0x2B,0x01,0x21,0x00,0x12,0x01,0x16,0x00,0x08,0x01,0x05,0x00,0x2A,
   0x01,0x21,0x00,0x13,0x01,0x14,0x00,0x09,0x01,0x07,0x00,0x28,0x01,0x21,0x00,0x13,
   0x01,0x14,0x00,0x09,0x01,0x07,0x00,0x28,0x01,0x21,0x00,0x13,0x01,0x14,0x00,0x09,
   0x01,0x07,0x00,0x27,0x01,0x25,0x00,0x10,0x01,0x14,0x00,0x09,0x01,0x07,0x00,0x27,
   0x01,0x25,0x00,0x10,0x01,0x14,0x00,0x09,0x01,0x06,0x00,0x28,0x01,0x26,0x00,0x0F,
   0x01,0x14,0x00,0x0A,0x01,0x03,0x00,0x2A,0x01,0x27,0x00,0x0F,0x01,0x12,0x00,0x38,
   0x01,0x27,0x00,0x10,0x01,0x11,0x00,0x38,0x01,0x28,0x00,0x10,0x01,0x10,0x00,0x38,
   0x01,0x29,0x00,0x0F,0x01,0x10,0x00,0x38,0x01,0x29,0x00,0x10,0x01,0x0F,0x00,0x38,
   0x01,0x2A,0x00,0x10,0x01,0x0D,0x00,0x38,0x01,0x2C,0x00,0x10,0x01,0x0C,0x00,0x38,
   0x01,0x2D,0x00,0x10,0x01,0x0B,0x00,0x38,0x01,0x2D,0x00,0x10,0x01,0x0B,0x00,0x38,
   0x01,0x2E,0x00,0x10,0x01,0x0A,0x00,0x38,0x01,0x2F,0x00,0x10,0x01,0x08,0x00,0x39,
   0x01,0x30,0x00,0x50,0x01,0x31,0x00,0x4F,0x01,0x31,0x00,0x4F,0x01,0x32,0x00,0x4E,
   0x01,0x33,0x00,0x4D,0x01,0x34,0x00,0x4C,0x01,0x34,0x00,0x4C,0x01,0x35,0x00,0x4B,
   0x01,0x36,0x00,0x4A,0x01,0x37,0x00,0x49,0x01,0x37,0x00,0x49,0x01,0x37,0x00,0x4A,
   0x01,0x36,0x00,0x4A,0x01,0x36,0x00,0x4A,0x01,0x36,0x00,0x4A,0x01,0x35,0x00,0x4C,
   0x01,0x34,0x00,0x4C,0x01,0x34,0x00,0x4C},
  // Frame 175/234 (Size: 616 bytes)
  {0x01,0x56,0x00,0x27,0x01,0x58,0x00,0x29,0x01,0x55,0x00,0x2D,0x01,0x52,0x00,0x2E,
   0x01,0x51,0x00,0x2F,0x01,0x51,0x00,0x2F,0x01,0x50,0x00,0x30,0x01,0x4F,0x00,0x31,
   0x01,0x4F,0x00,0x31,0x01,0x4F,0x00,0x31,0x01,0x4E,0x00,0x32,0x01,0x4E,0x00,0x32,
   0x01,0x4E,0x00,0x32,0x01,0x4E,0x00,0x32,0x01,0x4E,0x00,0x32,0x01,0x4E,0x00,0x32,
   0x01,0x4E,0x00,0x32,0x01,0x4D,0x00,0x33,0x01,0x4D,0x00,0x33,0x01,0x4C,0x00,0x34,
   0x01,0x4B,0x00,0x35,0x01,0x4A,0x00,0x36,0x01,0x49,0x00,0x37,0x01,0x48,0x00,0x38,
   0x01,0x47,0x00,0x39,0x01,0x41,0x00,0x02,0x01,0x02,0x00,0x3B,0x01,0x40,0x00,0x40,
   0x01,0x40,0x00,0x40,0x01,0x40,0x00,0x40,0x01,0x3F,0x00,0x41,0x01,0x40,0x00,0x40,
   0x01,0x40,0x00,0x40,0x01,0x40,0x00,0x03,0x01,0x02,0x00,0x3B,0x01,0x45,0x00,0x3B,
   0x01,0x48,0x00,0x38,0x01,0x49,0x00,0x37,0x01,0x4A,0x00,0x36,0x01,0x3D,0x00,0x03,
   0x01,0x0A,0x00,0x36,0x01,0x3C,0x00,0x04,0x01,0x0B,0x00,0x35,0x01,0x3C,0x00,0x04,
   0x01,0x0D,0x00,0x33,0x01,0x3B,0x00,0x05,0x01,0x0E,0x00,0x32,0x01,0x3B,0x00,0x04,
   0x01,0x0F,0x00,0x32,0x01,0x3A,0x00,0x05,0x01,0x0F,0x00,0x32,0x01,0x3A,0x00,0x04,
   0x01,0x10,0x00,0x32,0x01,0x3A,0x00,0x04,0x01,0x10,0x00,0x32,0x01,0x39,0x00,0x05,
   0x01,0x10,0x00,0x32,0x01,0x39,0x00,0x04,0x01,0x11,0x00,0x32,0x01,0x38,0x00,0x05,
   0x01,0x11,0x00,0x32,0x01,0x32,0x00,0x03,0x01,0x03,0x00,0x04,0x01,0x12,0x00,0x32,
   0x01,0x2E,0x00,0x0E,0x01,0x12,0x00,0x32,0x01,0x2B,0x00,0x11,0x01,0x12,0x00,0x32,
   0x01,0x2A,0x00,0x12,0x01,0x12,0x00,0x32,0x01,0x2A,0x00,0x12,0x01,0x12,0x00,0x32,
   0x01,0x29,0x00,0x13,0x01,0x12,0x00,0x32,0x01,0x29,0x00,0x13,0x01,0x12,0x00,0x09,
   0x01,0x01,0x00,0x28,0x01,0x29,0x00,0x13,0x01,0x12,0x00,0x09,0x01,0x02,0x00,0x27,
   0x01,0x2B,0x00,0x11,0x01,0x12,0x00,0x09,0x01,0x03,0x00,0x26,0x01,0x2B,0x00,0x11,
   0x01,0x12,0x00,0x09,0x01,0x04,0x00,0x25,0x01,0x2B,0x00,0x10,0x01,0x13,0x00,0x09,
   0x01,0x05,0x00,0x24,0x01,0x2B,0x00,0x10,0x01,0x13,0x00,0x09,0x01,0x05,0x00,0x24,
   0x01,0x2B,0x00,0x10,0x01,0x13,0x00,0x09,0x01,0x04,0x00,0x25,0x01,0x2B,0x00,0x10,
   0x01,0x12,0x00,0x0A,0x01,0x04,0x00,0x25,0x01,0x2B,0x00,0x0F,0x01,0x13,0x00,0x0A,
   0x01,0x04,0x00,0x25,0x01,0x2B,0x00,0x0F,0x01,0x13,0x00,0x0A,0x01,0x04,0x00,0x25,
   0x01,0x2B,0x00,0x0E,0x01,0x14,0x00,0x0A,0x01,0x04,0x00,0x25,0x01,0x2B,0x00,0x0E,
   0x01,0x13,0x00,0x0B,0x01,0x03,0x00,0x26,0x01,0x2B,0x00,0x0E,0x01,0x13,0x00,0x0B,
   0x01,0x02,0x00,0x27,0x01,0x2C,0x00,0x0E,0x01,0x12,0x00,0x34,0x01,0x2C,0x00,0x0F,
   0x01,0x11,0x00,0x34,0x01,0x2C,0x00,0x0F,0x01,0x10,0x00,0x35,0x01,0x2D,0x00,0x0F,
   0x01,0x0F,0x00,0x35,0x01,0x2D,0x00,0x10,0x01,0x0E,0x00,0x35,0x01,0x2E,0x00,0x10,
   0x01,0x0C,0x00,0x36,0x01,0x2F,0x00,0x0F,0x01,0x0C,0x00,0x36,0x01,0x2F,0x00,0x10,
   0x01,0x0B,0x00,0x36,0x01,0x30,0x00,0x10,0x01,0x09,0x00,0x37,0x01,0x31,0x00,0x0F,
   0x01,0x09,0x00,0x37,0x01,0x31,0x00,0x10,0x01,0x02,0x00,0x04,0x01,0x01,0x00,0x38,
   0x01,0x32,0x00,0x4E,0x01,0x33,0x00,0x4D,0x01,0x33,0x00,0x4D,0x01,0x34,0x00,0x4C,
   0x01,0x35,0x00,0x4B,0x01,0x35,0x00,0x4B,0x01,0x36,0x00,0x4A,0x01,0x36,0x00,0x4A,
   0x01,0x37,0x00,0x49,0x01,0x38,0x00,0x48,0x01,0x38,0x00,0x48,0x01,0x38,0x00,0x48,
   0x01,0x38,0x00,0x48,0x01,0x38,0x00,0x48,0x01,0x37,0x00,0x49,0x01,0x37,0x00,0x49,
   0x01,0x36,0x00,0x4A,0x01,0x36,0x00,0x4A},
  // Frame 176/234 (Size: 624 bytes)
  {0x01,0x5C,0x00,0x24,0x01,0x5B,0x00,0x25,0x01,0x5A,0x00,0x26,0x01,0x59,0x00,0x27,
   0x01,0x59,0x00,0x27,0x01,0x57,0x00,0x29,0x01,0x57,0x00,0x29,0x01,0x57,0x00,0x29,
   0x01,0x57,0x00,0x29,0x01,0x56,0x00,0x2A,0x01,0x56,0x00,0x2A,0x01,0x56,0x00,0x2A,
   0x01,0x56,0x00,0x2A,0x01,0x56,0x00,0x2A,0x01,0x55,0x00,0x2B,0x01,0x54,0x00,0x2C,
   0x01,0x53,0x00,0x2D,0x01,0x52,0x00,0x2E,0x01,0x52,0x00,0x2E,0x01,0x50,0x00,0x30,
   0x01,0x4E,0x00,0x32,0x01,0x4C,0x00,0x34,0x01,0x4B,0x00,0x35,0x01,0x47,0x00,0x39,
   0x01,0x46,0x00,0x3A,0x01,0x46,0x00,0x3A,0x01,0x46,0x00,0x3A,0x01,0x46,0x00,0x3A,
   0x01,0x46,0x00,0x3A,0x01,0x46,0x00,0x3A,0x01,0x46,0x00,0x3A,0x01,0x46,0x00,0x3A,
   0x01,0x46,0x00,0x3A,0x01,0x48,0x00,0x38,0x01,0x4D,0x00,0x33,0x01,0x4D,0x00,0x33,
   0x01,0x26,0x00,0x01,0x01,0x26,0x00,0x33,0x01,0x25,0x00,0x03,0x01,0x28,0x00,0x30,
   0x01,0x25,0x00,0x04,0x01,0x28,0x00,0x2F,0x01,0x25,0x00,0x05,0x01,0x28,0x00,0x2E,
   0x01,0x26,0x00,0x04,0x01,0x29,0x00,0x2D,0x01,0x26,0x00,0x05,0x01,0x28,0x00,0x2D,
   0x01,0x27,0x00,0x04,0x01,0x2C,0x00,0x29,0x01,0x27,0x00,0x04,0x01,0x2D,0x00,0x28,
   0x01,0x28,0x00,0x04,0x01,0x2C,0x00,0x28,0x01,0x28,0x00,0x05,0x01,0x2B,0x00,0x28,
   0x01,0x29,0x00,0x04,0x01,0x2B,0x00,0x28,0x01,0x29,0x00,0x05,0x01,0x2A,0x00,0x28,
   0x01,0x29,0x00,0x05,0x01,0x2A,0x00,0x28,0x01,0x2A,0x00,0x05,0x01,0x29,0x00,0x28,
   0x01,0x2A,0x00,0x05,0x01,0x29,0x00,0x28,0x01,0x25,0x00,0x0C,0x01,0x28,0x00,0x27,
   0x01,0x24,0x00,0x0D,0x01,0x28,0x00,0x27,0x01,0x24,0x00,0x0E,0x01,0x27,0x00,0x27,
   0x01,0x23,0x00,0x0F,0x01,0x27,0x00,0x27,0x01,0x22,0x00,0x11,0x01,0x26,0x00,0x27,
   0x01,0x21,0x00,0x12,0x01,0x26,0x00,0x27,0x01,0x21,0x00,0x12,0x01,0x26,0x00,0x27,
   0x01,0x21,0x00,0x13,0x01,0x25,0x00,0x0B,0x01,0x01,0x00,0x1B,0x01,0x20,0x00,0x14,
   0x01,0x25,0x00,0x0B,0x01,0x03,0x00,0x19,0x01,0x20,0x00,0x14,0x01,0x25,0x00,0x0B,
   0x01,0x04,0x00,0x18,0x01,0x20,0x00,0x14,0x01,0x25,0x00,0x0B,0x01,0x04,0x00,0x18,
   0x01,0x20,0x00,0x14,0x01,0x25,0x00,0x0B,0x01,0x04,0x00,0x18,0x01,0x20,0x00,0x14,
   0x01,0x25,0x00,0x0B,0x01,0x04,0x00,0x18,0x01,0x21,0x00,0x13,0x01,0x25,0x00,0x0B,
   0x01,0x04,0x00,0x18,0x01,0x24,0x00,0x10,0x01,0x25,0x00,0x0B,0x01,0x04,0x00,0x18,
   0x01,0x25,0x00,0x10,0x01,0x24,0x00,0x0B,0x01,0x04,0x00,0x18,0x01,0x25,0x00,0x11,
   0x01,0x23,0x00,0x0B,0x01,0x04,0x00,0x18,0x01,0x26,0x00,0x11,0x01,0x22,0x00,0x0C,
   0x01,0x02,0x00,0x19,0x01,0x26,0x00,0x12,0x01,0x21,0x00,0x0C,0x01,0x02,0x00,0x19,
   0x01,0x27,0x00,0x12,0x01,0x1F,0x00,0x0D,0x01,0x02,0x00,0x19,0x01,0x28,0x00,0x12,
   0x01,0x1E,0x00,0x28,0x01,0x28,0x00,0x13,0x01,0x1D,0x00,0x28,0x01,0x29,0x00,0x13,
   0x01,0x1B,0x00,0x29,0x01,0x2A,0x00,0x13,0x01,0x1A,0x00,0x29,0x01,0x2A,0x00,0x14,
   0x01,0x18,0x00,0x2A,0x01,0x2B,0x00,0x14,0x01,0x16,0x00,0x2B,0x01,0x2C,0x00,0x14,
   0x01,0x13,0x00,0x2D,0x01,0x2D,0x00,0x14,0x01,0x10,0x00,0x2F,0x01,0x2E,0x00,0x14,
   0x01,0x07,0x00,0x01,0x01,0x05,0x00,0x31,0x01,0x2F,0x00,0x14,0x01,0x02,0x00,0x08,
   0x01,0x01,0x00,0x32,0x01,0x30,0x00,0x50,0x01,0x31,0x00,0x4F,0x01,0x32,0x00,0x4E,
   0x01,0x33,0x00,0x4D,0x01,0x34,0x00,0x4C,0x01,0x35,0x00,0x4B,0x01,0x36,0x00,0x4A,
   0x01,0x37,0x00,0x49,0x01,0x38,0x00,0x48,0x01,0x39,0x00,0x47,0x01,0x39,0x00,0x47,
   0x01,0x3A,0x00,0x46,0x01,0x3B,0x00,0x45,0x01,0x3C,0x00,0x44,0x01,0x3D,0x00,0x43},
  // Frame 177/234 (Size: 668 bytes)
  {0x01,0x6F,0x00,0x11,0x01,0x70,0x00,0x10,0x01,0x70,0x00,0x10,0x01,0x70,0x00,0x10,
   0x01,0x70,0x00,0x10,0x01,0x6F,0x00,0x11,0x01,0x6E,0x00,0x12,0x01,0x6D,0x00,0x13,
   0x01,0x6B,0x00,0x15,0x01,0x6A,0x00,0x16,0x01,0x68,0x00,0x18,0x01,0x67,0x00,0x19,
   0x01,0x66,0x00,0x1A,0x01,0x5F,0x00,0x02,0x01,0x04,0x00,0x1B,0x01,0x5E,0x00,0x22,
   0x01,0x5D,0x00,0x23,0x01,0x5C,0x00,0x24,0x01,0x5C,0x00,0x24,0x01,0x5C,0x00,0x24,
   0x01,0x5B,0x00,0x25,0x01,0x5B,0x00,0x25,0x01,0x5B,0x00,0x25,0x01,0x5B,0x00,0x25,
   0x01,0x5B,0x00,0x25,0x01,0x5B,0x00,0x25,0x01,0x49,0x00,0x02,0x01,0x10,0x00,0x25,
   0x01,0x48,0x00,0x04,0x01,0x0F,0x00,0x25,0x01,0x45,0x00,0x07,0x01,0x10,0x00,0x24,
   0x01,0x45,0x00,0x07,0x01,0x10,0x00,0x04,0x01,0x02,0x00,0x1E,0x01,0x45,0x00,0x07,
   0x01,0x17,0x00,0x1D,0x01,0x44,0x00,0x07,0x01,0x18,0x00,0x1D,0x01,0x44,0x00,0x07,
   0x01,0x18,0x00,0x1D,0x01,0x44,0x00,0x07,0x01,0x18,0x00,0x1D,0x01,0x44,0x00,0x07,
   0x01,0x1C,0x00,0x19,0x01,0x44,0x00,0x06,0x01,0x1E,0x00,0x18,0x01,0x43,0x00,0x07,
   0x01,0x1F,0x00,0x17,0x01,0x43,0x00,0x07,0x01,0x20,0x00,0x16,0x01,0x43,0x00,0x07,
   0x01,0x21,0x00,0x15,0x01,0x43,0x00,0x07,0x01,0x21,0x00,0x15,0x01,0x42,0x00,0x07,
   0x01,0x23,0x00,0x14,0x01,0x42,0x00,0x07,0x01,0x2A,0x00,0x0D,0x01,0x42,0x00,0x07,
   0x01,0x2B,0x00,0x0C,0x01,0x42,0x00,0x07,0x01,0x2B,0x00,0x0C,0x01,0x41,0x00,0x08,
   0x01,0x2B,0x00,0x0C,0x01,0x41,0x00,0x07,0x01,0x2C,0x00,0x0C,0x01,0x3B,0x00,0x02,
   0x01,0x04,0x00,0x07,0x01,0x2C,0x00,0x0C,0x01,0x38,0x00,0x07,0x01,0x02,0x00,0x07,
   0x01,0x2C,0x00,0x0C,0x01,0x35,0x00,0x13,0x01,0x2D,0x00,0x0B,0x01,0x33,0x00,0x15,
   0x01,0x2D,0x00,0x0B,0x01,0x2F,0x00,0x19,0x01,0x2D,0x00,0x0B,0x01,0x2E,0x00,0x1A,
   0x01,0x2D,0x00,0x0B,0x01,0x2E,0x00,0x1A,0x01,0x2D,0x00,0x0B,0x01,0x2D,0x00,0x1C,
   0x01,0x2C,0x00,0x0B,0x01,0x2D,0x00,0x1C,0x01,0x2C,0x00,0x0B,0x01,0x2C,0x00,0x1D,
   0x01,0x2C,0x00,0x0B,0x01,0x2C,0x00,0x1D,0x01,0x2D,0x00,0x0A,0x01,0x2C,0x00,0x1D,
   0x01,0x2D,0x00,0x0A,0x01,0x2C,0x00,0x1D,0x01,0x2D,0x00,0x0A,0x01,0x2E,0x00,0x1B,
   0x01,0x2D,0x00,0x0A,0x01,0x2F,0x00,0x1A,0x01,0x2D,0x00,0x0A,0x01,0x2F,0x00,0x1A,
   0x01,0x2D,0x00,0x0A,0x01,0x2F,0x00,0x1A,0x01,0x2D,0x00,0x0A,0x01,0x2F,0x00,0x1A,
   0x01,0x2D,0x00,0x0A,0x01,0x2F,0x00,0x19,0x01,0x2E,0x00,0x0A,0x01,0x2F,0x00,0x19,
   0x01,0x2E,0x00,0x0A,0x01,0x2F,0x00,0x19,0x01,0x2E,0x00,0x0A,0x01,0x2F,0x00,0x18,
   0x01,0x2F,0x00,0x0A,0x01,0x30,0x00,0x17,0x01,0x2F,0x00,0x0A,0x01,0x30,0x00,0x16,
   0x01,0x30,0x00,0x0A,0x01,0x30,0x00,0x16,0x01,0x30,0x00,0x0A,0x01,0x30,0x00,0x15,
   0x01,0x31,0x00,0x0A,0x01,0x30,0x00,0x15,0x01,0x31,0x00,0x0A,0x01,0x30,0x00,0x16,
   0x01,0x30,0x00,0x0A,0x01,0x31,0x00,0x16,0x01,0x2F,0x00,0x0A,0x01,0x31,0x00,0x16,
   0x01,0x2F,0x00,0x0A,0x01,0x31,0x00,0x17,0x01,0x2E,0x00,0x0A,0x01,0x32,0x00,0x17,
   0x01,0x2D,0x00,0x0A,0x01,0x32,0x00,0x18,0x01,0x2C,0x00,0x0A,0x01,0x32,0x00,0x19,
   0x01,0x2B,0x00,0x0A,0x01,0x33,0x00,0x19,0x01,0x28,0x00,0x0C,0x01,0x34,0x00,0x18,
   0x01,0x26,0x00,0x0E,0x01,0x35,0x00,0x18,0x01,0x23,0x00,0x10,0x01,0x35,0x00,0x19,
   0x01,0x21,0x00,0x11,0x01,0x36,0x00,0x19,0x01,0x1F,0x00,0x12,0x01,0x37,0x00,0x19,
   0x01,0x1D,0x00,0x13,0x01,0x38,0x00,0x19,0x01,0x1B,0x00,0x14,0x01,0x39,0x00,0x19,
   0x01,0x19,0x00,0x15,0x01,0x3A,0x00,0x18,0x01,0x16,0x00,0x18,0x01,0x3B,0x00,0x18,
   0x01,0x13,0x00,0x1A,0x01,0x3B,0x00,0x19,0x01,0x10,0x00,0x1C,0x01,0x3C,0x00,0x19,
   0x01,0x04,0x00,0x06,0x01,0x03,0x00,0x1E,0x01,0x3D,0x00,0x43,0x01,0x3E,0x00,0x42,
   0x01,0x3F,0x00,0x41,0x01,0x3F,0x00,0x41,0x01,0x40,0x00,0x40},
  // Frame 178/234 (Size: 354 bytes)
  {0x01,0xFF,0x01,0xFF,0x01,0xFF,0x01,0xFF,0x01,0xFF,0x01,0x04,0x00,0x01,0x01,0x7F,
   0x00,0x01,0x01,0xFF,0x01,0xFF,0x01,0xFF,0x01,0x3A,0x00,0x07,0x01,0x79,0x00,0x07,
   0x01,0x79,0x00,0x07,0x01,0x79,0x00,0x08,0x01,0x78,0x00,0x08,0x01,0x78,0x00,0x08,
   0x01,0x78,0x00,0x08,0x01,0x78,0x00,0x09,0x01,0x77,0x00,0x09,0x01,0x78,0x00,0x08,
   0x01,0x78,0x00,0x08,0x01,0x78,0x00,0x09,0x01,0x78,0x00,0x08,0x01,0x78,0x00,0x08,
   0x01,0x78,0x00,0x09,0x01,0x77,0x00,0x09,0x01,0x77,0x00,0x09,0x01,0x78,0x00,0x08,
   0x01,0x78,0x00,0x09,0x01,0x77,0x00,0x09,0x01,0x77,0x00,0x09,0x01,0x78,0x00,0x08,
   0x01,0x78,0x00,0x09,0x01,0x77,0x00,0x09,0x01,0x77,0x00,0x09,0x01,0x77,0x00,0x0A,
   0x01,0x76,0x00,0x0A,0x01,0x77,0x00,0x09,0x01,0x6C,0x00,0x07,0x01,0x04,0x00,0x0A,
   0x01,0x69,0x00,0x0B,0x01,0x02,0x00,0x0B,0x01,0x68,0x00,0x1A,0x01,0x65,0x00,0x1B,
   0x01,0x65,0x00,0x1C,0x01,0x64,0x00,0x1C,0x01,0x64,0x00,0x1D,0x01,0x61,0x00,0x1F,
   0x01,0x60,0x00,0x20,0x01,0x5E,0x00,0x23,0x01,0x5D,0x00,0x23,0x01,0x5C,0x00,0x24,
   0x01,0x5C,0x00,0x25,0x01,0x5B,0x00,0x25,0x01,0x5B,0x00,0x25,0x01,0x5A,0x00,0x27,
   0x01,0x59,0x00,0x27,0x01,0x59,0x00,0x27,0x01,0x59,0x00,0x27,0x01,0x58,0x00,0x28,
   0x01,0x58,0x00,0x28,0x01,0x58,0x00,0x29,0x01,0x57,0x00,0x29,0x01,0x57,0x00,0x28,
   0x01,0x58,0x00,0x28,0x01,0x59,0x00,0x27,0x01,0x5A,0x00,0x03,0x01,0x01,0x00,0x22,
   0x01,0x5F,0x00,0x21,0x01,0x5F,0x00,0x21,0x01,0x60,0x00,0x20,0x01,0x60,0x00,0x20,
   0x01,0x61,0x00,0x1F,0x01,0x61,0x00,0x1F,0x01,0x62,0x00,0x1E,0x01,0x62,0x00,0x1F,
   0x01,0x62,0x00,0x1F,0x01,0x61,0x00,0x20,0x01,0x61,0x00,0x20,0x01,0x60,0x00,0x21,
   0x01,0x60,0x00,0x21,0x01,0x60,0x00,0x21,0x01,0x5F,0x00,0x22,0x01,0x5F,0x00,0x22,
   0x01,0x5E,0x00,0x23,0x01,0x5E,0x00,0x23,0x01,0x5D,0x00,0x24,0x01,0x5D,0x00,0x24,
   0x01,0x5D,0x00,0x24,0x01,0x5D,0x00,0x24,0x01,0x5D,0x00,0x24,0x01,0x5C,0x00,0x25,
   0x01,0x21},
  // Frame 179/234 (Size: 372 bytes)
  {0x01,0xFF,0x01,0xFF,0x01,0xFF,0x01,0xD0,0x00,0x02,0x01,0x7D,0x00,0x04,0x01,0x7B,
   0x00,0x05,0x01,0x78,0x00,0x09,0x01,0x76,0x00,0x0A,0x01,0x76,0x00,0x0A,0x01,0x76,
   0x00,0x0A,0x01,0x76,0x00,0x0A,0x01,0x76,0x00,0x0A,0x01,0x76,0x00,0x0A,0x01,0x76,
   0x00,0x0A,0x01,0x76,0x00,0x0A,0x01,0x76,0x00,0x0A,0x01,0x76,0x00,0x0A,0x01,0x76,
   0x00,0x0A,0x01,0x76,0x00,0x0A,0x01,0x76,0x00,0x0A,0x01,0x76,0x00,0x0A,0x01,0x76,
   0x00,0x0A,0x01,0x76,0x00,0x0A,0x01,0x76,0x00,0x0A,0x01,0x76,0x00,0x0B,0x01,0x75,
   0x00,0x0B,0x01,0x75,0x00,0x0B,0x01,0x75,0x00,0x0B,0x01,0x76,0x00,0x0A,0x01,0x76,
   0x00,0x0A,0x01,0x75,0x00,0x0B,0x01,0x75,0x00,0x0B,0x01,0x75,0x00,0x0B,0x01,0x75,
   0x00,0x0B,0x01,0x75,0x00,0x0B,0x01,0x75,0x00,0x0B,0x01,0x75,0x00,0x0B,0x01,0x75,
   0x00,0x0B,0x01,0x6D,0x00,0x05,0x01,0x03,0x00,0x0B,0x01,0x6B,0x00,0x15,0x01,0x6A,
   0x00,0x17,0x01,0x68,0x00,0x18,0x01,0x64,0x00,0x1C,0x01,0x62,0x00,0x1E,0x01,0x61,
   0x00,0x20,0x01,0x5B,0x00,0x02,0x01,0x02,0x00,0x23,0x01,0x58,0x00,0x28,0x01,0x57,
   0x00,0x2A,0x01,0x56,0x00,0x2A,0x01,0x55,0x00,0x2B,0x01,0x55,0x00,0x2B,0x01,0x55,
   0x00,0x2B,0x01,0x54,0x00,0x2D,0x01,0x53,0x00,0x2D,0x01,0x53,0x00,0x2D,0x01,0x52,
   0x00,0x2E,0x01,0x52,0x00,0x2E,0x01,0x52,0x00,0x2E,0x01,0x52,0x00,0x2E,0x01,0x53,
   0x00,0x2D,0x01,0x58,0x00,0x27,0x01,0x59,0x00,0x27,0x01,0x59,0x00,0x27,0x01,0x59,
   0x00,0x27,0x01,0x59,0x00,0x27,0x01,0x5A,0x00,0x26,0x01,0x5A,0x00,0x26,0x01,0x5A,
   0x00,0x25,0x01,0x5B,0x00,0x25,0x01,0x5B,0x00,0x25,0x01,0x5C,0x00,0x23,0x01,0x5D,
   0x00,0x23,0x01,0x5D,0x00,0x22,0x01,0x5F,0x00,0x21,0x01,0x5F,0x00,0x20,0x01,0x60,
   0x00,0x1F,0x01,0x61,0x00,0x20,0x01,0x61,0x00,0x20,0x01,0x60,0x00,0x21,0x01,0x5F,
   0x00,0x22,0x01,0x5F,0x00,0x22,0x01,0x5E,0x00,0x23,0x01,0x5E,0x00,0x23,0x01,0x5D,
   0x00,0x24,0x01,0x5D,0x00,0x24,0x01,0x5C,0x00,0x25,0x01,0x5C,0x00,0x25,0x01,0x5B,
   0x00,0x26,0x01,0x5B,0x00,0x26,0x01,0x5B,0x00,0x26,0x01,0x5A,0x00,0x27,0x01,0x5A,
   0x00,0x27,0x01,0x1E},
  // Frame 180/234 (Size: 352 bytes)
  {0x01,0xFF,0x01,0xFF,0x01,0xFF,0x01,0xFF,0x01,0xFF,0x01,0xFF,0x01,0xFF,0x01,0xBE,
   0x00,0x01,0x01,0x7E,0x00,0x04,0x01,0x01,0x00,0x02,0x01,0x78,0x00,0x09,0x01,0x77,
   0x00,0x09,0x01,0x77,0x00,0x09,0x01,0x77,0x00,0x09,0x01,0x77,0x00,0x0A,0x01,0x76,
   0x00,0x0A,0x01,0x76,0x00,0x0A,0x01,0x77,0x00,0x09,0x01,0x77,0x00,0x09,0x01,0x77,
   0x00,0x0A,0x01,0x76,0x00,0x0A,0x01,0x76,0x00,0x0A,0x01,0x77,0x00,0x09,0x01,0x77,
   0x00,0x0A,0x01,0x76,0x00,0x0A,0x01,0x76,0x00,0x0A,0x01,0x76,0x00,0x0A,0x01,0x77,
   0x00,0x0A,0x01,0x76,0x00,0x0A,0x01,0x76,0x00,0x0A,0x01,0x76,0x00,0x0A,0x01,0x76,
   0x00,0x0B,0x01,0x75,0x00,0x0B,0x01,0x76,0x00,0x0A,0x01,0x76,0x00,0x0B,0x01,0x6A,
   0x00,0x07,0x01,0x04,0x00,0x0B,0x01,0x68,0x00,0x0B,0x01,0x02,0x00,0x0B,0x01,0x67,
   0x00,0x1B,0x01,0x65,0x00,0x1C,0x01,0x64,0x00,0x1D,0x01,0x63,0x00,0x1E,0x01,0x62,
   0x00,0x1E,0x01,0x60,0x00,0x20,0x01,0x5E,0x00,0x23,0x01,0x5B,0x00,0x25,0x01,0x5B,
   0x00,0x25,0x01,0x5A,0x00,0x27,0x01,0x59,0x00,0x27,0x01,0x59,0x00,0x27,0x01,0x59,
   0x00,0x27,0x01,0x58,0x00,0x28,0x01,0x58,0x00,0x29,0x01,0x57,0x00,0x29,0x01,0x56,
   0x00,0x2A,0x01,0x56,0x00,0x2A,0x01,0x56,0x00,0x2A,0x01,0x55,0x00,0x2C,0x01,0x54,
   0x00,0x2C,0x01,0x54,0x00,0x2C,0x01,0x54,0x00,0x2C,0x01,0x54,0x00,0x2C,0x01,0x55,
   0x00,0x2B,0x01,0x57,0x00,0x28,0x01,0x5C,0x00,0x24,0x01,0x5C,0x00,0x24,0x01,0x5D,
   0x00,0x23,0x01,0x5D,0x00,0x23,0x01,0x5E,0x00,0x21,0x01,0x5F,0x00,0x21,0x01,0x5F,
   0x00,0x21,0x01,0x60,0x00,0x21,0x01,0x5F,0x00,0x23,0x01,0x5E,0x00,0x23,0x01,0x5D,
   0x00,0x24,0x01,0x5D,0x00,0x25,0x01,0x5B,0x00,0x26,0x01,0x5B,0x00,0x26,0x01,0x5A,
   0x00,0x28,0x01,0x59,0x00,0x28,0x01,0x58,0x00,0x29,0x01,0x58,0x00,0x2A,0x01,0x56,
   0x00,0x2B,0x01,0x56,0x00,0x2B,0x01,0x55,0x00,0x2D,0x01,0x54,0x00,0x2D,0x01,0x54,
   0x00,0x2D,0x01,0x53,0x00,0x2F,0x01,0x52,0x00,0x2F,0x01,0x52,0x00,0x2F,0x01,0x1C},
  // Frame 181/234 (Size: 318 bytes)
  {0x01,0xFF,0x01,0xFF,0x01,0xFF,0x01,0xFF,0x01,0xFF,0x01,0xFF,0x01,0xFF,0x01,0xFF,
   0x01,0xFF,0x01,0xFF,0x01,0xFF,0x01,0xFF,0x01,0xAD,0x00,0x04,0x01,0x7C,0x00,0x06,
   0x01,0x7A,0x00,0x07,0x01,0x79,0x00,0x08,0x01,0x79,0x00,0x08,0x01,0x79,0x00,0x08,
   0x01,0x78,0x00,0x0A,0x01,0x77,0x00,0x0A,0x01,0x77,0x00,0x0A,0x01,0x77,0x00,0x0A,
   0x01,0x77,0x00,0x0A,0x01,0x77,0x00,0x0A,0x01,0x77,0x00,0x0B,0x01,0x76,0x00,0x0B,
   0x01,0x76,0x00,0x0B,0x01,0x76,0x00,0x0B,0x01,0x76,0x00,0x0B,0x01,0x76,0x00,0x0C,
   0x01,0x75,0x00,0x0C,0x01,0x75,0x00,0x0C,0x01,0x75,0x00,0x0D,0x01,0x74,0x00,0x10,
   0x01,0x71,0x00,0x12,0x01,0x6F,0x00,0x12,0x01,0x67,0x00,0x06,0x01,0x01,0x00,0x13,
   0x01,0x64,0x00,0x1D,0x01,0x62,0x00,0x1E,0x01,0x62,0x00,0x1F,0x01,0x60,0x00,0x20,
   0x01,0x60,0x00,0x21,0x01,0x5F,0x00,0x21,0x01,0x60,0x00,0x21,0x01,0x5E,0x00,0x22,
   0x01,0x5C,0x00,0x24,0x01,0x5B,0x00,0x26,0x01,0x59,0x00,0x27,0x01,0x59,0x00,0x28,
   0x01,0x57,0x00,0x29,0x01,0x57,0x00,0x29,0x01,0x57,0x00,0x2A,0x01,0x56,0x00,0x2A,
   0x01,0x56,0x00,0x2A,0x01,0x55,0x00,0x2C,0x01,0x54,0x00,0x2C,0x01,0x54,0x00,0x2C,
   0x01,0x54,0x00,0x2C,0x01,0x54,0x00,0x2C,0x01,0x54,0x00,0x2C,0x01,0x54,0x00,0x2C,
   0x01,0x54,0x00,0x2C,0x01,0x54,0x00,0x2C,0x01,0x55,0x00,0x2B,0x01,0x55,0x00,0x2C,
   0x01,0x56,0x00,0x04,0x01,0x02,0x00,0x26,0x01,0x5A,0x00,0x27,0x01,0x5A,0x00,0x28,
   0x01,0x59,0x00,0x28,0x01,0x59,0x00,0x29,0x01,0x57,0x00,0x2A,0x01,0x57,0x00,0x2B,
   0x01,0x56,0x00,0x2B,0x01,0x56,0x00,0x2C,0x01,0x55,0x00,0x2C,0x01,0x55,0x00,0x2D,
   0x01,0x53,0x00,0x2E,0x01,0x53,0x00,0x2F,0x01,0x52,0x00,0x2F,0x01,0x52,0x00,0x30,
   0x01,0x51,0x00,0x30,0x01,0x50,0x00,0x32,0x01,0x4F,0x00,0x32,0x01,0x15},
  // Frame 182/234 (Size: 376 bytes)
  {0x01,0xFF,0x01,0xFF,0x01,0xFF,0x01,0xFF,0x01,0xFF,0x01,0xFF,0x01,0xFF,0x01,0xFF,
   0x01,0xFF,0x01,0xFF,0x01,0xFF,0x01,0xFF,0x01,0xFF,0x01,0xFF,0x01,0xFF,0x01,0xFF,
   0x01,0x3C,0x00,0x04,0x01,0x7C,0x00,0x06,0x01,0x7A,0x00,0x08,0x01,0x78,0x00,0x09,
   0x01,0x77,0x00,0x0A,0x01,0x77,0x00,0x0A,0x01,0x77,0x00,0x0A,0x01,0x77,0x00,0x0B,
   0x01,0x76,0x00,0x0B,0x01,0x76,0x00,0x0C,0x01,0x11,0x00,0x02,0x01,0x62,0x00,0x0C,
   0x01,0x0F,0x00,0x04,0x01,0x62,0x00,0x0C,0x01,0x0E,0x00,0x05,0x01,0x63,0x00,0x0C,
   0x01,0x0C,0x00,0x06,0x01,0x63,0x00,0x0C,0x01,0x0B,0x00,0x06,0x01,0x64,0x00,0x0D,
   0x01,0x09,0x00,0x07,0x01,0x64,0x00,0x0D,0x01,0x09,0x00,0x07,0x01,0x62,0x00,0x10,
   0x01,0x07,0x00,0x07,0x01,0x61,0x00,0x12,0x01,0x07,0x00,0x07,0x01,0x60,0x00,0x14,
   0x01,0x06,0x00,0x06,0x01,0x60,0x00,0x15,0x01,0x05,0x00,0x07,0x01,0x60,0x00,0x16,
   0x01,0x04,0x00,0x06,0x01,0x60,0x00,0x17,0x01,0x03,0x00,0x06,0x01,0x61,0x00,0x17,
   0x01,0x02,0x00,0x07,0x01,0x5C,0x00,0x04,0x01,0x01,0x00,0x16,0x01,0x02,0x00,0x07,
   0x01,0x5B,0x00,0x06,0x01,0x01,0x00,0x16,0x01,0x01,0x00,0x08,0x01,0x59,0x00,0x27,
   0x01,0x59,0x00,0x27,0x01,0x59,0x00,0x28,0x01,0x59,0x00,0x27,0x01,0x59,0x00,0x27,
   0x01,0x5A,0x00,0x27,0x01,0x59,0x00,0x27,0x01,0x5A,0x00,0x26,0x01,0x57,0x00,0x2A,
   0x01,0x55,0x00,0x2B,0x01,0x55,0x00,0x2B,0x01,0x54,0x00,0x2C,0x01,0x55,0x00,0x2B,
   0x01,0x55,0x00,0x2C,0x01,0x54,0x00,0x2C,0x01,0x55,0x00,0x2B,0x01,0x55,0x00,0x2B,
   0x01,0x55,0x00,0x2B,0x01,0x56,0x00,0x2B,0x01,0x55,0x00,0x2D,0x01,0x54,0x00,0x2E,
   0x01,0x53,0x00,0x2F,0x01,0x52,0x00,0x30,0x01,0x51,0x00,0x31,0x01,0x52,0x00,0x30,
   0x01,0x51,0x00,0x31,0x01,0x50,0x00,0x32,0x01,0x50,0x00,0x32,0x01,0x4F,0x00,0x34,
   0x01,0x0C,0x00,0x01,0x01,0x40,0x00,0x35,0x01,0x09,0x00,0x02,0x01,0x41,0x00,0x36,
   0x01,0x05,0x00,0x04,0x01,0x42,0x00,0x37,0x01,0x02,0x00,0x05,0x01,0x43,0x00,0x3D,
   0x01,0x45,0x00,0x3B,0x01,0x46,0x00,0x3A,0x01,0x47,0x00,0x39,0x01,0x48,0x00,0x38,
   0x01,0x4A,0x00,0x36,0x01,0x4B,0x00,0x35},
  // Frame 183/234 (Size: 592 bytes)
  {0x01,0x65,0x00,0x1B,0x01,0x65,0x00,0x1B,0x01,0x65,0x00,0x1B,0x01,0x65,0x00,0x1B,
   0x01,0x65,0x00,0x1B,0x01,0x65,0x00,0x1B,0x01,0x65,0x00,0x1B,0x01,0x65,0x00,0x1B,
   0x01,0x62,0x00,0x1E,0x01,0x60,0x00,0x20,0x01,0x5E,0x00,0x22,0x01,0x5D,0x00,0x23,
   0x01,0x5C,0x00,0x24,0x01,0x5C,0x00,0x24,0x01,0x5B,0x00,0x25,0x01,0x5B,0x00,0x25,
   0x01,0x5B,0x00,0x25,0x01,0x5A,0x00,0x26,0x01,0x59,0x00,0x27,0x01,0x5A,0x00,0x26,
   0x01,0x5C,0x00,0x24,0x01,0x5C,0x00,0x24,0x01,0x5D,0x00,0x02,0x01,0x01,0x00,0x20,
   0x01,0x62,0x00,0x1E,0x01,0x64,0x00,0x1C,0x01,0x65,0x00,0x1B,0x01,0x67,0x00,0x19,
   0x01,0x68,0x00,0x18,0x01,0x68,0x00,0x18,0x01,0x6A,0x00,0x16,0x01,0x6B,0x00,0x15,
   0x01,0x6B,0x00,0x15,0x01,0x6B,0x00,0x15,0x01,0x6A,0x00,0x16,0x01,0x69,0x00,0x17,
   0x01,0x6B,0x00,0x15,0x01,0x6B,0x00,0x15,0x01,0x6B,0x00,0x15,0x01,0x6B,0x00,0x15,
   0x01,0x6B,0x00,0x15,0x01,0x6B,0x00,0x02,0x01,0x02,0x00,0x11,0x01,0x6B,0x00,0x01,
   0x01,0x03,0x00,0x05,0x01,0x01,0x00,0x02,0x01,0x02,0x00,0x07,0x01,0x6F,0x00,0x01,
   0x01,0x01,0x00,0x01,0x01,0x04,0x00,0x01,0x01,0x03,0x00,0x06,0x01,0x6F,0x00,0x01,
   0x01,0x0D,0x00,0x03,0x01,0x7D,0x00,0x03,0x01,0x7C,0x00,0x04,0x01,0x7B,0x00,0x05,
   0x01,0x2C,0x00,0x02,0x01,0x1D,0x00,0x02,0x01,0x2B,0x00,0x08,0x01,0x2C,0x00,0x03,
   0x01,0x0C,0x00,0x01,0x01,0x0E,0x00,0x06,0x01,0x24,0x00,0x0C,0x01,0x2B,0x00,0x05,
   0x01,0x0A,0x00,0x03,0x01,0x0C,0x00,0x07,0x01,0x20,0x00,0x10,0x01,0x2B,0x00,0x05,
   0x01,0x09,0x00,0x05,0x01,0x0B,0x00,0x08,0x01,0x1D,0x00,0x12,0x01,0x2B,0x00,0x08,
   0x01,0x06,0x00,0x05,0x01,0x0A,0x00,0x0A,0x01,0x1A,0x00,0x14,0x01,0x2A,0x00,0x0A,
   0x01,0x05,0x00,0x05,0x01,0x09,0x00,0x0D,0x01,0x17,0x00,0x15,0x01,0x2A,0x00,0x0A,
   0x01,0x06,0x00,0x05,0x01,0x08,0x00,0x0E,0x01,0x15,0x00,0x16,0x01,0x2A,0x00,0x09,
   0x01,0x07,0x00,0x05,0x01,0x07,0x00,0x11,0x01,0x10,0x00,0x19,0x01,0x2A,0x00,0x07,
   0x01,0x09,0x00,0x06,0x01,0x05,0x00,0x13,0x01,0x0C,0x00,0x1C,0x01,0x2A,0x00,0x07,
   0x01,0x09,0x00,0x06,0x01,0x04,0x00,0x15,0x01,0x09,0x00,0x1E,0x01,0x2A,0x00,0x08,
   0x01,0x08,0x00,0x06,0x01,0x04,0x00,0x15,0x01,0x08,0x00,0x1F,0x01,0x2A,0x00,0x0B,
   0x01,0x06,0x00,0x06,0x01,0x02,0x00,0x17,0x01,0x06,0x00,0x20,0x01,0x2A,0x00,0x0C,
   0x01,0x05,0x00,0x20,0x01,0x04,0x00,0x21,0x01,0x2A,0x00,0x0D,0x01,0x03,0x00,0x22,
   0x01,0x03,0x00,0x21,0x01,0x2A,0x00,0x33,0x01,0x02,0x00,0x21,0x01,0x2A,0x00,0x33,
   0x01,0x01,0x00,0x22,0x01,0x2A,0x00,0x56,0x01,0x2A,0x00,0x56,0x01,0x2A,0x00,0x56,
   0x01,0x29,0x00,0x57,0x01,0x29,0x00,0x57,0x01,0x29,0x00,0x57,0x01,0x28,0x00,0x58,
   0x01,0x28,0x00,0x58,0x01,0x28,0x00,0x58,0x01,0x29,0x00,0x57,0x01,0x29,0x00,0x23,
   0x01,0x01,0x00,0x33,0x01,0x2A,0x00,0x23,0x01,0x01,0x00,0x32,0x01,0x2A,0x00,0x56,
   0x01,0x2A,0x00,0x56,0x01,0x2B,0x00,0x55,0x01,0x2B,0x00,0x55,0x01,0x2C,0x00,0x54,
   0x01,0x2D,0x00,0x53,0x01,0x2E,0x00,0x52,0x01,0x30,0x00,0x50,0x01,0x32,0x00,0x4E,
   0x01,0x34,0x00,0x4C,0x01,0x37,0x00,0x49,0x01,0x39,0x00,0x47,0x01,0x3C,0x00,0x44,
   0x01,0x3E,0x00,0x42,0x01,0x41,0x00,0x3F,0x01,0x45,0x00,0x3B,0x01,0x49,0x00,0x37,
   0x01,0x4C,0x00,0x34,0x01,0x4D,0x00,0x33,0x01,0x4E,0x00,0x32,0x01,0x4E,0x00,0x32},
  // Frame 184/234 (Size: 566 bytes)
  {0x01,0x51,0x00,0x18,0x01,0x05,0x00,0x0B,0x01,0x56,0x00,0x1A,0x01,0x03,0x00,0x0D,
   0x01,0x54,0x00,0x2D,0x01,0x51,0x00,0x2F,0x01,0x50,0x00,0x31,0x01,0x4E,0x00,0x33,
   0x01,0x4D,0x00,0x34,0x01,0x4B,0x00,0x36,0x01,0x4A,0x00,0x38,0x01,0x47,0x00,0x39,
   0x01,0x47,0x00,0x38,0x01,0x48,0x00,0x36,0x01,0x4A,0x00,0x32,0x01,0x4E,0x00,0x31,
   0x01,0x4F,0x00,0x32,0x01,0x4E,0x00,0x32,0x01,0x4E,0x00,0x32,0x01,0x4E,0x00,0x32,
   0x01,0x4E,0x00,0x31,0x01,0x4F,0x00,0x27,0x01,0x01,0x00,0x09,0x01,0x4E,0x00,0x28,
   0x01,0x05,0x00,0x05,0x01,0x4D,0x00,0x29,0x01,0x07,0x00,0x01,0x01,0x4E,0x00,0x2B,
   0x01,0x54,0x00,0x2D,0x01,0x52,0x00,0x2F,0x01,0x4E,0x00,0x32,0x01,0x4E,0x00,0x31,
   0x01,0x50,0x00,0x30,0x01,0x4F,0x00,0x30,0x01,0x53,0x00,0x2C,0x01,0x55,0x00,0x2B,
   0x01,0x57,0x00,0x29,0x01,0x5B,0x00,0x25,0x01,0x5B,0x00,0x25,0x01,0x5C,0x00,0x24,
   0x01,0x5C,0x00,0x24,0x01,0x5B,0x00,0x26,0x01,0x59,0x00,0x28,0x01,0x57,0x00,0x29,
   0x01,0x59,0x00,0x25,0x01,0x5B,0x00,0x25,0x01,0x5B,0x00,0x26,0x01,0x5B,0x00,0x1F,
   0x01,0x01,0x00,0x05,0x01,0x5B,0x00,0x02,0x01,0x01,0x00,0x1B,0x01,0x62,0x00,0x01,
   0x01,0x02,0x00,0x01,0x01,0x04,0x00,0x01,0x01,0x01,0x00,0x14,0x01,0x6E,0x00,0x0C,
   0x01,0x03,0x00,0x01,0x01,0x48,0x00,0x02,0x01,0x26,0x00,0x0C,0x01,0x4B,0x00,0x04,
   0x01,0x24,0x00,0x0E,0x01,0x4A,0x00,0x04,0x01,0x1F,0x00,0x15,0x01,0x47,0x00,0x07,
   0x01,0x1A,0x00,0x1B,0x01,0x43,0x00,0x0A,0x01,0x16,0x00,0x20,0x01,0x40,0x00,0x0C,
   0x01,0x13,0x00,0x24,0x01,0x3C,0x00,0x0E,0x01,0x11,0x00,0x27,0x01,0x39,0x00,0x10,
   0x01,0x0F,0x00,0x29,0x01,0x37,0x00,0x12,0x01,0x0C,0x00,0x2C,0x01,0x36,0x00,0x13,
   0x01,0x0A,0x00,0x2D,0x01,0x35,0x00,0x15,0x01,0x08,0x00,0x2F,0x01,0x33,0x00,0x17,
   0x01,0x06,0x00,0x30,0x01,0x32,0x00,0x19,0x01,0x04,0x00,0x32,0x01,0x30,0x00,0x1C,
   0x01,0x02,0x00,0x32,0x01,0x2F,0x00,0x51,0x01,0x2E,0x00,0x53,0x01,0x2C,0x00,0x54,
   0x01,0x2B,0x00,0x55,0x01,0x2A,0x00,0x57,0x01,0x27,0x00,0x5A,0x01,0x03,0x00,0x06,
   0x01,0x1C,0x00,0x0F,0x01,0x02,0x00,0x02,0x01,0x02,0x00,0x4F,0x01,0x1B,0x00,0x10,
   0x01,0x02,0x00,0x02,0x01,0x03,0x00,0x4E,0x01,0x1A,0x00,0x10,0x01,0x04,0x00,0x01,
   0x01,0x04,0x00,0x4D,0x01,0x18,0x00,0x12,0x01,0x0A,0x00,0x4C,0x01,0x18,0x00,0x03,
   0x01,0x08,0x00,0x06,0x01,0x0B,0x00,0x4C,0x01,0x25,0x00,0x04,0x01,0x0E,0x00,0x3B,
   0x01,0x04,0x00,0x0A,0x01,0x38,0x00,0x3A,0x01,0x06,0x00,0x08,0x01,0x38,0x00,0x3B,
   0x01,0x07,0x00,0x06,0x01,0x39,0x00,0x3A,0x01,0x08,0x00,0x05,0x01,0x3B,0x00,0x37,
   0x01,0x0B,0x00,0x03,0x01,0x3C,0x00,0x35,0x01,0x0D,0x00,0x02,0x01,0x3C,0x00,0x34,
   0x01,0x4C,0x00,0x34,0x01,0x4C,0x00,0x34,0x01,0x4C,0x00,0x34,0x01,0x4C,0x00,0x34,
   0x01,0x4D,0x00,0x32,0x01,0x4E,0x00,0x32,0x01,0x4F,0x00,0x08,0x01,0x04,0x00,0x25,
   0x01,0x50,0x00,0x06,0x01,0x05,0x00,0x25,0x01,0x52,0x00,0x03,0x01,0x06,0x00,0x25,
   0x01,0x5B,0x00,0x25,0x01,0x5B,0x00,0x25,0x01,0x5B,0x00,0x25,0x01,0x5B,0x00,0x25,
   0x01,0x5B,0x00,0x25,0x01,0x5A,0x00,0x25,0x01,0x5B,0x00,0x23,0x01,0x5C,0x00,0x20,
   0x01,0x60,0x00,0x20,0x01,0x18},
  // Frame 185/234 (Size: 632 bytes)
  {0x01,0xFF,0x01,0xFF,0x01,0xFF,0x01,0x64,0x00,0x03,0x01,0x67,0x00,0x07,0x01,0x0D,
   0x00,0x05,0x01,0x5F,0x00,0x12,0x01,0x09,0x00,0x06,0x01,0x5C,0x00,0x16,0x01,0x06,
   0x00,0x08,0x01,0x5A,0x00,0x19,0x01,0x04,0x00,0x09,0x01,0x59,0x00,0x1B,0x01,0x02,
   0x00,0x0B,0x01,0x57,0x00,0x29,0x01,0x57,0x00,0x2A,0x01,0x55,0x00,0x2B,0x01,0x55,
   0x00,0x2C,0x01,0x54,0x00,0x2D,0x01,0x52,0x00,0x2F,0x01,0x51,0x00,0x30,0x01,0x50,
   0x00,0x2F,0x01,0x51,0x00,0x2A,0x01,0x56,0x00,0x2A,0x01,0x56,0x00,0x2A,0x01,0x56,
   0x00,0x2A,0x01,0x56,0x00,0x2A,0x01,0x56,0x00,0x21,0x01,0x01,0x00,0x08,0x01,0x55,
   0x00,0x23,0x01,0x03,0x00,0x04,0x01,0x55,0x00,0x25,0x01,0x05,0x00,0x01,0x01,0x52,
   0x00,0x29,0x01,0x57,0x00,0x29,0x01,0x57,0x00,0x29,0x01,0x57,0x00,0x28,0x01,0x58,
   0x00,0x27,0x01,0x5B,0x00,0x25,0x01,0x5C,0x00,0x23,0x01,0x61,0x00,0x1F,0x01,0x62,
   0x00,0x1E,0x01,0x62,0x00,0x1F,0x01,0x60,0x00,0x20,0x01,0x60,0x00,0x21,0x01,0x5E,
   0x00,0x21,0x01,0x5F,0x00,0x21,0x01,0x60,0x00,0x21,0x01,0x5F,0x00,0x02,0x01,0x01,
   0x00,0x19,0x01,0x01,0x00,0x01,0x01,0x62,0x00,0x01,0x01,0x02,0x00,0x18,0x01,0x68,
   0x00,0x01,0x01,0x01,0x00,0x16,0x01,0x48,0x00,0x02,0x01,0x21,0x00,0x10,0x01,0x02,
   0x00,0x01,0x01,0x49,0x00,0x03,0x01,0x25,0x00,0x0A,0x01,0x4E,0x00,0x03,0x01,0x24,
   0x00,0x0C,0x01,0x4C,0x00,0x06,0x01,0x1C,0x00,0x14,0x01,0x49,0x00,0x09,0x01,0x18,
   0x00,0x1B,0x01,0x43,0x00,0x0C,0x01,0x14,0x00,0x20,0x01,0x40,0x00,0x0D,0x01,0x13,
   0x00,0x22,0x01,0x3D,0x00,0x0F,0x01,0x11,0x00,0x23,0x01,0x3C,0x00,0x11,0x01,0x0F,
   0x00,0x25,0x01,0x3A,0x00,0x14,0x01,0x0C,0x00,0x26,0x01,0x39,0x00,0x16,0x01,0x0A,
   0x00,0x27,0x01,0x21,0x00,0x01,0x01,0x16,0x00,0x18,0x01,0x08,0x00,0x29,0x01,0x1F,
   0x00,0x02,0x01,0x15,0x00,0x1B,0x01,0x06,0x00,0x29,0x01,0x1D,0x00,0x04,0x01,0x14,
   0x00,0x1E,0x01,0x04,0x00,0x29,0x01,0x1B,0x00,0x06,0x01,0x13,0x00,0x4C,0x01,0x1A,
   0x00,0x07,0x01,0x11,0x00,0x4F,0x01,0x17,0x00,0x09,0x01,0x10,0x00,0x51,0x01,0x04,
   0x00,0x04,0x01,0x0B,0x00,0x0C,0x01,0x0F,0x00,0x54,0x01,0x01,0x00,0x1C,0x01,0x0D,
   0x00,0x0F,0x01,0x01,0x00,0x63,0x01,0x0C,0x00,0x0F,0x01,0x03,0x00,0x02,0x01,0x02,
   0x00,0x5E,0x01,0x0B,0x00,0x10,0x01,0x03,0x00,0x02,0x01,0x03,0x00,0x5D,0x01,0x09,
   0x00,0x11,0x01,0x0A,0x00,0x38,0x01,0x04,0x00,0x20,0x01,0x08,0x00,0x06,0x01,0x05,
   0x00,0x07,0x01,0x0B,0x00,0x05,0x01,0x04,0x00,0x2E,0x01,0x06,0x00,0x1E,0x01,0x16,
   0x00,0x03,0x01,0x0D,0x00,0x02,0x01,0x08,0x00,0x2D,0x01,0x07,0x00,0x1C,0x01,0x31,
   0x00,0x2C,0x01,0x09,0x00,0x1A,0x01,0x32,0x00,0x03,0x01,0x01,0x00,0x26,0x01,0x0B,
   0x00,0x19,0x01,0x35,0x00,0x26,0x01,0x0E,0x00,0x17,0x01,0x35,0x00,0x25,0x01,0x10,
   0x00,0x16,0x01,0x35,0x00,0x25,0x01,0x11,0x00,0x0A,0x01,0x03,0x00,0x08,0x01,0x34,
   0x00,0x26,0x01,0x12,0x00,0x07,0x01,0x07,0x00,0x06,0x01,0x34,0x00,0x26,0x01,0x14,
   0x00,0x04,0x01,0x0A,0x00,0x04,0x01,0x34,0x00,0x26,0x01,0x23,0x00,0x03,0x01,0x34,
   0x00,0x26,0x01,0x5A,0x00,0x08,0x01,0x01,0x00,0x1D,0x01,0x5B,0x00,0x06,0x01,0x02,
   0x00,0x1D,0x01,0x5C,0x00,0x05,0x01,0x02,0x00,0x1D,0x01,0x5E,0x00,0x02,0x01,0x02,
   0x00,0x1E,0x01,0x62,0x00,0x1E,0x01,0x62,0x00,0x1D,0x01,0x63,0x00,0x19,0x01,0x67,
   0x00,0x19,0x01,0x66,0x00,0x1A,0x01,0x66,0x00,0x1A,0x01,0x65,0x00,0x1C,0x01,0x64,
   0x00,0x1D,0x01,0x62,0x00,0x1E,0x01,0x61,0x00,0x20,0x01,0x60,0x00,0x1F,0x01,0x61,
   0x00,0x1F,0x01,0x61,0x00,0x1F,0x01,0x29},
  // Frame 186/234 (Size: 646 bytes)
  {0x01,0xFF,0x01,0xFF,0x01,0xFF,0x01,0xFF,0x01,0xBE,0x00,0x0D,0x01,0x70,0x00,0x13,
   0x01,0x0A,0x00,0x04,0x01,0x5E,0x00,0x15,0x01,0x07,0x00,0x05,0x01,0x5E,0x00,0x17,
   0x01,0x05,0x00,0x06,0x01,0x5D,0x00,0x19,0x01,0x02,0x00,0x09,0x01,0x5B,0x00,0x25,
   0x01,0x5B,0x00,0x25,0x01,0x5B,0x00,0x26,0x01,0x59,0x00,0x27,0x01,0x59,0x00,0x28,
   0x01,0x58,0x00,0x29,0x01,0x57,0x00,0x2A,0x01,0x56,0x00,0x29,0x01,0x57,0x00,0x24,
   0x01,0x5C,0x00,0x25,0x01,0x5B,0x00,0x25,0x01,0x5A,0x00,0x26,0x01,0x58,0x00,0x21,
   0x01,0x02,0x00,0x04,0x01,0x58,0x00,0x23,0x01,0x03,0x00,0x02,0x01,0x57,0x00,0x25,
   0x01,0x5B,0x00,0x25,0x01,0x5C,0x00,0x24,0x01,0x5D,0x00,0x23,0x01,0x5E,0x00,0x20,
   0x01,0x63,0x00,0x1C,0x01,0x65,0x00,0x1B,0x01,0x65,0x00,0x1B,0x01,0x65,0x00,0x1C,
   0x01,0x63,0x00,0x1E,0x01,0x61,0x00,0x1D,0x01,0x63,0x00,0x1E,0x01,0x64,0x00,0x18,
   0x01,0x01,0x00,0x01,0x01,0x65,0x00,0x02,0x01,0x01,0x00,0x16,0x01,0x6A,0x00,0x01,
   0x01,0x01,0x00,0x14,0x01,0x6D,0x00,0x0E,0x01,0x74,0x00,0x01,0x01,0x01,0x00,0x08,
   0x01,0x4D,0x00,0x02,0x01,0x28,0x00,0x0A,0x01,0x4C,0x00,0x02,0x01,0x22,0x00,0x12,
   0x01,0x49,0x00,0x04,0x01,0x1E,0x00,0x1A,0x01,0x43,0x00,0x07,0x01,0x1B,0x00,0x1E,
   0x01,0x23,0x00,0x02,0x01,0x1B,0x00,0x09,0x01,0x18,0x00,0x20,0x01,0x22,0x00,0x03,
   0x01,0x19,0x00,0x0C,0x01,0x15,0x00,0x21,0x01,0x21,0x00,0x05,0x01,0x17,0x00,0x0F,
   0x01,0x13,0x00,0x22,0x01,0x1E,0x00,0x07,0x01,0x16,0x00,0x11,0x01,0x11,0x00,0x23,
   0x01,0x1B,0x00,0x0B,0x01,0x14,0x00,0x13,0x01,0x10,0x00,0x24,0x01,0x18,0x00,0x0E,
   0x01,0x13,0x00,0x15,0x01,0x0E,0x00,0x24,0x01,0x16,0x00,0x11,0x01,0x11,0x00,0x17,
   0x01,0x0C,0x00,0x26,0x01,0x14,0x00,0x13,0x01,0x0F,0x00,0x1B,0x01,0x09,0x00,0x26,
   0x01,0x12,0x00,0x15,0x01,0x0E,0x00,0x4B,0x01,0x10,0x00,0x18,0x01,0x0C,0x00,0x4C,
   0x01,0x02,0x00,0x04,0x01,0x08,0x00,0x1B,0x01,0x0A,0x00,0x77,0x01,0x08,0x00,0x79,
   0x01,0x06,0x00,0x7B,0x01,0x03,0x00,0x7D,0x01,0x02,0x00,0x0E,0x01,0x02,0x00,0x02,
   0x01,0x03,0x00,0x17,0x01,0x01,0x00,0x51,0x01,0x01,0x00,0x0E,0x01,0x03,0x00,0x02,
   0x01,0x04,0x00,0x15,0x01,0x03,0x00,0x23,0x01,0x02,0x00,0x39,0x01,0x0B,0x00,0x06,
   0x01,0x03,0x00,0x09,0x01,0x05,0x00,0x22,0x01,0x04,0x00,0x38,0x01,0x0C,0x00,0x03,
   0x01,0x07,0x00,0x06,0x01,0x07,0x00,0x20,0x01,0x07,0x00,0x35,0x01,0x0D,0x00,0x01,
   0x01,0x0A,0x00,0x04,0x01,0x08,0x00,0x20,0x01,0x08,0x00,0x29,0x01,0x07,0x00,0x04,
   0x01,0x24,0x00,0x21,0x01,0x08,0x00,0x08,0x01,0x04,0x00,0x08,0x01,0x06,0x00,0x03,
   0x01,0x02,0x00,0x07,0x01,0x31,0x00,0x21,0x01,0x0A,0x00,0x05,0x01,0x07,0x00,0x04,
   0x01,0x08,0x00,0x02,0x01,0x04,0x00,0x06,0x01,0x31,0x00,0x21,0x01,0x0B,0x00,0x02,
   0x01,0x0A,0x00,0x02,0x01,0x09,0x00,0x01,0x01,0x06,0x00,0x05,0x01,0x31,0x00,0x21,
   0x01,0x2A,0x00,0x04,0x01,0x31,0x00,0x21,0x01,0x2A,0x00,0x04,0x01,0x31,0x00,0x21,
   0x01,0x2B,0x00,0x03,0x01,0x31,0x00,0x21,0x01,0x2C,0x00,0x02,0x01,0x31,0x00,0x19,
   0x01,0x01,0x00,0x07,0x01,0x2D,0x00,0x01,0x01,0x32,0x00,0x18,0x01,0x01,0x00,0x07,
   0x01,0x61,0x00,0x17,0x01,0x02,0x00,0x05,0x01,0x62,0x00,0x17,0x01,0x03,0x00,0x02,
   0x01,0x64,0x00,0x17,0x01,0x69,0x00,0x17,0x01,0x69,0x00,0x17,0x01,0x67,0x00,0x19,
   0x01,0x67,0x00,0x1A,0x01,0x66,0x00,0x1B,0x01,0x65,0x00,0x1B,0x01,0x64,0x00,0x1C,
   0x01,0x64,0x00,0x1B,0x01,0x66,0x00,0x1A,0x01,0x66,0x00,0x1A,0x01,0x66,0x00,0x1B,
   0x01,0x64,0x00,0x1D,0x01,0x63,0x00,0x1D,0x01,0x62,0x00,0x1E,0x01,0x62,0x00,0x1F,
   0x01,0x60,0x00,0x21,0x01,0x31},
  // Frame 187/234 (Size: 678 bytes)
  {0x01,0xFF,0x01,0xFF,0x01,0xFF,0x01,0xFF,0x01,0xFF,0x01,0xFF,0x01,0xBE,0x00,0x0B,
   0x01,0x73,0x00,0x12,0x01,0x0B,0x00,0x01,0x01,0x61,0x00,0x15,0x01,0x08,0x00,0x02,
   0x01,0x60,0x00,0x17,0x01,0x05,0x00,0x04,0x01,0x5F,0x00,0x19,0x01,0x03,0x00,0x05,
   0x01,0x5F,0x00,0x1A,0x01,0x01,0x00,0x07,0x01,0x5D,0x00,0x23,0x01,0x5D,0x00,0x23,
   0x01,0x5D,0x00,0x24,0x01,0x5B,0x00,0x25,0x01,0x5B,0x00,0x26,0x01,0x5A,0x00,0x27,
   0x01,0x59,0x00,0x27,0x01,0x5A,0x00,0x24,0x01,0x5B,0x00,0x22,0x01,0x5D,0x00,0x23,
   0x01,0x5B,0x00,0x25,0x01,0x5A,0x00,0x26,0x01,0x59,0x00,0x23,0x01,0x02,0x00,0x02,
   0x01,0x5A,0x00,0x22,0x01,0x5E,0x00,0x23,0x01,0x5E,0x00,0x23,0x01,0x60,0x00,0x20,
   0x01,0x61,0x00,0x1C,0x01,0x01,0x00,0x01,0x01,0x62,0x00,0x1B,0x01,0x65,0x00,0x1B,
   0x01,0x64,0x00,0x1B,0x01,0x64,0x00,0x1C,0x01,0x64,0x00,0x1D,0x01,0x64,0x00,0x1D,
   0x01,0x65,0x00,0x19,0x01,0x69,0x00,0x18,0x01,0x68,0x00,0x14,0x01,0x03,0x00,0x01,
   0x01,0x69,0x00,0x02,0x01,0x01,0x00,0x0A,0x01,0x01,0x00,0x04,0x01,0x72,0x00,0x09,
   0x01,0x01,0x00,0x01,0x01,0x46,0x00,0x02,0x01,0x2D,0x00,0x09,0x01,0x47,0x00,0x03,
   0x01,0x28,0x00,0x10,0x01,0x44,0x00,0x05,0x01,0x23,0x00,0x18,0x01,0x40,0x00,0x08,
   0x01,0x1F,0x00,0x1C,0x01,0x3C,0x00,0x0B,0x01,0x1C,0x00,0x1F,0x01,0x1C,0x00,0x01,
   0x01,0x1C,0x00,0x0E,0x01,0x19,0x00,0x21,0x01,0x1B,0x00,0x02,0x01,0x1A,0x00,0x10,
   0x01,0x18,0x00,0x21,0x01,0x1B,0x00,0x03,0x01,0x18,0x00,0x12,0x01,0x16,0x00,0x23,
   0x01,0x17,0x00,0x07,0x01,0x16,0x00,0x15,0x01,0x14,0x00,0x24,0x01,0x14,0x00,0x09,
   0x01,0x15,0x00,0x17,0x01,0x13,0x00,0x24,0x01,0x12,0x00,0x0C,0x01,0x13,0x00,0x1A,
   0x01,0x11,0x00,0x25,0x01,0x0F,0x00,0x0F,0x01,0x11,0x00,0x1E,0x01,0x06,0x00,0x04,
   0x01,0x03,0x00,0x26,0x01,0x0D,0x00,0x12,0x01,0x0F,0x00,0x2A,0x01,0x01,0x00,0x27,
   0x01,0x0C,0x00,0x13,0x01,0x0F,0x00,0x52,0x01,0x0A,0x00,0x16,0x01,0x0E,0x00,0x73,
   0x01,0x0D,0x00,0x74,0x01,0x0C,0x00,0x2C,0x01,0x02,0x00,0x47,0x01,0x0B,0x00,0x2A,
   0x01,0x04,0x00,0x48,0x01,0x0A,0x00,0x07,0x01,0x02,0x00,0x04,0x01,0x02,0x00,0x19,
   0x01,0x06,0x00,0x49,0x01,0x09,0x00,0x06,0x01,0x04,0x00,0x02,0x01,0x05,0x00,0x15,
   0x01,0x09,0x00,0x49,0x01,0x08,0x00,0x06,0x01,0x05,0x00,0x01,0x01,0x06,0x00,0x06,
   0x01,0x04,0x00,0x09,0x01,0x0A,0x00,0x4A,0x01,0x07,0x00,0x05,0x01,0x0E,0x00,0x03,
   0x01,0x07,0x00,0x06,0x01,0x0D,0x00,0x4B,0x01,0x05,0x00,0x04,0x01,0x0F,0x00,0x02,
   0x01,0x09,0x00,0x04,0x01,0x0E,0x00,0x21,0x01,0x01,0x00,0x2A,0x01,0x04,0x00,0x04,
   0x01,0x2C,0x00,0x18,0x01,0x02,0x00,0x07,0x01,0x02,0x00,0x07,0x01,0x04,0x00,0x07,
   0x01,0x05,0x00,0x02,0x01,0x03,0x00,0x0E,0x01,0x03,0x00,0x03,0x01,0x2D,0x00,0x19,
   0x01,0x01,0x00,0x07,0x01,0x03,0x00,0x04,0x01,0x08,0x00,0x03,0x01,0x07,0x00,0x02,
   0x01,0x04,0x00,0x0E,0x01,0x32,0x00,0x19,0x01,0x01,0x00,0x07,0x01,0x04,0x00,0x02,
   0x01,0x0A,0x00,0x02,0x01,0x07,0x00,0x01,0x01,0x06,0x00,0x0F,0x01,0x30,0x00,0x19,
   0x01,0x01,0x00,0x07,0x01,0x20,0x00,0x0F,0x01,0x30,0x00,0x19,0x01,0x01,0x00,0x07,
   0x01,0x21,0x00,0x0E,0x01,0x30,0x00,0x19,0x01,0x01,0x00,0x07,0x01,0x21,0x00,0x04,
   0x01,0x08,0x00,0x02,0x01,0x31,0x00,0x18,0x01,0x01,0x00,0x07,0x01,0x22,0x00,0x01,
   0x01,0x3E,0x00,0x16,0x01,0x03,0x00,0x06,0x01,0x61,0x00,0x16,0x01,0x03,0x00,0x05,
   0x01,0x62,0x00,0x16,0x01,0x05,0x00,0x01,0x01,0x64,0x00,0x16,0x01,0x6A,0x00,0x16,
   0x01,0x69,0x00,0x17,0x01,0x68,0x00,0x18,0x01,0x66,0x00,0x1A,0x01,0x67,0x00,0x1A,
   0x01,0x66,0x00,0x1B,0x01,0x66,0x00,0x1A,0x01,0x65,0x00,0x1B,0x01,0x66,0x00,0x1A,
   0x01,0x65,0x00,0x1A,0x01,0x65,0x00,0x1B,0x01,0x65,0x00,0x1B,0x01,0x64,0x00,0x1D,
   0x01,0x63,0x00,0x1D,0x01,0x36},
  // Frame 188/234 (Size: 686 bytes)
  {0x01,0xFF,0x01,0xFF,0x01,0xFF,0x01,0xFF,0x01,0xFF,0x01,0xFF,0x01,0x3E,0x00,0x09,
   0x01,0x75,0x00,0x11,0x01,0x6E,0x00,0x14,0x01,0x6B,0x00,0x17,0x01,0x68,0x00,0x19,
   0x01,0x05,0x00,0x04,0x01,0x5E,0x00,0x19,0x01,0x04,0x00,0x04,0x01,0x5E,0x00,0x1B,
   0x01,0x01,0x00,0x06,0x01,0x5E,0x00,0x22,0x01,0x5E,0x00,0x23,0x01,0x5C,0x00,0x24,
   0x01,0x5C,0x00,0x24,0x01,0x5C,0x00,0x25,0x01,0x5B,0x00,0x25,0x01,0x5B,0x00,0x26,
   0x01,0x5A,0x00,0x27,0x01,0x58,0x00,0x23,0x01,0x01,0x00,0x04,0x01,0x55,0x00,0x26,
   0x01,0x5A,0x00,0x26,0x01,0x59,0x00,0x27,0x01,0x59,0x00,0x23,0x01,0x01,0x00,0x03,
   0x01,0x5A,0x00,0x22,0x01,0x02,0x00,0x01,0x01,0x5C,0x00,0x22,0x01,0x61,0x00,0x20,
   0x01,0x60,0x00,0x1D,0x01,0x01,0x00,0x02,0x01,0x61,0x00,0x1B,0x01,0x02,0x00,0x01,
   0x01,0x61,0x00,0x1C,0x01,0x64,0x00,0x1B,0x01,0x64,0x00,0x1B,0x01,0x64,0x00,0x1D,
   0x01,0x64,0x00,0x1D,0x01,0x63,0x00,0x1E,0x01,0x64,0x00,0x01,0x01,0x01,0x00,0x18,
   0x01,0x69,0x00,0x15,0x01,0x01,0x00,0x01,0x01,0x69,0x00,0x0E,0x01,0x01,0x00,0x05,
   0x01,0x40,0x00,0x01,0x01,0x2F,0x00,0x0A,0x01,0x01,0x00,0x01,0x01,0x01,0x00,0x01,
   0x01,0x41,0x00,0x02,0x01,0x30,0x00,0x08,0x01,0x45,0x00,0x04,0x01,0x2D,0x00,0x0B,
   0x01,0x43,0x00,0x07,0x01,0x25,0x00,0x13,0x01,0x41,0x00,0x09,0x01,0x20,0x00,0x1A,
   0x01,0x3C,0x00,0x0C,0x01,0x1E,0x00,0x1C,0x01,0x39,0x00,0x0E,0x01,0x1C,0x00,0x1F,
   0x01,0x1C,0x00,0x01,0x01,0x19,0x00,0x11,0x01,0x1A,0x00,0x1F,0x01,0x1C,0x00,0x02,
   0x01,0x17,0x00,0x13,0x01,0x18,0x00,0x21,0x01,0x19,0x00,0x05,0x01,0x15,0x00,0x15,
   0x01,0x17,0x00,0x22,0x01,0x15,0x00,0x08,0x01,0x14,0x00,0x18,0x01,0x14,0x00,0x23,
   0x01,0x12,0x00,0x0C,0x01,0x13,0x00,0x19,0x01,0x13,0x00,0x24,0x01,0x10,0x00,0x0D,
   0x01,0x13,0x00,0x1B,0x01,0x11,0x00,0x24,0x01,0x0E,0x00,0x10,0x01,0x12,0x00,0x27,
   0x01,0x04,0x00,0x26,0x01,0x0B,0x00,0x13,0x01,0x11,0x00,0x27,0x01,0x01,0x00,0x29,
   0x01,0x09,0x00,0x15,0x01,0x11,0x00,0x70,0x01,0x10,0x00,0x71,0x01,0x0F,0x00,0x2C,
   0x01,0x01,0x00,0x45,0x01,0x0E,0x00,0x29,0x01,0x05,0x00,0x45,0x01,0x0D,0x00,0x04,
   0x01,0x03,0x00,0x02,0x01,0x03,0x00,0x1B,0x01,0x06,0x00,0x47,0x01,0x0C,0x00,0x03,
   0x01,0x05,0x00,0x01,0x01,0x05,0x00,0x17,0x01,0x08,0x00,0x48,0x01,0x0B,0x00,0x03,
   0x01,0x05,0x00,0x01,0x01,0x06,0x00,0x07,0x01,0x02,0x00,0x0C,0x01,0x0A,0x00,0x48,
   0x01,0x0A,0x00,0x02,0x01,0x0E,0x00,0x04,0x01,0x06,0x00,0x08,0x01,0x0D,0x00,0x48,
   0x01,0x09,0x00,0x02,0x01,0x0E,0x00,0x02,0x01,0x09,0x00,0x06,0x01,0x0E,0x00,0x20,
   0x01,0x01,0x00,0x28,0x01,0x08,0x00,0x01,0x01,0x1B,0x00,0x03,0x01,0x10,0x00,0x20,
   0x01,0x02,0x00,0x07,0x01,0x04,0x00,0x08,0x01,0x04,0x00,0x02,0x01,0x02,0x00,0x0D,
   0x01,0x36,0x00,0x21,0x01,0x02,0x00,0x04,0x01,0x07,0x00,0x05,0x01,0x06,0x00,0x01,
   0x01,0x04,0x00,0x0D,0x01,0x35,0x00,0x19,0x01,0x01,0x00,0x07,0x01,0x03,0x00,0x02,
   0x01,0x0A,0x00,0x02,0x01,0x0D,0x00,0x0D,0x01,0x34,0x00,0x19,0x01,0x01,0x00,0x07,
   0x01,0x1E,0x00,0x0E,0x01,0x33,0x00,0x19,0x01,0x01,0x00,0x07,0x01,0x1E,0x00,0x0F,
   0x01,0x32,0x00,0x19,0x01,0x01,0x00,0x07,0x01,0x1F,0x00,0x0F,0x01,0x31,0x00,0x19,
   0x01,0x01,0x00,0x07,0x01,0x20,0x00,0x02,0x01,0x08,0x00,0x05,0x01,0x30,0x00,0x19,
   0x01,0x01,0x00,0x07,0x01,0x2D,0x00,0x03,0x01,0x30,0x00,0x17,0x01,0x03,0x00,0x06,
   0x01,0x61,0x00,0x16,0x01,0x03,0x00,0x06,0x01,0x62,0x00,0x15,0x01,0x04,0x00,0x03,
   0x01,0x63,0x00,0x16,0x01,0x6A,0x00,0x17,0x01,0x69,0x00,0x17,0x01,0x67,0x00,0x19,
   0x01,0x66,0x00,0x1A,0x01,0x66,0x00,0x1B,0x01,0x66,0x00,0x1B,0x01,0x66,0x00,0x1A,
   0x01,0x66,0x00,0x1A,0x01,0x65,0x00,0x1A,0x01,0x66,0x00,0x1A,0x01,0x65,0x00,0x1B,
   0x01,0x64,0x00,0x1C,0x01,0x64,0x00,0x1D,0x01,0x62,0x00,0x1E,0x01,0x36},
  // Frame 189/234 (Size: 674 bytes)
  {0x01,0xFF,0x01,0xFF,0x01,0xFF,0x01,0xFF,0x01,0xFF,0x01,0xFF,0x01,0x3D,0x00,0x0B,
   0x01,0x73,0x00,0x12,0x01,0x6D,0x00,0x15,0x01,0x6A,0x00,0x17,0x01,0x09,0x00,0x02,
   0x01,0x5D,0x00,0x19,0x01,0x06,0x00,0x04,0x01,0x5D,0x00,0x1A,0x01,0x04,0x00,0x05,
   0x01,0x5C,0x00,0x1C,0x01,0x01,0x00,0x07,0x01,0x5C,0x00,0x24,0x01,0x5C,0x00,0x24,
   0x01,0x5C,0x00,0x24,0x01,0x5B,0x00,0x26,0x01,0x5A,0x00,0x26,0x01,0x5A,0x00,0x26,
   0x01,0x5B,0x00,0x26,0x01,0x59,0x00,0x28,0x01,0x55,0x00,0x2A,0x01,0x55,0x00,0x27,
   0x01,0x58,0x00,0x28,0x01,0x58,0x00,0x28,0x01,0x59,0x00,0x27,0x01,0x5A,0x00,0x22,
   0x01,0x01,0x00,0x02,0x01,0x5B,0x00,0x23,0x01,0x5F,0x00,0x21,0x01,0x60,0x00,0x20,
   0x01,0x60,0x00,0x1D,0x01,0x02,0x00,0x01,0x01,0x60,0x00,0x1D,0x01,0x63,0x00,0x1D,
   0x01,0x62,0x00,0x1C,0x01,0x63,0x00,0x1D,0x01,0x64,0x00,0x1D,0x01,0x63,0x00,0x1E,
   0x01,0x64,0x00,0x01,0x01,0x01,0x00,0x18,0x01,0x68,0x00,0x18,0x01,0x69,0x00,0x15,
   0x01,0x02,0x00,0x01,0x01,0x3C,0x00,0x02,0x01,0x2B,0x00,0x01,0x01,0x01,0x00,0x0B,
   0x01,0x01,0x00,0x04,0x01,0x41,0x00,0x02,0x01,0x2F,0x00,0x08,0x01,0x02,0x00,0x01,
   0x01,0x43,0x00,0x04,0x01,0x2D,0x00,0x0A,0x01,0x44,0x00,0x07,0x01,0x26,0x00,0x11,
   0x01,0x41,0x00,0x0A,0x01,0x20,0x00,0x18,0x01,0x3D,0x00,0x0C,0x01,0x1E,0x00,0x1C,
   0x01,0x1F,0x00,0x01,0x01,0x19,0x00,0x0F,0x01,0x1B,0x00,0x1E,0x01,0x1E,0x00,0x02,
   0x01,0x17,0x00,0x11,0x01,0x1A,0x00,0x1F,0x01,0x1B,0x00,0x05,0x01,0x15,0x00,0x13,
   0x01,0x18,0x00,0x21,0x01,0x17,0x00,0x09,0x01,0x13,0x00,0x15,0x01,0x17,0x00,0x21,
   0x01,0x14,0x00,0x0C,0x01,0x13,0x00,0x17,0x01,0x15,0x00,0x22,0x01,0x11,0x00,0x0F,
   0x01,0x12,0x00,0x18,0x01,0x13,0x00,0x24,0x01,0x0F,0x00,0x11,0x01,0x11,0x00,0x1A,
   0x01,0x11,0x00,0x24,0x01,0x0D,0x00,0x13,0x01,0x11,0x00,0x1D,0x01,0x0E,0x00,0x25,
   0x01,0x0A,0x00,0x16,0x01,0x10,0x00,0x26,0x01,0x02,0x00,0x2C,0x01,0x02,0x00,0x1B,
   0x01,0x0F,0x00,0x72,0x01,0x0E,0x00,0x73,0x01,0x0D,0x00,0x74,0x01,0x0C,0x00,0x04,
   0x01,0x02,0x00,0x03,0x01,0x01,0x00,0x1F,0x01,0x04,0x00,0x48,0x01,0x0B,0x00,0x03,
   0x01,0x04,0x00,0x01,0x01,0x04,0x00,0x1B,0x01,0x06,0x00,0x49,0x01,0x0A,0x00,0x02,
   0x01,0x05,0x00,0x01,0x01,0x06,0x00,0x17,0x01,0x08,0x00,0x4A,0x01,0x09,0x00,0x01,
   0x01,0x0E,0x00,0x14,0x01,0x09,0x00,0x4C,0x01,0x08,0x00,0x01,0x01,0x0E,0x00,0x03,
   0x01,0x07,0x00,0x09,0x01,0x0B,0x00,0x21,0x01,0x01,0x00,0x2A,0x01,0x16,0x00,0x02,
   0x01,0x09,0x00,0x06,0x01,0x0E,0x00,0x20,0x01,0x03,0x00,0x08,0x01,0x01,0x00,0x0C,
   0x01,0x02,0x00,0x03,0x01,0x02,0x00,0x0E,0x01,0x20,0x00,0x04,0x01,0x0F,0x00,0x20,
   0x01,0x04,0x00,0x04,0x01,0x07,0x00,0x05,0x01,0x07,0x00,0x01,0x01,0x04,0x00,0x0E,
   0x01,0x20,0x00,0x01,0x01,0x11,0x00,0x20,0x01,0x05,0x00,0x02,0x01,0x09,0x00,0x03,
   0x01,0x0E,0x00,0x0E,0x01,0x31,0x00,0x20,0x01,0x11,0x00,0x01,0x01,0x10,0x00,0x0E,
   0x01,0x30,0x00,0x21,0x01,0x21,0x00,0x10,0x01,0x2E,0x00,0x19,0x01,0x01,0x00,0x07,
   0x01,0x22,0x00,0x0F,0x01,0x2E,0x00,0x19,0x01,0x01,0x00,0x07,0x01,0x23,0x00,0x03,
   0x01,0x05,0x00,0x06,0x01,0x2E,0x00,0x18,0x01,0x02,0x00,0x07,0x01,0x2F,0x00,0x02,
   0x01,0x2E,0x00,0x18,0x01,0x02,0x00,0x07,0x01,0x5F,0x00,0x18,0x01,0x03,0x00,0x07,
   0x01,0x5F,0x00,0x17,0x01,0x03,0x00,0x06,0x01,0x61,0x00,0x16,0x01,0x03,0x00,0x05,
   0x01,0x63,0x00,0x16,0x01,0x04,0x00,0x01,0x01,0x65,0x00,0x16,0x01,0x6A,0x00,0x16,
   0x01,0x6A,0x00,0x16,0x01,0x67,0x00,0x1A,0x01,0x65,0x00,0x1B,0x01,0x66,0x00,0x1B,
   0x01,0x66,0x00,0x1B,0x01,0x66,0x00,0x19,0x01,0x67,0x00,0x19,0x01,0x66,0x00,0x1A,
   0x01,0x65,0x00,0x1B,0x01,0x65,0x00,0x1B,0x01,0x64,0x00,0x1D,0x01,0x63,0x00,0x1D,
   0x01,0x36},
  // Frame 190/234 (Size: 642 bytes)
  {0x01,0xFF,0x01,0xFF,0x01,0xFF,0x01,0xFF,0x01,0xFF,0x01,0xFF,0x01,0x3F,0x00,0x0A,
   0x01,0x74,0x00,0x11,0x01,0x6D,0x00,0x15,0x01,0x6A,0x00,0x17,0x01,0x69,0x00,0x18,
   0x01,0x05,0x00,0x04,0x01,0x5E,0x00,0x1A,0x01,0x02,0x00,0x06,0x01,0x5E,0x00,0x22,
   0x01,0x5D,0x00,0x23,0x01,0x5D,0x00,0x23,0x01,0x5D,0x00,0x23,0x01,0x5D,0x00,0x24,
   0x01,0x5C,0x00,0x24,0x01,0x5B,0x00,0x26,0x01,0x5B,0x00,0x25,0x01,0x5B,0x00,0x26,
   0x01,0x59,0x00,0x22,0x01,0x03,0x00,0x02,0x01,0x58,0x00,0x23,0x01,0x5B,0x00,0x25,
   0x01,0x5B,0x00,0x25,0x01,0x5A,0x00,0x22,0x01,0x02,0x00,0x02,0x01,0x5A,0x00,0x23,
   0x01,0x02,0x00,0x01,0x01,0x5B,0x00,0x23,0x01,0x5E,0x00,0x22,0x01,0x61,0x00,0x1C,
   0x01,0x01,0x00,0x02,0x01,0x61,0x00,0x1C,0x01,0x64,0x00,0x1C,0x01,0x63,0x00,0x1B,
   0x01,0x64,0x00,0x1C,0x01,0x64,0x00,0x1D,0x01,0x64,0x00,0x1D,0x01,0x62,0x00,0x01,
   0x01,0x01,0x00,0x1D,0x01,0x64,0x00,0x01,0x01,0x01,0x00,0x17,0x01,0x69,0x00,0x18,
   0x01,0x41,0x00,0x01,0x01,0x27,0x00,0x14,0x01,0x02,0x00,0x01,0x01,0x40,0x00,0x02,
   0x01,0x2C,0x00,0x0B,0x01,0x01,0x00,0x01,0x01,0x44,0x00,0x03,0x01,0x2C,0x00,0x08,
   0x01,0x48,0x00,0x06,0x01,0x29,0x00,0x0A,0x01,0x47,0x00,0x08,0x01,0x21,0x00,0x13,
   0x01,0x26,0x00,0x01,0x01,0x1C,0x00,0x0A,0x01,0x1D,0x00,0x1A,0x01,0x21,0x00,0x02,
   0x01,0x1B,0x00,0x0D,0x01,0x1A,0x00,0x1D,0x01,0x1F,0x00,0x03,0x01,0x19,0x00,0x0F,
   0x01,0x18,0x00,0x1F,0x01,0x1C,0x00,0x06,0x01,0x17,0x00,0x11,0x01,0x17,0x00,0x20,
   0x01,0x18,0x00,0x09,0x01,0x16,0x00,0x13,0x01,0x15,0x00,0x22,0x01,0x15,0x00,0x0C,
   0x01,0x14,0x00,0x15,0x01,0x14,0x00,0x22,0x01,0x13,0x00,0x0E,0x01,0x12,0x00,0x19,
   0x01,0x11,0x00,0x24,0x01,0x10,0x00,0x11,0x01,0x10,0x00,0x1B,0x01,0x10,0x00,0x24,
   0x01,0x0E,0x00,0x14,0x01,0x0E,0x00,0x1E,0x01,0x0D,0x00,0x26,0x01,0x0B,0x00,0x17,
   0x01,0x0C,0x00,0x23,0x01,0x09,0x00,0x2A,0x01,0x04,0x00,0x1A,0x01,0x0C,0x00,0x2A,
   0x01,0x02,0x00,0x49,0x01,0x0B,0x00,0x76,0x01,0x0A,0x00,0x77,0x01,0x09,0x00,0x09,
   0x01,0x01,0x00,0x6E,0x01,0x08,0x00,0x08,0x01,0x03,0x00,0x02,0x01,0x03,0x00,0x1C,
   0x01,0x02,0x00,0x4B,0x01,0x07,0x00,0x07,0x01,0x04,0x00,0x02,0x01,0x04,0x00,0x19,
   0x01,0x04,0x00,0x4C,0x01,0x06,0x00,0x07,0x01,0x05,0x00,0x01,0x01,0x05,0x00,0x16,
   0x01,0x05,0x00,0x4E,0x01,0x05,0x00,0x06,0x01,0x0D,0x00,0x04,0x01,0x05,0x00,0x0A,
   0x01,0x08,0x00,0x23,0x01,0x02,0x00,0x29,0x01,0x06,0x00,0x03,0x01,0x0E,0x00,0x02,
   0x01,0x08,0x00,0x08,0x01,0x0A,0x00,0x21,0x01,0x04,0x00,0x08,0x01,0x02,0x00,0x09,
   0x01,0x05,0x00,0x01,0x01,0x03,0x00,0x0D,0x01,0x21,0x00,0x05,0x01,0x0C,0x00,0x20,
   0x01,0x06,0x00,0x05,0x01,0x06,0x00,0x05,0x01,0x0C,0x00,0x0D,0x01,0x21,0x00,0x03,
   0x01,0x0D,0x00,0x20,0x01,0x08,0x00,0x02,0x01,0x09,0x00,0x02,0x01,0x0D,0x00,0x0E,
   0x01,0x30,0x00,0x20,0x01,0x14,0x00,0x01,0x01,0x0E,0x00,0x0E,0x01,0x2F,0x00,0x20,
   0x01,0x23,0x00,0x0E,0x01,0x2F,0x00,0x20,0x01,0x24,0x00,0x0D,0x01,0x2F,0x00,0x21,
   0x01,0x23,0x00,0x06,0x01,0x02,0x00,0x05,0x01,0x2F,0x00,0x21,0x01,0x2E,0x00,0x02,
   0x01,0x2F,0x00,0x21,0x01,0x5E,0x00,0x22,0x01,0x5F,0x00,0x21,0x01,0x5F,0x00,0x21,
   0x01,0x62,0x00,0x1C,0x01,0x65,0x00,0x17,0x01,0x69,0x00,0x17,0x01,0x69,0x00,0x17,
   0x01,0x69,0x00,0x18,0x01,0x66,0x00,0x1A,0x01,0x65,0x00,0x1D,0x01,0x65,0x00,0x1B,
   0x01,0x65,0x00,0x1B,0x01,0x65,0x00,0x1A,0x01,0x66,0x00,0x1A,0x01,0x66,0x00,0x1A,
   0x01,0x66,0x00,0x1A,0x01,0x65,0x00,0x1C,0x01,0x64,0x00,0x1C,0x01,0x63,0x00,0x1E,
   0x01,0x32},
  // Frame 191/234 (Size: 616 bytes)
  {0x01,0xFF,0x01,0xFF,0x01,0xFF,0x01,0xFF,0x01,0xFF,0x01,0xD6,0x00,0x02,0x01,0x7D,
   0x00,0x03,0x01,0x66,0x00,0x0E,0x01,0x08,0x00,0x05,0x01,0x62,0x00,0x13,0x01,0x05,
   0x00,0x06,0x01,0x60,0x00,0x16,0x01,0x03,0x00,0x07,0x01,0x5F,0x00,0x18,0x01,0x01,
   0x00,0x09,0x01,0x5E,0x00,0x22,0x01,0x5D,0x00,0x24,0x01,0x5C,0x00,0x25,0x01,0x5A,
   0x00,0x27,0x01,0x59,0x00,0x28,0x01,0x58,0x00,0x26,0x01,0x5A,0x00,0x23,0x01,0x5D,
   0x00,0x23,0x01,0x5D,0x00,0x23,0x01,0x5D,0x00,0x23,0x01,0x5D,0x00,0x23,0x01,0x5D,
   0x00,0x1D,0x01,0x03,0x00,0x03,0x01,0x5C,0x00,0x1F,0x01,0x60,0x00,0x21,0x01,0x5D,
   0x00,0x24,0x01,0x5C,0x00,0x24,0x01,0x5B,0x00,0x25,0x01,0x5C,0x00,0x22,0x01,0x5F,
   0x00,0x20,0x01,0x61,0x00,0x1E,0x01,0x65,0x00,0x1B,0x01,0x66,0x00,0x1B,0x01,0x65,
   0x00,0x1C,0x01,0x64,0x00,0x1D,0x01,0x62,0x00,0x1C,0x01,0x64,0x00,0x1D,0x01,0x64,
   0x00,0x18,0x01,0x01,0x00,0x01,0x01,0x66,0x00,0x01,0x01,0x01,0x00,0x16,0x01,0x6A,
   0x00,0x01,0x01,0x01,0x00,0x13,0x01,0x4A,0x00,0x02,0x01,0x22,0x00,0x0E,0x01,0x01,
   0x00,0x01,0x01,0x4B,0x00,0x03,0x01,0x26,0x00,0x09,0x01,0x4D,0x00,0x05,0x01,0x25,
   0x00,0x0A,0x01,0x2B,0x00,0x01,0x01,0x1F,0x00,0x07,0x01,0x1F,0x00,0x14,0x01,0x26,
   0x00,0x02,0x01,0x1D,0x00,0x0A,0x01,0x19,0x00,0x1B,0x01,0x22,0x00,0x03,0x01,0x1C,
   0x00,0x0C,0x01,0x17,0x00,0x1E,0x01,0x1E,0x00,0x06,0x01,0x1A,0x00,0x0F,0x01,0x14,
   0x00,0x20,0x01,0x1A,0x00,0x0A,0x01,0x18,0x00,0x11,0x01,0x12,0x00,0x21,0x01,0x18,
   0x00,0x0C,0x01,0x17,0x00,0x13,0x01,0x11,0x00,0x22,0x01,0x16,0x00,0x0E,0x01,0x14,
   0x00,0x16,0x01,0x0F,0x00,0x23,0x01,0x14,0x00,0x11,0x01,0x12,0x00,0x18,0x01,0x0E,
   0x00,0x24,0x01,0x12,0x00,0x13,0x01,0x0F,0x00,0x1B,0x01,0x0C,0x00,0x25,0x01,0x10,
   0x00,0x16,0x01,0x0D,0x00,0x1E,0x01,0x0A,0x00,0x25,0x01,0x0E,0x00,0x18,0x01,0x0B,
   0x00,0x22,0x01,0x07,0x00,0x4D,0x01,0x08,0x00,0x79,0x01,0x06,0x00,0x7B,0x01,0x04,
   0x00,0x7E,0x01,0x02,0x00,0x0E,0x01,0x02,0x00,0x6F,0x01,0x01,0x00,0x0D,0x01,0x04,
   0x00,0x02,0x01,0x03,0x00,0x76,0x01,0x05,0x00,0x02,0x01,0x04,0x00,0x3B,0x01,0x02,
   0x00,0x2C,0x01,0x04,0x00,0x08,0x01,0x0C,0x00,0x3B,0x01,0x03,0x00,0x1D,0x01,0x02,
   0x00,0x0B,0x01,0x06,0x00,0x05,0x01,0x0E,0x00,0x05,0x01,0x03,0x00,0x0B,0x01,0x04,
   0x00,0x22,0x01,0x06,0x00,0x14,0x01,0x04,0x00,0x02,0x01,0x04,0x00,0x0A,0x01,0x07,
   0x00,0x03,0x01,0x0F,0x00,0x02,0x01,0x08,0x00,0x08,0x01,0x05,0x00,0x21,0x01,0x08,
   0x00,0x08,0x01,0x05,0x00,0x05,0x01,0x05,0x00,0x02,0x01,0x04,0x00,0x0A,0x01,0x24,
   0x00,0x05,0x01,0x07,0x00,0x21,0x01,0x0A,0x00,0x04,0x01,0x08,0x00,0x03,0x01,0x0D,
   0x00,0x09,0x01,0x25,0x00,0x03,0x01,0x08,0x00,0x21,0x01,0x0B,0x00,0x02,0x01,0x0A,
   0x00,0x01,0x01,0x0F,0x00,0x08,0x01,0x30,0x00,0x21,0x01,0x27,0x00,0x05,0x01,0x33,
   0x00,0x21,0x01,0x28,0x00,0x01,0x01,0x36,0x00,0x21,0x01,0x5F,0x00,0x21,0x01,0x5F,
   0x00,0x21,0x01,0x5F,0x00,0x21,0x01,0x5F,0x00,0x21,0x01,0x5F,0x00,0x21,0x01,0x61,
   0x00,0x1E,0x01,0x66,0x00,0x16,0x01,0x01,0x00,0x01,0x01,0x68,0x00,0x16,0x01,0x6A,
   0x00,0x17,0x01,0x69,0x00,0x17,0x01,0x69,0x00,0x17,0x01,0x68,0x00,0x19,0x01,0x66,
   0x00,0x1B,0x01,0x65,0x00,0x1C,0x01,0x64,0x00,0x1B,0x01,0x65,0x00,0x1B,0x01,0x65,
   0x00,0x1B,0x01,0x65,0x00,0x1B,0x01,0x66,0x00,0x1B,0x01,0x64,0x00,0x1C,0x01,0x64,
   0x00,0x1D,0x01,0x62,0x00,0x1E,0x01,0x2F},
  // Frame 192/234 (Size: 628 bytes)
  {0x01,0xFF,0x01,0xFF,0x01,0xFF,0x01,0xFF,0x01,0xFF,0x01,0xFF,0x01,0xFF,0x01,0x47,
   0x00,0x06,0x01,0x09,0x00,0x03,0x01,0x67,0x00,0x0F,0x01,0x06,0x00,0x04,0x01,0x64,
   0x00,0x14,0x01,0x03,0x00,0x06,0x01,0x61,0x00,0x17,0x01,0x01,0x00,0x07,0x01,0x60,
   0x00,0x21,0x01,0x5F,0x00,0x21,0x01,0x5E,0x00,0x23,0x01,0x5D,0x00,0x24,0x01,0x5B,
   0x00,0x26,0x01,0x5A,0x00,0x27,0x01,0x59,0x00,0x26,0x01,0x5A,0x00,0x22,0x01,0x5E,
   0x00,0x22,0x01,0x5E,0x00,0x23,0x01,0x5D,0x00,0x23,0x01,0x5D,0x00,0x1D,0x01,0x02,
   0x00,0x04,0x01,0x5E,0x00,0x1D,0x01,0x03,0x00,0x02,0x01,0x5D,0x00,0x1F,0x01,0x60,
   0x00,0x21,0x01,0x5F,0x00,0x21,0x01,0x5D,0x00,0x23,0x01,0x5D,0x00,0x22,0x01,0x5D,
   0x00,0x21,0x01,0x5F,0x00,0x21,0x01,0x61,0x00,0x1F,0x01,0x63,0x00,0x02,0x01,0x01,
   0x00,0x1A,0x01,0x66,0x00,0x1B,0x01,0x65,0x00,0x1C,0x01,0x64,0x00,0x1B,0x01,0x64,
   0x00,0x1C,0x01,0x63,0x00,0x1E,0x01,0x64,0x00,0x17,0x01,0x68,0x00,0x01,0x01,0x02,
   0x00,0x15,0x01,0x6C,0x00,0x10,0x01,0x01,0x00,0x01,0x01,0x4F,0x00,0x01,0x01,0x20,
   0x00,0x03,0x01,0x01,0x00,0x09,0x01,0x2E,0x00,0x01,0x01,0x22,0x00,0x02,0x01,0x24,
   0x00,0x09,0x01,0x2E,0x00,0x02,0x01,0x20,0x00,0x04,0x01,0x22,0x00,0x0D,0x01,0x2A,
   0x00,0x03,0x01,0x1F,0x00,0x07,0x01,0x1D,0x00,0x16,0x01,0x22,0x00,0x06,0x01,0x1D,
   0x00,0x0A,0x01,0x17,0x00,0x1B,0x01,0x1F,0x00,0x08,0x01,0x1C,0x00,0x0C,0x01,0x14,
   0x00,0x1E,0x01,0x1C,0x00,0x0B,0x01,0x1A,0x00,0x0F,0x01,0x11,0x00,0x20,0x01,0x19,
   0x00,0x0E,0x01,0x18,0x00,0x11,0x01,0x10,0x00,0x20,0x01,0x18,0x00,0x0F,0x01,0x17,
   0x00,0x13,0x01,0x0E,0x00,0x22,0x01,0x15,0x00,0x12,0x01,0x15,0x00,0x15,0x01,0x0C,
   0x00,0x23,0x01,0x14,0x00,0x14,0x01,0x12,0x00,0x18,0x01,0x0B,0x00,0x24,0x01,0x11,
   0x00,0x16,0x01,0x11,0x00,0x1A,0x01,0x09,0x00,0x25,0x01,0x04,0x00,0x03,0x01,0x07,
   0x00,0x1A,0x01,0x0F,0x00,0x1D,0x01,0x07,0x00,0x25,0x01,0x03,0x00,0x26,0x01,0x0C,
   0x00,0x22,0x01,0x04,0x00,0x4F,0x01,0x0A,0x00,0x77,0x01,0x07,0x00,0x7A,0x01,0x05,
   0x00,0x7B,0x01,0x03,0x00,0x0F,0x01,0x02,0x00,0x03,0x01,0x02,0x00,0x39,0x01,0x04,
   0x00,0x2A,0x01,0x02,0x00,0x0F,0x01,0x04,0x00,0x02,0x01,0x03,0x00,0x39,0x01,0x05,
   0x00,0x1E,0x01,0x01,0x00,0x1A,0x01,0x04,0x00,0x01,0x01,0x06,0x00,0x38,0x01,0x06,
   0x00,0x16,0x01,0x03,0x00,0x02,0x01,0x02,0x00,0x19,0x01,0x0C,0x00,0x14,0x01,0x01,
   0x00,0x22,0x01,0x09,0x00,0x09,0x01,0x03,0x00,0x06,0x01,0x05,0x00,0x01,0x01,0x04,
   0x00,0x09,0x01,0x09,0x00,0x05,0x01,0x0E,0x00,0x03,0x01,0x06,0x00,0x09,0x01,0x02,
   0x00,0x21,0x01,0x0B,0x00,0x06,0x01,0x07,0x00,0x03,0x01,0x0B,0x00,0x08,0x01,0x0B,
   0x00,0x04,0x01,0x0E,0x00,0x01,0x01,0x09,0x00,0x06,0x01,0x05,0x00,0x1F,0x01,0x0E,
   0x00,0x03,0x01,0x09,0x00,0x02,0x01,0x0C,0x00,0x07,0x01,0x28,0x00,0x04,0x01,0x06,
   0x00,0x20,0x01,0x27,0x00,0x07,0x01,0x29,0x00,0x01,0x01,0x08,0x00,0x20,0x01,0x28,
   0x00,0x03,0x01,0x35,0x00,0x20,0x01,0x5F,0x00,0x21,0x01,0x5F,0x00,0x21,0x01,0x5F,
   0x00,0x21,0x01,0x5F,0x00,0x21,0x01,0x5F,0x00,0x21,0x01,0x60,0x00,0x20,0x01,0x61,
   0x00,0x03,0x01,0x01,0x00,0x1A,0x01,0x66,0x00,0x19,0x01,0x67,0x00,0x16,0x01,0x6A,
   0x00,0x17,0x01,0x69,0x00,0x17,0x01,0x69,0x00,0x17,0x01,0x69,0x00,0x18,0x01,0x67,
   0x00,0x1A,0x01,0x66,0x00,0x1B,0x01,0x65,0x00,0x1B,0x01,0x64,0x00,0x1B,0x01,0x65,
   0x00,0x1B,0x01,0x65,0x00,0x1B,0x01,0x65,0x00,0x1C,0x01,0x65,0x00,0x1B,0x01,0x65,
   0x00,0x1C,0x01,0x2E},
  // Frame 193/234 (Size: 636 bytes)
  {0x01,0xFF,0x01,0xFF,0x01,0xFF,0x01,0xFF,0x01,0xFF,0x01,0x59,0x00,0x01,0x01,0x6C,
   0x00,0x06,0x01,0x0B,0x00,0x03,0x01,0x64,0x00,0x11,0x01,0x07,0x00,0x04,0x01,0x62,
   0x00,0x15,0x01,0x04,0x00,0x06,0x01,0x60,0x00,0x17,0x01,0x02,0x00,0x07,0x01,0x5F,
   0x00,0x21,0x01,0x5E,0x00,0x23,0x01,0x5C,0x00,0x25,0x01,0x5B,0x00,0x26,0x01,0x5A,
   0x00,0x27,0x01,0x59,0x00,0x28,0x01,0x57,0x00,0x29,0x01,0x57,0x00,0x24,0x01,0x5C,
   0x00,0x24,0x01,0x5C,0x00,0x24,0x01,0x5C,0x00,0x24,0x01,0x5D,0x00,0x23,0x01,0x5D,
   0x00,0x1D,0x01,0x03,0x00,0x03,0x01,0x5C,0x00,0x1F,0x01,0x04,0x00,0x01,0x01,0x5B,
   0x00,0x21,0x01,0x5C,0x00,0x25,0x01,0x5B,0x00,0x25,0x01,0x5B,0x00,0x25,0x01,0x5B,
   0x00,0x23,0x01,0x5E,0x00,0x21,0x01,0x61,0x00,0x1F,0x01,0x64,0x00,0x1B,0x01,0x66,
   0x00,0x1B,0x01,0x65,0x00,0x1B,0x01,0x65,0x00,0x1C,0x01,0x63,0x00,0x1E,0x01,0x61,
   0x00,0x1D,0x01,0x65,0x00,0x1C,0x01,0x63,0x00,0x01,0x01,0x01,0x00,0x17,0x01,0x01,
   0x00,0x01,0x01,0x68,0x00,0x15,0x01,0x6D,0x00,0x03,0x01,0x01,0x00,0x0B,0x01,0x01,
   0x00,0x01,0x01,0x01,0x00,0x01,0x01,0x2A,0x00,0x02,0x01,0x20,0x00,0x02,0x01,0x21,
   0x00,0x01,0x01,0x02,0x00,0x09,0x01,0x2F,0x00,0x03,0x01,0x1E,0x00,0x03,0x01,0x24,
   0x00,0x09,0x01,0x2D,0x00,0x05,0x01,0x1D,0x00,0x05,0x01,0x22,0x00,0x0E,0x01,0x27,
   0x00,0x08,0x01,0x1B,0x00,0x08,0x01,0x1D,0x00,0x16,0x01,0x20,0x00,0x0A,0x01,0x1B,
   0x00,0x09,0x01,0x18,0x00,0x1B,0x01,0x1D,0x00,0x0D,0x01,0x19,0x00,0x0C,0x01,0x15,
   0x00,0x1D,0x01,0x1B,0x00,0x0F,0x01,0x17,0x00,0x0E,0x01,0x13,0x00,0x1F,0x01,0x18,
   0x00,0x11,0x01,0x15,0x00,0x11,0x01,0x11,0x00,0x20,0x01,0x17,0x00,0x13,0x01,0x13,
   0x00,0x13,0x01,0x0F,0x00,0x22,0x01,0x14,0x00,0x16,0x01,0x11,0x00,0x16,0x01,0x0D,
   0x00,0x22,0x01,0x12,0x00,0x19,0x01,0x0F,0x00,0x18,0x01,0x0B,0x00,0x23,0x01,0x06,
   0x00,0x26,0x01,0x0D,0x00,0x1A,0x01,0x0A,0x00,0x25,0x01,0x03,0x00,0x27,0x01,0x0B,
   0x00,0x1E,0x01,0x08,0x00,0x4F,0x01,0x0A,0x00,0x76,0x01,0x08,0x00,0x78,0x01,0x07,
   0x00,0x79,0x01,0x05,0x00,0x50,0x01,0x03,0x00,0x20,0x01,0x01,0x00,0x07,0x01,0x03,
   0x00,0x10,0x01,0x01,0x00,0x3F,0x01,0x08,0x00,0x18,0x01,0x02,0x00,0x02,0x01,0x03,
   0x00,0x06,0x01,0x02,0x00,0x10,0x01,0x03,0x00,0x03,0x01,0x03,0x00,0x38,0x01,0x0A,
   0x00,0x14,0x01,0x04,0x00,0x01,0x01,0x04,0x00,0x17,0x01,0x05,0x00,0x01,0x01,0x05,
   0x00,0x37,0x01,0x0C,0x00,0x07,0x01,0x05,0x00,0x05,0x01,0x0B,0x00,0x16,0x01,0x05,
   0x00,0x01,0x01,0x06,0x00,0x37,0x01,0x0C,0x00,0x05,0x01,0x08,0x00,0x02,0x01,0x0C,
   0x00,0x06,0x01,0x08,0x00,0x07,0x01,0x0E,0x00,0x04,0x01,0x05,0x00,0x09,0x01,0x02,
   0x00,0x21,0x01,0x0F,0x00,0x02,0x01,0x18,0x00,0x04,0x01,0x0B,0x00,0x04,0x01,0x0F,
   0x00,0x02,0x01,0x08,0x00,0x07,0x01,0x03,0x00,0x20,0x01,0x3B,0x00,0x01,0x01,0x1B,
   0x00,0x04,0x01,0x06,0x00,0x1F,0x01,0x58,0x00,0x02,0x01,0x07,0x00,0x20,0x01,0x60,
   0x00,0x20,0x01,0x60,0x00,0x20,0x01,0x60,0x00,0x20,0x01,0x5F,0x00,0x21,0x01,0x5F,
   0x00,0x21,0x01,0x5F,0x00,0x21,0x01,0x5F,0x00,0x21,0x01,0x5F,0x00,0x21,0x01,0x60,
   0x00,0x05,0x01,0x01,0x00,0x1A,0x01,0x62,0x00,0x02,0x01,0x02,0x00,0x18,0x01,0x68,
   0x00,0x16,0x01,0x69,0x00,0x17,0x01,0x69,0x00,0x17,0x01,0x69,0x00,0x17,0x01,0x68,
   0x00,0x19,0x01,0x66,0x00,0x1B,0x01,0x65,0x00,0x1B,0x01,0x65,0x00,0x1B,0x01,0x64,
   0x00,0x1B,0x01,0x65,0x00,0x1B,0x01,0x65,0x00,0x1C,0x01,0x65,0x00,0x1C,0x01,0x64,
   0x00,0x1C,0x01,0x64,0x00,0x1D,0x01,0x62,0x00,0x1E,0x01,0x2D},
  // Frame 194/234 (Size: 626 bytes)
  {0x01,0xFF,0x01,0xFF,0x01,0xFF,0x01,0xFF,0x01,0xFF,0x01,0xFF,0x01,0xDD,0x00,0x01,
   0x01,0x6B,0x00,0x05,0x01,0x0D,0x00,0x03,0x01,0x62,0x00,0x11,0x01,0x08,0x00,0x05,
   0x01,0x60,0x00,0x15,0x01,0x05,0x00,0x06,0x01,0x5F,0x00,0x17,0x01,0x03,0x00,0x08,
   0x01,0x5D,0x00,0x19,0x01,0x01,0x00,0x09,0x01,0x5C,0x00,0x25,0x01,0x5B,0x00,0x25,
   0x01,0x5B,0x00,0x26,0x01,0x59,0x00,0x28,0x01,0x58,0x00,0x29,0x01,0x57,0x00,0x29,
   0x01,0x57,0x00,0x27,0x01,0x59,0x00,0x24,0x01,0x5C,0x00,0x24,0x01,0x5C,0x00,0x24,
   0x01,0x5C,0x00,0x24,0x01,0x5C,0x00,0x1D,0x01,0x02,0x00,0x05,0x01,0x5B,0x00,0x1F,
   0x01,0x04,0x00,0x02,0x01,0x5A,0x00,0x20,0x01,0x5E,0x00,0x23,0x01,0x5D,0x00,0x24,
   0x01,0x5B,0x00,0x25,0x01,0x5B,0x00,0x25,0x01,0x5D,0x00,0x21,0x01,0x61,0x00,0x1E,
   0x01,0x65,0x00,0x1B,0x01,0x65,0x00,0x1B,0x01,0x65,0x00,0x1C,0x01,0x63,0x00,0x1D,
   0x01,0x63,0x00,0x1E,0x01,0x61,0x00,0x1D,0x01,0x64,0x00,0x1D,0x01,0x63,0x00,0x01,
   0x01,0x02,0x00,0x16,0x01,0x01,0x00,0x01,0x01,0x4A,0x00,0x01,0x01,0x1D,0x00,0x16,
   0x01,0x4B,0x00,0x02,0x01,0x1F,0x00,0x03,0x01,0x01,0x00,0x0D,0x01,0x01,0x00,0x01,
   0x01,0x4B,0x00,0x04,0x01,0x20,0x00,0x01,0x01,0x02,0x00,0x09,0x01,0x31,0x00,0x02,
   0x01,0x1C,0x00,0x07,0x01,0x21,0x00,0x09,0x01,0x31,0x00,0x03,0x01,0x1A,0x00,0x0A,
   0x01,0x1D,0x00,0x0D,0x01,0x2D,0x00,0x05,0x01,0x19,0x00,0x0C,0x01,0x18,0x00,0x16,
   0x01,0x25,0x00,0x09,0x01,0x17,0x00,0x0E,0x01,0x14,0x00,0x1C,0x01,0x20,0x00,0x0B,
   0x01,0x16,0x00,0x10,0x01,0x12,0x00,0x1E,0x01,0x1D,0x00,0x0E,0x01,0x14,0x00,0x12,
   0x01,0x10,0x00,0x20,0x01,0x1A,0x00,0x10,0x01,0x13,0x00,0x14,0x01,0x0E,0x00,0x21,
   0x01,0x19,0x00,0x12,0x01,0x11,0x00,0x16,0x01,0x0D,0x00,0x22,0x01,0x16,0x00,0x15,
   0x01,0x0E,0x00,0x1A,0x01,0x0A,0x00,0x23,0x01,0x14,0x00,0x17,0x01,0x0D,0x00,0x1C,
   0x01,0x09,0x00,0x23,0x01,0x06,0x00,0x04,0x01,0x07,0x00,0x1A,0x01,0x0B,0x00,0x20,
   0x01,0x06,0x00,0x25,0x01,0x04,0x00,0x26,0x01,0x0A,0x00,0x76,0x01,0x08,0x00,0x78,
   0x01,0x07,0x00,0x79,0x01,0x05,0x00,0x0F,0x01,0x02,0x00,0x03,0x01,0x02,0x00,0x65,
   0x01,0x04,0x00,0x10,0x01,0x03,0x00,0x02,0x01,0x03,0x00,0x3A,0x01,0x02,0x00,0x28,
   0x01,0x02,0x00,0x11,0x01,0x04,0x00,0x02,0x01,0x05,0x00,0x37,0x01,0x05,0x00,0x26,
   0x01,0x01,0x00,0x04,0x01,0x05,0x00,0x08,0x01,0x0C,0x00,0x36,0x01,0x09,0x00,0x1D,
   0x01,0x02,0x00,0x04,0x01,0x0C,0x00,0x05,0x01,0x0E,0x00,0x03,0x01,0x05,0x00,0x2D,
   0x01,0x0B,0x00,0x14,0x01,0x04,0x00,0x02,0x01,0x03,0x00,0x04,0x01,0x0E,0x00,0x03,
   0x01,0x0E,0x00,0x01,0x01,0x09,0x00,0x07,0x01,0x02,0x00,0x23,0x01,0x0B,0x00,0x07,
   0x01,0x06,0x00,0x05,0x01,0x05,0x00,0x01,0x01,0x05,0x00,0x03,0x01,0x2A,0x00,0x04,
   0x01,0x04,0x00,0x23,0x01,0x0D,0x00,0x04,0x01,0x08,0x00,0x03,0x01,0x0C,0x00,0x03,
   0x01,0x2B,0x00,0x02,0x01,0x06,0x00,0x20,0x01,0x2B,0x00,0x02,0x01,0x33,0x00,0x20,
   0x01,0x5F,0x00,0x21,0x01,0x5F,0x00,0x21,0x01,0x5F,0x00,0x21,0x01,0x5F,0x00,0x21,
   0x01,0x5F,0x00,0x21,0x01,0x5F,0x00,0x21,0x01,0x5E,0x00,0x22,0x01,0x5F,0x00,0x21,
   0x01,0x5F,0x00,0x21,0x01,0x61,0x00,0x03,0x01,0x01,0x00,0x1B,0x01,0x65,0x00,0x19,
   0x01,0x67,0x00,0x16,0x01,0x6A,0x00,0x16,0x01,0x69,0x00,0x17,0x01,0x69,0x00,0x17,
   0x01,0x68,0x00,0x19,0x01,0x67,0x00,0x1A,0x01,0x65,0x00,0x1C,0x01,0x64,0x00,0x1B,
   0x01,0x64,0x00,0x1C,0x01,0x64,0x00,0x1B,0x01,0x65,0x00,0x1C,0x01,0x65,0x00,0x1C,
   0x01,0x2F},
  // Frame 195/234 (Size: 640 bytes)
  {0x01,0xFF,0x01,0xFF,0x01,0xFF,0x01,0xFF,0x01,0xFF,0x01,0xBE,0x00,0x13,0x01,0x0E,
   0x00,0x05,0x01,0x59,0x00,0x16,0x01,0x0A,0x00,0x07,0x01,0x58,0x00,0x18,0x01,0x07,
   0x00,0x09,0x01,0x57,0x00,0x1A,0x01,0x05,0x00,0x0A,0x01,0x56,0x00,0x1C,0x01,0x02,
   0x00,0x0C,0x01,0x56,0x00,0x2A,0x01,0x55,0x00,0x2C,0x01,0x54,0x00,0x2C,0x01,0x54,
   0x00,0x2D,0x01,0x52,0x00,0x2E,0x01,0x52,0x00,0x2F,0x01,0x51,0x00,0x30,0x01,0x50,
   0x00,0x30,0x01,0x50,0x00,0x2F,0x01,0x51,0x00,0x2A,0x01,0x55,0x00,0x2C,0x01,0x53,
   0x00,0x2D,0x01,0x51,0x00,0x2F,0x01,0x4E,0x00,0x27,0x01,0x01,0x00,0x09,0x01,0x50,
   0x00,0x26,0x01,0x04,0x00,0x06,0x01,0x50,0x00,0x26,0x01,0x07,0x00,0x02,0x01,0x51,
   0x00,0x28,0x01,0x59,0x00,0x27,0x01,0x5A,0x00,0x26,0x01,0x5C,0x00,0x23,0x01,0x5E,
   0x00,0x22,0x01,0x5F,0x00,0x01,0x01,0x01,0x00,0x1E,0x01,0x62,0x00,0x1E,0x01,0x62,
   0x00,0x1D,0x01,0x63,0x00,0x1D,0x01,0x62,0x00,0x1F,0x01,0x60,0x00,0x20,0x01,0x47,
   0x00,0x01,0x01,0x1A,0x00,0x1F,0x01,0x45,0x00,0x02,0x01,0x1A,0x00,0x1D,0x01,0x46,
   0x00,0x03,0x01,0x19,0x00,0x1F,0x01,0x44,0x00,0x04,0x01,0x1B,0x00,0x01,0x01,0x01,
   0x00,0x17,0x01,0x02,0x00,0x03,0x01,0x43,0x00,0x06,0x01,0x1B,0x00,0x03,0x01,0x01,
   0x00,0x01,0x01,0x01,0x00,0x11,0x01,0x47,0x00,0x08,0x01,0x1C,0x00,0x01,0x01,0x01,
   0x00,0x12,0x01,0x47,0x00,0x0A,0x01,0x1F,0x00,0x0A,0x01,0x4C,0x00,0x0C,0x01,0x1E,
   0x00,0x0A,0x01,0x4B,0x00,0x0E,0x01,0x15,0x00,0x13,0x01,0x49,0x00,0x10,0x01,0x11,
   0x00,0x17,0x01,0x47,0x00,0x11,0x01,0x10,0x00,0x1B,0x01,0x30,0x00,0x02,0x01,0x10,
   0x00,0x14,0x01,0x0E,0x00,0x20,0x01,0x2C,0x00,0x03,0x01,0x0E,0x00,0x16,0x01,0x0C,
   0x00,0x23,0x01,0x2A,0x00,0x03,0x01,0x0D,0x00,0x18,0x01,0x0A,0x00,0x25,0x01,0x26,
   0x00,0x06,0x01,0x0B,0x00,0x1B,0x01,0x09,0x00,0x26,0x01,0x21,0x00,0x0A,0x01,0x0A,
   0x00,0x1D,0x01,0x07,0x00,0x27,0x01,0x1F,0x00,0x0C,0x01,0x08,0x00,0x20,0x01,0x04,
   0x00,0x29,0x01,0x1D,0x00,0x0E,0x01,0x07,0x00,0x4F,0x01,0x1A,0x00,0x10,0x01,0x06,
   0x00,0x0E,0x01,0x01,0x00,0x41,0x01,0x18,0x00,0x12,0x01,0x0C,0x00,0x07,0x01,0x02,
   0x00,0x02,0x01,0x02,0x00,0x3D,0x01,0x16,0x00,0x14,0x01,0x0D,0x00,0x05,0x01,0x03,
   0x00,0x02,0x01,0x03,0x00,0x3C,0x01,0x04,0x00,0x05,0x01,0x0B,0x00,0x16,0x01,0x0E,
   0x00,0x04,0x01,0x09,0x00,0x3D,0x01,0x02,0x00,0x26,0x01,0x0F,0x00,0x02,0x01,0x0B,
   0x00,0x64,0x01,0x1C,0x00,0x64,0x01,0x1C,0x00,0x01,0x01,0x07,0x00,0x5C,0x01,0x25,
   0x00,0x5B,0x01,0x26,0x00,0x2F,0x01,0x01,0x00,0x2A,0x01,0x26,0x00,0x2E,0x01,0x05,
   0x00,0x27,0x01,0x27,0x00,0x03,0x01,0x01,0x00,0x28,0x01,0x07,0x00,0x26,0x01,0x2B,
   0x00,0x28,0x01,0x09,0x00,0x24,0x01,0x2B,0x00,0x29,0x01,0x0A,0x00,0x22,0x01,0x2B,
   0x00,0x28,0x01,0x0C,0x00,0x21,0x01,0x2A,0x00,0x28,0x01,0x0F,0x00,0x07,0x01,0x05,
   0x00,0x0B,0x01,0x04,0x00,0x04,0x01,0x2A,0x00,0x27,0x01,0x11,0x00,0x05,0x01,0x08,
   0x00,0x06,0x01,0x08,0x00,0x03,0x01,0x2A,0x00,0x26,0x01,0x14,0x00,0x01,0x01,0x0B,
   0x00,0x04,0x01,0x09,0x00,0x02,0x01,0x2B,0x00,0x26,0x01,0x21,0x00,0x02,0x01,0x0A,
   0x00,0x01,0x01,0x2C,0x00,0x26,0x01,0x5A,0x00,0x26,0x01,0x5A,0x00,0x26,0x01,0x5A,
   0x00,0x25,0x01,0x5C,0x00,0x06,0x01,0x01,0x00,0x1D,0x01,0x5D,0x00,0x04,0x01,0x02,
   0x00,0x1D,0x01,0x63,0x00,0x1D,0x01,0x62,0x00,0x1E,0x01,0x62,0x00,0x1D,0x01,0x63,
   0x00,0x1A,0x01,0x66,0x00,0x19,0x01,0x66,0x00,0x1A,0x01,0x66,0x00,0x1A,0x01,0x65,
   0x00,0x1B,0x01,0x65,0x00,0x1D,0x01,0x62,0x00,0x1E,0x01,0x61,0x00,0x20,0x01,0x33},
  // Frame 196/234 (Size: 636 bytes)
  {0x01,0xFF,0x01,0xFF,0x01,0xFF,0x01,0x41,0x00,0x0F,0x01,0x6E,0x00,0x15,0x01,0x0E,
   0x00,0x08,0x01,0x53,0x00,0x18,0x01,0x0A,0x00,0x0B,0x01,0x52,0x00,0x1B,0x01,0x06,
   0x00,0x0D,0x01,0x51,0x00,0x1D,0x01,0x02,0x00,0x10,0x01,0x51,0x00,0x2F,0x01,0x50,
   0x00,0x30,0x01,0x50,0x00,0x30,0x01,0x50,0x00,0x30,0x01,0x4F,0x00,0x32,0x01,0x4E,
   0x00,0x32,0x01,0x4E,0x00,0x33,0x01,0x4D,0x00,0x33,0x01,0x4D,0x00,0x34,0x01,0x4B,
   0x00,0x35,0x01,0x4A,0x00,0x37,0x01,0x48,0x00,0x38,0x01,0x43,0x00,0x37,0x01,0x48,
   0x00,0x39,0x01,0x47,0x00,0x39,0x01,0x46,0x00,0x3A,0x01,0x46,0x00,0x2B,0x01,0x01,
   0x00,0x0D,0x01,0x4A,0x00,0x28,0x01,0x04,0x00,0x09,0x01,0x4B,0x00,0x28,0x01,0x06,
   0x00,0x06,0x01,0x4C,0x00,0x28,0x01,0x09,0x00,0x02,0x01,0x51,0x00,0x24,0x01,0x5C,
   0x00,0x24,0x01,0x5C,0x00,0x24,0x01,0x5D,0x00,0x23,0x01,0x5E,0x00,0x01,0x01,0x01,
   0x00,0x20,0x01,0x60,0x00,0x20,0x01,0x60,0x00,0x20,0x01,0x60,0x00,0x20,0x01,0x51,
   0x00,0x01,0x01,0x0E,0x00,0x1F,0x01,0x50,0x00,0x03,0x01,0x0E,0x00,0x1F,0x01,0x50,
   0x00,0x03,0x01,0x0E,0x00,0x1F,0x01,0x4F,0x00,0x04,0x01,0x0E,0x00,0x1F,0x01,0x4E,
   0x00,0x05,0x01,0x0E,0x00,0x1F,0x01,0x4D,0x00,0x07,0x01,0x0D,0x00,0x01,0x01,0x01,
   0x00,0x1D,0x01,0x4D,0x00,0x08,0x01,0x0F,0x00,0x01,0x01,0x02,0x00,0x16,0x01,0x01,
   0x00,0x02,0x01,0x4C,0x00,0x09,0x01,0x13,0x00,0x10,0x01,0x01,0x00,0x03,0x01,0x03,
   0x00,0x02,0x01,0x4A,0x00,0x0B,0x01,0x15,0x00,0x0D,0x01,0x01,0x00,0x03,0x01,0x4E,
   0x00,0x0C,0x01,0x14,0x00,0x0D,0x01,0x03,0x00,0x01,0x01,0x4F,0x00,0x0D,0x01,0x13,
   0x00,0x0A,0x01,0x02,0x00,0x01,0x01,0x03,0x00,0x01,0x01,0x4D,0x00,0x0F,0x01,0x0A,
   0x00,0x14,0x01,0x52,0x00,0x11,0x01,0x08,0x00,0x16,0x01,0x50,0x00,0x12,0x01,0x07,
   0x00,0x19,0x01,0x4D,0x00,0x13,0x01,0x07,0x00,0x1B,0x01,0x4A,0x00,0x15,0x01,0x05,
   0x00,0x1E,0x01,0x47,0x00,0x17,0x01,0x02,0x00,0x22,0x01,0x47,0x00,0x15,0x01,0x01,
   0x00,0x24,0x01,0x47,0x00,0x3A,0x01,0x47,0x00,0x39,0x01,0x28,0x00,0x03,0x01,0x1C,
   0x00,0x39,0x01,0x25,0x00,0x06,0x01,0x1C,0x00,0x39,0x01,0x23,0x00,0x08,0x01,0x1C,
   0x00,0x3A,0x01,0x20,0x00,0x0A,0x01,0x1C,0x00,0x3A,0x01,0x1F,0x00,0x0B,0x01,0x1E,
   0x00,0x38,0x01,0x1D,0x00,0x0D,0x01,0x1D,0x00,0x39,0x01,0x1B,0x00,0x0F,0x01,0x1C,
   0x00,0x3A,0x01,0x07,0x00,0x02,0x01,0x10,0x00,0x11,0x01,0x1A,0x00,0x3F,0x01,0x03,
   0x00,0x07,0x01,0x09,0x00,0x14,0x01,0x1A,0x00,0x66,0x01,0x1C,0x00,0x64,0x01,0x1D,
   0x00,0x63,0x01,0x1F,0x00,0x61,0x01,0x20,0x00,0x34,0x01,0x03,0x00,0x29,0x01,0x21,
   0x00,0x04,0x01,0x01,0x00,0x2E,0x01,0x05,0x00,0x27,0x01,0x26,0x00,0x2D,0x01,0x08,
   0x00,0x25,0x01,0x26,0x00,0x2B,0x01,0x0B,0x00,0x24,0x01,0x26,0x00,0x2A,0x01,0x0E,
   0x00,0x22,0x01,0x27,0x00,0x2A,0x01,0x0E,0x00,0x21,0x01,0x27,0x00,0x2A,0x01,0x10,
   0x00,0x1F,0x01,0x27,0x00,0x27,0x01,0x01,0x00,0x02,0x01,0x11,0x00,0x1E,0x01,0x27,
   0x00,0x26,0x01,0x16,0x00,0x1D,0x01,0x27,0x00,0x26,0x01,0x18,0x00,0x07,0x01,0x05,
   0x00,0x0F,0x01,0x28,0x00,0x24,0x01,0x1A,0x00,0x05,0x01,0x08,0x00,0x09,0x01,0x2C,
   0x00,0x24,0x01,0x1B,0x00,0x02,0x01,0x0B,0x00,0x06,0x01,0x2F,0x00,0x23,0x01,0x29,
   0x00,0x04,0x01,0x33,0x00,0x01,0x01,0x02,0x00,0x1C,0x01,0x2C,0x00,0x02,0x01,0x36,
   0x00,0x1C,0x01,0x64,0x00,0x1B,0x01,0x65,0x00,0x1B,0x01,0x65,0x00,0x1B,0x01,0x65,
   0x00,0x1A,0x01,0x66,0x00,0x1A,0x01,0x65,0x00,0x1B,0x01,0x65,0x00,0x1B,0x01,0x64,
   0x00,0x1C,0x01,0x63,0x00,0x1D,0x01,0x62,0x00,0x1F,0x01,0x36},
  // Frame 197/234 (Size: 542 bytes)
  {0x01,0x42,0x00,0x29,0x01,0x55,0x00,0x2B,0x01,0x53,0x00,0x2E,0x01,0x50,0x00,0x30,
   0x01,0x4F,0x00,0x32,0x01,0x4D,0x00,0x33,0x01,0x4D,0x00,0x33,0x01,0x4C,0x00,0x35,
   0x01,0x4B,0x00,0x35,0x01,0x4A,0x00,0x34,0x01,0x4C,0x00,0x31,0x01,0x4F,0x00,0x33,
   0x01,0x4D,0x00,0x35,0x01,0x4B,0x00,0x35,0x01,0x4B,0x00,0x35,0x01,0x4A,0x00,0x35,
   0x01,0x4A,0x00,0x35,0x01,0x4A,0x00,0x35,0x01,0x49,0x00,0x36,0x01,0x48,0x00,0x36,
   0x01,0x45,0x00,0x02,0x01,0x01,0x00,0x37,0x01,0x46,0x00,0x32,0x01,0x4E,0x00,0x32,
   0x01,0x4E,0x00,0x32,0x01,0x4E,0x00,0x05,0x01,0x01,0x00,0x2C,0x01,0x55,0x00,0x2B,
   0x01,0x56,0x00,0x2A,0x01,0x57,0x00,0x2A,0x01,0x57,0x00,0x2A,0x01,0x57,0x00,0x29,
   0x01,0x57,0x00,0x2A,0x01,0x58,0x00,0x28,0x01,0x59,0x00,0x29,0x01,0x58,0x00,0x22,
   0x01,0x01,0x00,0x05,0x01,0x59,0x00,0x20,0x01,0x03,0x00,0x02,0x01,0x5B,0x00,0x21,
   0x01,0x60,0x00,0x20,0x01,0x60,0x00,0x21,0x01,0x5F,0x00,0x21,0x01,0x5F,0x00,0x20,
   0x01,0x5F,0x00,0x02,0x01,0x01,0x00,0x1D,0x01,0x60,0x00,0x01,0x01,0x02,0x00,0x1B,
   0x01,0x65,0x00,0x01,0x01,0x01,0x00,0x18,0x01,0x6C,0x00,0x11,0x01,0x01,0x00,0x02,
   0x01,0x6C,0x00,0x11,0x01,0x6E,0x00,0x0E,0x01,0x72,0x00,0x0E,0x01,0x6F,0x00,0x12,
   0x01,0x6D,0x00,0x14,0x01,0x6B,0x00,0x16,0x01,0x69,0x00,0x18,0x01,0x68,0x00,0x19,
   0x01,0x66,0x00,0x1B,0x01,0x65,0x00,0x1C,0x01,0x63,0x00,0x1E,0x01,0x60,0x00,0x20,
   0x01,0x43,0x00,0x0C,0x01,0x10,0x00,0x22,0x01,0x3D,0x00,0x17,0x01,0x09,0x00,0x23,
   0x01,0x3D,0x00,0x1A,0x01,0x05,0x00,0x24,0x01,0x3D,0x00,0x1C,0x01,0x03,0x00,0x23,
   0x01,0x3E,0x00,0x42,0x01,0x3F,0x00,0x41,0x01,0x40,0x00,0x41,0x01,0x40,0x00,0x42,
   0x01,0x22,0x00,0x01,0x01,0x16,0x00,0x49,0x01,0x1E,0x00,0x03,0x01,0x18,0x00,0x49,
   0x01,0x1A,0x00,0x05,0x01,0x19,0x00,0x4A,0x01,0x04,0x00,0x05,0x01,0x0D,0x00,0x07,
   0x01,0x1A,0x00,0x4B,0x01,0x02,0x00,0x0B,0x01,0x03,0x00,0x0B,0x01,0x1C,0x00,0x64,
   0x01,0x1D,0x00,0x63,0x01,0x1D,0x00,0x09,0x01,0x02,0x00,0x30,0x01,0x05,0x00,0x23,
   0x01,0x28,0x00,0x30,0x01,0x08,0x00,0x20,0x01,0x2B,0x00,0x2C,0x01,0x0B,0x00,0x1E,
   0x01,0x2C,0x00,0x2B,0x01,0x0C,0x00,0x1D,0x01,0x2C,0x00,0x29,0x01,0x10,0x00,0x1B,
   0x01,0x2D,0x00,0x24,0x01,0x15,0x00,0x1A,0x01,0x2E,0x00,0x23,0x01,0x17,0x00,0x18,
   0x01,0x2E,0x00,0x24,0x01,0x17,0x00,0x17,0x01,0x2F,0x00,0x23,0x01,0x18,0x00,0x16,
   0x01,0x2F,0x00,0x22,0x01,0x1A,0x00,0x15,0x01,0x30,0x00,0x20,0x01,0x1C,0x00,0x14,
   0x01,0x31,0x00,0x1F,0x01,0x1D,0x00,0x13,0x01,0x33,0x00,0x1D,0x01,0x1E,0x00,0x0E,
   0x01,0x01,0x00,0x03,0x01,0x36,0x00,0x1A,0x01,0x1F,0x00,0x0A,0x01,0x06,0x00,0x01,
   0x01,0x37,0x00,0x18,0x01,0x21,0x00,0x08,0x01,0x3E,0x00,0x19,0x01,0x22,0x00,0x05,
   0x01,0x40,0x00,0x19,0x01,0x24,0x00,0x02,0x01,0x41,0x00,0x19,0x01,0x67,0x00,0x19,
   0x01,0x67,0x00,0x19,0x01,0x67,0x00,0x19,0x01,0x67,0x00,0x19,0x01,0x66,0x00,0x1B,
   0x01,0x64,0x00,0x1C,0x01,0x63,0x00,0x1E,0x01,0x61,0x00,0x22,0x01,0x2C},
  // Frame 198/234 (Size: 682 bytes)
  {0x01,0x5B,0x00,0x0F,0x01,0x70,0x00,0x10,0x01,0x6F,0x00,0x12,0x01,0x6D,0x00,0x13,
   0x01,0x68,0x00,0x19,0x01,0x64,0x00,0x1C,0x01,0x62,0x00,0x1E,0x01,0x60,0x00,0x20,
   0x01,0x5E,0x00,0x21,0x01,0x5E,0x00,0x21,0x01,0x5E,0x00,0x1F,0x01,0x60,0x00,0x22,
   0x01,0x5D,0x00,0x28,0x01,0x57,0x00,0x2B,0x01,0x55,0x00,0x2A,0x01,0x55,0x00,0x2A,
   0x01,0x56,0x00,0x29,0x01,0x57,0x00,0x28,0x01,0x58,0x00,0x27,0x01,0x59,0x00,0x27,
   0x01,0x59,0x00,0x27,0x01,0x59,0x00,0x27,0x01,0x58,0x00,0x27,0x01,0x58,0x00,0x28,
   0x01,0x57,0x00,0x29,0x01,0x56,0x00,0x2A,0x01,0x54,0x00,0x2B,0x01,0x53,0x00,0x2D,
   0x01,0x52,0x00,0x2F,0x01,0x50,0x00,0x30,0x01,0x51,0x00,0x30,0x01,0x51,0x00,0x30,
   0x01,0x52,0x00,0x02,0x01,0x02,0x00,0x2B,0x01,0x56,0x00,0x2B,0x01,0x55,0x00,0x2D,
   0x01,0x54,0x00,0x26,0x01,0x02,0x00,0x04,0x01,0x59,0x00,0x21,0x01,0x04,0x00,0x01,
   0x01,0x5B,0x00,0x21,0x01,0x5E,0x00,0x22,0x01,0x5D,0x00,0x23,0x01,0x5E,0x00,0x23,
   0x01,0x5F,0x00,0x1E,0x01,0x03,0x00,0x03,0x01,0x5C,0x00,0x1E,0x01,0x03,0x00,0x04,
   0x01,0x5C,0x00,0x19,0x01,0x02,0x00,0x01,0x01,0x04,0x00,0x04,0x01,0x5B,0x00,0x09,
   0x01,0x01,0x00,0x10,0x01,0x07,0x00,0x05,0x01,0x5A,0x00,0x01,0x01,0x02,0x00,0x06,
   0x01,0x01,0x00,0x0D,0x01,0x01,0x00,0x02,0x01,0x07,0x00,0x05,0x01,0x5C,0x00,0x04,
   0x01,0x01,0x00,0x01,0x01,0x02,0x00,0x0D,0x01,0x02,0x00,0x01,0x01,0x07,0x00,0x06,
   0x01,0x62,0x00,0x0E,0x01,0x0A,0x00,0x06,0x01,0x62,0x00,0x0B,0x01,0x0D,0x00,0x07,
   0x01,0x60,0x00,0x0C,0x01,0x0C,0x00,0x09,0x01,0x5E,0x00,0x0D,0x01,0x0C,0x00,0x0A,
   0x01,0x5C,0x00,0x0F,0x01,0x0B,0x00,0x0B,0x01,0x59,0x00,0x11,0x01,0x0A,0x00,0x0D,
   0x01,0x58,0x00,0x11,0x01,0x0A,0x00,0x0E,0x01,0x56,0x00,0x13,0x01,0x09,0x00,0x0F,
   0x01,0x54,0x00,0x14,0x01,0x09,0x00,0x10,0x01,0x26,0x00,0x12,0x01,0x1A,0x00,0x16,
   0x01,0x07,0x00,0x12,0x01,0x26,0x00,0x13,0x01,0x16,0x00,0x18,0x01,0x07,0x00,0x13,
   0x01,0x25,0x00,0x15,0x01,0x13,0x00,0x19,0x01,0x07,0x00,0x11,0x01,0x27,0x00,0x17,
   0x01,0x10,0x00,0x1A,0x01,0x06,0x00,0x09,0x01,0x01,0x00,0x07,0x01,0x29,0x00,0x17,
   0x01,0x0F,0x00,0x1A,0x01,0x05,0x00,0x09,0x01,0x02,0x00,0x06,0x01,0x2B,0x00,0x17,
   0x01,0x0E,0x00,0x1A,0x01,0x04,0x00,0x09,0x01,0x04,0x00,0x05,0x01,0x29,0x00,0x1A,
   0x01,0x0D,0x00,0x1B,0x01,0x02,0x00,0x09,0x01,0x07,0x00,0x02,0x01,0x2B,0x00,0x1A,
   0x01,0x0B,0x00,0x27,0x01,0x35,0x00,0x1A,0x01,0x08,0x00,0x29,0x01,0x36,0x00,0x19,
   0x01,0x09,0x00,0x27,0x01,0x38,0x00,0x19,0x01,0x08,0x00,0x26,0x01,0x3A,0x00,0x19,
   0x01,0x07,0x00,0x26,0x01,0x3B,0x00,0x09,0x01,0x03,0x00,0x0D,0x01,0x05,0x00,0x26,
   0x01,0x49,0x00,0x0D,0x01,0x03,0x00,0x28,0x01,0x49,0x00,0x0D,0x01,0x01,0x00,0x2A,
   0x01,0x01,0x00,0x05,0x01,0x0B,0x00,0x02,0x01,0x36,0x00,0x4A,0x01,0x36,0x00,0x4A,
   0x01,0x37,0x00,0x26,0x01,0x0A,0x00,0x19,0x01,0x38,0x00,0x24,0x01,0x0D,0x00,0x17,
   0x01,0x38,0x00,0x23,0x01,0x0F,0x00,0x16,0x01,0x39,0x00,0x22,0x01,0x10,0x00,0x15,
   0x01,0x3A,0x00,0x21,0x01,0x11,0x00,0x14,0x01,0x3A,0x00,0x21,0x01,0x12,0x00,0x13,
   0x01,0x3B,0x00,0x1F,0x01,0x14,0x00,0x12,0x01,0x3B,0x00,0x1F,0x01,0x15,0x00,0x11,
   0x01,0x3C,0x00,0x1E,0x01,0x16,0x00,0x10,0x01,0x3D,0x00,0x1D,0x01,0x17,0x00,0x0F,
   0x01,0x3D,0x00,0x1C,0x01,0x19,0x00,0x0E,0x01,0x3E,0x00,0x1B,0x01,0x19,0x00,0x0E,
   0x01,0x3F,0x00,0x1A,0x01,0x1A,0x00,0x0D,0x01,0x40,0x00,0x19,0x01,0x1B,0x00,0x0C,
   0x01,0x42,0x00,0x17,0x01,0x1C,0x00,0x0B,0x01,0x44,0x00,0x15,0x01,0x1D,0x00,0x09,
   0x01,0x46,0x00,0x15,0x01,0x1C,0x00,0x07,0x01,0x48,0x00,0x15,0x01,0x1D,0x00,0x05,
   0x01,0x49,0x00,0x15,0x01,0x1E,0x00,0x03,0x01,0x49,0x00,0x17,0x01,0x69,0x00,0x19,
   0x01,0x67,0x00,0x1A,0x01,0x65,0x00,0x1B,0x01,0x22},
  // Frame 199/234 (Size: 680 bytes)
  {0x01,0x65,0x00,0x14,0x01,0x6B,0x00,0x15,0x01,0x6A,0x00,0x17,0x01,0x64,0x00,0x1C,
   0x01,0x60,0x00,0x20,0x01,0x5E,0x00,0x22,0x01,0x5C,0x00,0x24,0x01,0x5B,0x00,0x25,
   0x01,0x59,0x00,0x26,0x01,0x59,0x00,0x25,0x01,0x5A,0x00,0x23,0x01,0x5C,0x00,0x24,
   0x01,0x5B,0x00,0x2A,0x01,0x56,0x00,0x2D,0x01,0x52,0x00,0x30,0x01,0x50,0x00,0x30,
   0x01,0x4F,0x00,0x2F,0x01,0x51,0x00,0x2E,0x01,0x52,0x00,0x2D,0x01,0x53,0x00,0x2C,
   0x01,0x53,0x00,0x2C,0x01,0x54,0x00,0x2C,0x01,0x52,0x00,0x2E,0x01,0x51,0x00,0x2F,
   0x01,0x4F,0x00,0x31,0x01,0x4B,0x00,0x35,0x01,0x4A,0x00,0x36,0x01,0x4A,0x00,0x35,
   0x01,0x4B,0x00,0x35,0x01,0x4B,0x00,0x34,0x01,0x4E,0x00,0x32,0x01,0x4F,0x00,0x31,
   0x01,0x54,0x00,0x2D,0x01,0x53,0x00,0x2D,0x01,0x54,0x00,0x2D,0x01,0x54,0x00,0x2D,
   0x01,0x54,0x00,0x02,0x01,0x01,0x00,0x29,0x01,0x59,0x00,0x29,0x01,0x56,0x00,0x2B,
   0x01,0x55,0x00,0x2C,0x01,0x53,0x00,0x27,0x01,0x03,0x00,0x02,0x01,0x54,0x00,0x28,
   0x01,0x5A,0x00,0x26,0x01,0x5A,0x00,0x27,0x01,0x5A,0x00,0x29,0x01,0x58,0x00,0x21,
   0x01,0x05,0x00,0x03,0x01,0x58,0x00,0x20,0x01,0x05,0x00,0x04,0x01,0x58,0x00,0x1B,
   0x01,0x02,0x00,0x01,0x01,0x06,0x00,0x04,0x01,0x58,0x00,0x06,0x01,0x02,0x00,0x13,
   0x01,0x09,0x00,0x05,0x01,0x5A,0x00,0x01,0x01,0x01,0x00,0x01,0x01,0x02,0x00,0x10,
   0x01,0x01,0x00,0x02,0x01,0x09,0x00,0x06,0x01,0x5D,0x00,0x11,0x01,0x02,0x00,0x02,
   0x01,0x07,0x00,0x07,0x01,0x5C,0x00,0x0D,0x01,0x02,0x00,0x03,0x01,0x0B,0x00,0x07,
   0x01,0x5C,0x00,0x0D,0x01,0x10,0x00,0x07,0x01,0x5C,0x00,0x0D,0x01,0x0F,0x00,0x08,
   0x01,0x29,0x00,0x0A,0x01,0x27,0x00,0x0F,0x01,0x0F,0x00,0x08,0x01,0x21,0x00,0x15,
   0x01,0x23,0x00,0x11,0x01,0x0E,0x00,0x08,0x01,0x22,0x00,0x17,0x01,0x1F,0x00,0x12,
   0x01,0x0D,0x00,0x09,0x01,0x22,0x00,0x19,0x01,0x1C,0x00,0x13,0x01,0x0D,0x00,0x09,
   0x01,0x22,0x00,0x1A,0x01,0x19,0x00,0x16,0x01,0x0C,0x00,0x09,0x01,0x23,0x00,0x19,
   0x01,0x15,0x00,0x1A,0x01,0x0C,0x00,0x09,0x01,0x24,0x00,0x19,0x01,0x13,0x00,0x1C,
   0x01,0x0A,0x00,0x0A,0x01,0x24,0x00,0x1A,0x01,0x12,0x00,0x1C,0x01,0x0A,0x00,0x0A,
   0x01,0x25,0x00,0x1A,0x01,0x11,0x00,0x1C,0x01,0x0A,0x00,0x0A,0x01,0x26,0x00,0x1A,
   0x01,0x10,0x00,0x1C,0x01,0x09,0x00,0x0B,0x01,0x26,0x00,0x1A,0x01,0x0F,0x00,0x1D,
   0x01,0x08,0x00,0x0B,0x01,0x27,0x00,0x1B,0x01,0x0B,0x00,0x20,0x01,0x08,0x00,0x0B,
   0x01,0x2A,0x00,0x19,0x01,0x0B,0x00,0x1F,0x01,0x06,0x00,0x0A,0x01,0x01,0x00,0x01,
   0x01,0x2C,0x00,0x07,0x01,0x02,0x00,0x10,0x01,0x0A,0x00,0x21,0x01,0x03,0x00,0x0B,
   0x01,0x38,0x00,0x10,0x01,0x07,0x00,0x31,0x01,0x39,0x00,0x0F,0x01,0x06,0x00,0x32,
   0x01,0x39,0x00,0x10,0x01,0x04,0x00,0x32,0x01,0x3B,0x00,0x10,0x01,0x02,0x00,0x32,
   0x01,0x3D,0x00,0x42,0x01,0x3E,0x00,0x42,0x01,0x3F,0x00,0x40,0x01,0x40,0x00,0x40,
   0x01,0x41,0x00,0x3F,0x01,0x42,0x00,0x3E,0x01,0x42,0x00,0x3F,0x01,0x01,0x00,0x04,
   0x01,0x3D,0x00,0x2C,0x01,0x01,0x00,0x03,0x01,0x01,0x00,0x14,0x01,0x3B,0x00,0x2B,
   0x01,0x0B,0x00,0x0F,0x01,0x3C,0x00,0x29,0x01,0x0D,0x00,0x0E,0x01,0x3C,0x00,0x29,
   0x01,0x0F,0x00,0x0C,0x01,0x3D,0x00,0x28,0x01,0x10,0x00,0x0B,0x01,0x3E,0x00,0x26,
   0x01,0x12,0x00,0x0A,0x01,0x3E,0x00,0x26,0x01,0x13,0x00,0x09,0x01,0x3F,0x00,0x25,
   0x01,0x14,0x00,0x08,0x01,0x40,0x00,0x24,0x01,0x14,0x00,0x08,0x01,0x41,0x00,0x0A,
   0x01,0x02,0x00,0x16,0x01,0x16,0x00,0x07,0x01,0x43,0x00,0x07,0x01,0x03,0x00,0x16,
   0x01,0x17,0x00,0x06,0x01,0x45,0x00,0x02,0x01,0x06,0x00,0x16,0x01,0x18,0x00,0x05,
   0x01,0x4D,0x00,0x16,0x01,0x18,0x00,0x05,0x01,0x4D,0x00,0x16,0x01,0x19,0x00,0x04,
   0x01,0x4C,0x00,0x17,0x01,0x1A,0x00,0x03,0x01,0x4C,0x00,0x17,0x01,0x1A,0x00,0x03,
   0x01,0x4C,0x00,0x17,0x01,0x1B,0x00,0x02},
  // Frame 200/234 (Size: 638 bytes)
  {0x01,0x71,0x00,0x0F,0x01,0x6A,0x00,0x05,0x01,0x01,0x00,0x10,0x01,0x66,0x00,0x1A,
   0x01,0x63,0x00,0x1D,0x01,0x61,0x00,0x1F,0x01,0x5F,0x00,0x21,0x01,0x5D,0x00,0x23,
   0x01,0x5C,0x00,0x24,0x01,0x5B,0x00,0x25,0x01,0x5A,0x00,0x26,0x01,0x59,0x00,0x27,
   0x01,0x58,0x00,0x28,0x01,0x57,0x00,0x29,0x01,0x57,0x00,0x29,0x01,0x56,0x00,0x2A,
   0x01,0x56,0x00,0x2A,0x01,0x56,0x00,0x2A,0x01,0x56,0x00,0x2A,0x01,0x55,0x00,0x2B,
   0x01,0x54,0x00,0x2C,0x01,0x53,0x00,0x2D,0x01,0x51,0x00,0x2F,0x01,0x4F,0x00,0x31,
   0x01,0x4A,0x00,0x36,0x01,0x49,0x00,0x37,0x01,0x48,0x00,0x38,0x01,0x48,0x00,0x38,
   0x01,0x48,0x00,0x38,0x01,0x4A,0x00,0x36,0x01,0x4A,0x00,0x36,0x01,0x4A,0x00,0x36,
   0x01,0x4B,0x00,0x04,0x01,0x01,0x00,0x30,0x01,0x51,0x00,0x2F,0x01,0x51,0x00,0x2F,
   0x01,0x51,0x00,0x2F,0x01,0x52,0x00,0x2E,0x01,0x53,0x00,0x2D,0x01,0x57,0x00,0x29,
   0x01,0x58,0x00,0x28,0x01,0x58,0x00,0x28,0x01,0x58,0x00,0x28,0x01,0x56,0x00,0x2A,
   0x01,0x56,0x00,0x2A,0x01,0x57,0x00,0x29,0x01,0x58,0x00,0x28,0x01,0x59,0x00,0x27,
   0x01,0x59,0x00,0x27,0x01,0x5A,0x00,0x26,0x01,0x5B,0x00,0x25,0x01,0x5B,0x00,0x25,
   0x01,0x1F,0x00,0x11,0x01,0x2B,0x00,0x25,0x01,0x1B,0x00,0x19,0x01,0x27,0x00,0x01,
   0x01,0x01,0x00,0x03,0x01,0x01,0x00,0x02,0x01,0x02,0x00,0x1B,0x01,0x1B,0x00,0x1D,
   0x01,0x26,0x00,0x01,0x01,0x02,0x00,0x02,0x01,0x02,0x00,0x17,0x01,0x01,0x00,0x03,
   0x01,0x1C,0x00,0x1D,0x01,0x2D,0x00,0x15,0x01,0x03,0x00,0x01,0x01,0x1D,0x00,0x1E,
   0x01,0x2C,0x00,0x10,0x01,0x02,0x00,0x03,0x01,0x22,0x00,0x1E,0x01,0x2A,0x00,0x11,
   0x01,0x03,0x00,0x02,0x01,0x23,0x00,0x1E,0x01,0x28,0x00,0x13,0x01,0x02,0x00,0x02,
   0x01,0x24,0x00,0x1D,0x01,0x28,0x00,0x0E,0x01,0x01,0x00,0x02,0x01,0x01,0x00,0x01,
   0x01,0x29,0x00,0x1D,0x01,0x27,0x00,0x0E,0x01,0x2E,0x00,0x1E,0x01,0x24,0x00,0x11,
   0x01,0x2E,0x00,0x1E,0x01,0x22,0x00,0x12,0x01,0x2E,0x00,0x1F,0x01,0x17,0x00,0x1D,
   0x01,0x0B,0x00,0x01,0x01,0x21,0x00,0x1F,0x01,0x16,0x00,0x1E,0x01,0x0B,0x00,0x01,
   0x01,0x21,0x00,0x20,0x01,0x15,0x00,0x1E,0x01,0x0B,0x00,0x01,0x01,0x25,0x00,0x09,
   0x01,0x01,0x00,0x13,0x01,0x14,0x00,0x1F,0x01,0x0A,0x00,0x01,0x01,0x26,0x00,0x01,
   0x01,0x09,0x00,0x13,0x01,0x0E,0x00,0x01,0x01,0x05,0x00,0x1E,0x01,0x0A,0x00,0x01,
   0x01,0x31,0x00,0x12,0x01,0x0E,0x00,0x24,0x01,0x09,0x00,0x02,0x01,0x32,0x00,0x12,
   0x01,0x0E,0x00,0x24,0x01,0x08,0x00,0x02,0x01,0x32,0x00,0x13,0x01,0x0C,0x00,0x25,
   0x01,0x08,0x00,0x02,0x01,0x33,0x00,0x13,0x01,0x08,0x00,0x28,0x01,0x08,0x00,0x02,
   0x01,0x34,0x00,0x12,0x01,0x06,0x00,0x2A,0x01,0x07,0x00,0x03,0x01,0x34,0x00,0x13,
   0x01,0x03,0x00,0x2C,0x01,0x07,0x00,0x03,0x01,0x35,0x00,0x12,0x01,0x01,0x00,0x2E,
   0x01,0x06,0x00,0x04,0x01,0x35,0x00,0x41,0x01,0x05,0x00,0x05,0x01,0x36,0x00,0x41,
   0x01,0x03,0x00,0x06,0x01,0x37,0x00,0x42,0x01,0x01,0x00,0x06,0x01,0x37,0x00,0x49,
   0x01,0x38,0x00,0x48,0x01,0x39,0x00,0x47,0x01,0x39,0x00,0x47,0x01,0x3A,0x00,0x46,
   0x01,0x3A,0x00,0x46,0x01,0x3B,0x00,0x45,0x01,0x3C,0x00,0x44,0x01,0x3C,0x00,0x44,
   0x01,0x3D,0x00,0x43,0x01,0x3E,0x00,0x42,0x01,0x3F,0x00,0x41,0x01,0x40,0x00,0x11,
   0x01,0x02,0x00,0x1C,0x01,0x05,0x00,0x0C,0x01,0x42,0x00,0x0B,0x01,0x06,0x00,0x1C,
   0x01,0x0B,0x00,0x06,0x01,0x43,0x00,0x07,0x01,0x09,0x00,0x1C,0x01,0x0D,0x00,0x04,
   0x01,0x53,0x00,0x1B,0x01,0x10,0x00,0x02,0x01,0x53,0x00,0x1B,0x01,0x11,0x00,0x01,
   0x01,0x53,0x00,0x1B,0x01,0x65,0x00,0x1B,0x01,0x65,0x00,0x1B,0x01,0x12},
  // Frame 201/234 (Size: 672 bytes)
  {0x01,0x78,0x00,0x08,0x01,0x77,0x00,0x09,0x01,0x75,0x00,0x0B,0x01,0x69,0x00,0x17,
   0x01,0x65,0x00,0x1B,0x01,0x63,0x00,0x1D,0x01,0x61,0x00,0x1F,0x01,0x5F,0x00,0x21,
   0x01,0x5E,0x00,0x22,0x01,0x5D,0x00,0x23,0x01,0x5C,0x00,0x24,0x01,0x5B,0x00,0x25,
   0x01,0x5A,0x00,0x26,0x01,0x59,0x00,0x27,0x01,0x59,0x00,0x27,0x01,0x58,0x00,0x28,
   0x01,0x58,0x00,0x28,0x01,0x58,0x00,0x28,0x01,0x57,0x00,0x29,0x01,0x55,0x00,0x2B,
   0x01,0x53,0x00,0x2D,0x01,0x4B,0x00,0x04,0x01,0x01,0x00,0x30,0x01,0x4B,0x00,0x35,
   0x01,0x4A,0x00,0x36,0x01,0x4A,0x00,0x36,0x01,0x49,0x00,0x37,0x01,0x4B,0x00,0x35,
   0x01,0x4B,0x00,0x35,0x01,0x4C,0x00,0x34,0x01,0x4C,0x00,0x34,0x01,0x4D,0x00,0x03,
   0x01,0x01,0x00,0x2F,0x01,0x52,0x00,0x2E,0x01,0x52,0x00,0x2E,0x01,0x52,0x00,0x2E,
   0x01,0x53,0x00,0x2D,0x01,0x53,0x00,0x2D,0x01,0x54,0x00,0x2C,0x01,0x58,0x00,0x28,
   0x01,0x58,0x00,0x28,0x01,0x58,0x00,0x28,0x01,0x57,0x00,0x29,0x01,0x56,0x00,0x2A,
   0x01,0x57,0x00,0x29,0x01,0x58,0x00,0x28,0x01,0x58,0x00,0x28,0x01,0x58,0x00,0x28,
   0x01,0x22,0x00,0x05,0x01,0x32,0x00,0x27,0x01,0x1F,0x00,0x0D,0x01,0x2D,0x00,0x27,
   0x01,0x19,0x00,0x15,0x01,0x2C,0x00,0x26,0x01,0x19,0x00,0x18,0x01,0x2A,0x00,0x25,
   0x01,0x19,0x00,0x1B,0x01,0x27,0x00,0x25,0x01,0x19,0x00,0x1E,0x01,0x24,0x00,0x09,
   0x01,0x01,0x00,0x1B,0x01,0x1A,0x00,0x1E,0x01,0x26,0x00,0x01,0x01,0x02,0x00,0x02,
   0x01,0x02,0x00,0x1B,0x01,0x1B,0x00,0x1E,0x01,0x25,0x00,0x01,0x01,0x02,0x00,0x01,
   0x01,0x03,0x00,0x1B,0x01,0x1C,0x00,0x1E,0x01,0x2B,0x00,0x1B,0x01,0x1D,0x00,0x1E,
   0x01,0x2A,0x00,0x16,0x01,0x01,0x00,0x04,0x01,0x1D,0x00,0x1E,0x01,0x2A,0x00,0x11,
   0x01,0x01,0x00,0x03,0x01,0x03,0x00,0x01,0x01,0x01,0x00,0x01,0x01,0x1E,0x00,0x1E,
   0x01,0x28,0x00,0x12,0x01,0x02,0x00,0x02,0x01,0x05,0x00,0x01,0x01,0x1E,0x00,0x1F,
   0x01,0x27,0x00,0x12,0x01,0x02,0x00,0x02,0x01,0x05,0x00,0x01,0x01,0x1E,0x00,0x20,
   0x01,0x26,0x00,0x12,0x01,0x03,0x00,0x01,0x01,0x05,0x00,0x01,0x01,0x1E,0x00,0x21,
   0x01,0x23,0x00,0x12,0x01,0x0B,0x00,0x01,0x01,0x22,0x00,0x1D,0x01,0x18,0x00,0x07,
   0x01,0x02,0x00,0x13,0x01,0x0B,0x00,0x02,0x01,0x23,0x00,0x1D,0x01,0x16,0x00,0x1D,
   0x01,0x0B,0x00,0x02,0x01,0x2A,0x00,0x02,0x01,0x02,0x00,0x13,0x01,0x15,0x00,0x1E,
   0x01,0x0A,0x00,0x02,0x01,0x2F,0x00,0x13,0x01,0x15,0x00,0x1D,0x01,0x0A,0x00,0x02,
   0x01,0x30,0x00,0x13,0x01,0x0E,0x00,0x04,0x01,0x01,0x00,0x1E,0x01,0x0A,0x00,0x02,
   0x01,0x30,0x00,0x13,0x01,0x0E,0x00,0x24,0x01,0x08,0x00,0x03,0x01,0x31,0x00,0x13,
   0x01,0x0D,0x00,0x24,0x01,0x08,0x00,0x03,0x01,0x32,0x00,0x13,0x01,0x0A,0x00,0x26,
   0x01,0x08,0x00,0x03,0x01,0x33,0x00,0x12,0x01,0x07,0x00,0x29,0x01,0x08,0x00,0x03,
   0x01,0x33,0x00,0x13,0x01,0x03,0x00,0x2C,0x01,0x08,0x00,0x03,0x01,0x34,0x00,0x42,
   0x01,0x06,0x00,0x04,0x01,0x35,0x00,0x41,0x01,0x06,0x00,0x04,0x01,0x35,0x00,0x41,
   0x01,0x06,0x00,0x04,0x01,0x36,0x00,0x40,0x01,0x05,0x00,0x05,0x01,0x37,0x00,0x3E,
   0x01,0x06,0x00,0x05,0x01,0x37,0x00,0x40,0x01,0x03,0x00,0x06,0x01,0x38,0x00,0x40,
   0x01,0x01,0x00,0x07,0x01,0x39,0x00,0x47,0x01,0x3A,0x00,0x46,0x01,0x3A,0x00,0x46,
   0x01,0x3B,0x00,0x45,0x01,0x3C,0x00,0x43,0x01,0x3E,0x00,0x42,0x01,0x40,0x00,0x40,
   0x01,0x41,0x00,0x0E,0x01,0x05,0x00,0x2D,0x01,0x42,0x00,0x06,0x01,0x0B,0x00,0x2D,
   0x01,0x53,0x00,0x2D,0x01,0x53,0x00,0x2D,0x01,0x53,0x00,0x1C,0x01,0x02,0x00,0x0F,
   0x01,0x53,0x00,0x1C,0x01,0x09,0x00,0x08,0x01,0x53,0x00,0x1C,0x01,0x0B,0x00,0x06,
   0x01,0x53,0x00,0x1B,0x01,0x0E,0x00,0x04,0x01,0x53,0x00,0x1B,0x01,0x0F,0x00,0x03,
   0x01,0x53,0x00,0x1B,0x01,0x10,0x00,0x02,0x01,0x53,0x00,0x1B,0x01,0x11,0x00,0x01},
  // Frame 202/234 (Size: 662 bytes)
  {0x01,0x7E,0x00,0x02,0x01,0x7C,0x00,0x04,0x01,0x6D,0x00,0x09,0x01,0x04,0x00,0x06,
   0x01,0x69,0x00,0x17,0x01,0x66,0x00,0x1A,0x01,0x64,0x00,0x1C,0x01,0x62,0x00,0x1E,
   0x01,0x61,0x00,0x1F,0x01,0x60,0x00,0x20,0x01,0x5F,0x00,0x21,0x01,0x5E,0x00,0x22,
   0x01,0x5D,0x00,0x23,0x01,0x5C,0x00,0x24,0x01,0x5C,0x00,0x24,0x01,0x5C,0x00,0x24,
   0x01,0x5A,0x00,0x26,0x01,0x58,0x00,0x28,0x01,0x4E,0x00,0x05,0x01,0x01,0x00,0x2C,
   0x01,0x4E,0x00,0x32,0x01,0x4D,0x00,0x33,0x01,0x4D,0x00,0x33,0x01,0x4C,0x00,0x34,
   0x01,0x4E,0x00,0x32,0x01,0x4E,0x00,0x32,0x01,0x4E,0x00,0x32,0x01,0x4E,0x00,0x32,
   0x01,0x4F,0x00,0x31,0x01,0x50,0x00,0x30,0x01,0x54,0x00,0x2C,0x01,0x54,0x00,0x2C,
   0x01,0x54,0x00,0x2C,0x01,0x55,0x00,0x2B,0x01,0x55,0x00,0x2B,0x01,0x56,0x00,0x2A,
   0x01,0x59,0x00,0x27,0x01,0x59,0x00,0x27,0x01,0x59,0x00,0x27,0x01,0x58,0x00,0x28,
   0x01,0x57,0x00,0x29,0x01,0x57,0x00,0x29,0x01,0x58,0x00,0x28,0x01,0x59,0x00,0x27,
   0x01,0x59,0x00,0x27,0x01,0x59,0x00,0x27,0x01,0x1E,0x00,0x0A,0x01,0x32,0x00,0x26,
   0x01,0x18,0x00,0x13,0x01,0x2F,0x00,0x26,0x01,0x16,0x00,0x18,0x01,0x2C,0x00,0x26,
   0x01,0x16,0x00,0x1A,0x01,0x2B,0x00,0x25,0x01,0x17,0x00,0x1B,0x01,0x29,0x00,0x25,
   0x01,0x17,0x00,0x1E,0x01,0x26,0x00,0x02,0x01,0x02,0x00,0x21,0x01,0x17,0x00,0x20,
   0x01,0x24,0x00,0x01,0x01,0x03,0x00,0x01,0x01,0x01,0x00,0x03,0x01,0x01,0x00,0x1B,
   0x01,0x18,0x00,0x20,0x01,0x27,0x00,0x01,0x01,0x01,0x00,0x02,0x01,0x02,0x00,0x1B,
   0x01,0x1A,0x00,0x1F,0x01,0x2C,0x00,0x1B,0x01,0x1B,0x00,0x1E,0x01,0x2C,0x00,0x1B,
   0x01,0x1B,0x00,0x1F,0x01,0x2C,0x00,0x1A,0x01,0x1C,0x00,0x1F,0x01,0x2A,0x00,0x1B,
   0x01,0x1C,0x00,0x20,0x01,0x29,0x00,0x16,0x01,0x01,0x00,0x04,0x01,0x1C,0x00,0x21,
   0x01,0x27,0x00,0x11,0x01,0x02,0x00,0x03,0x01,0x05,0x00,0x01,0x01,0x1C,0x00,0x22,
   0x01,0x26,0x00,0x11,0x01,0x03,0x00,0x02,0x01,0x05,0x00,0x01,0x01,0x20,0x00,0x1F,
   0x01,0x19,0x00,0x09,0x01,0x01,0x00,0x13,0x01,0x03,0x00,0x02,0x01,0x04,0x00,0x02,
   0x01,0x22,0x00,0x1E,0x01,0x17,0x00,0x1C,0x01,0x0B,0x00,0x02,0x01,0x23,0x00,0x08,
   0x01,0x02,0x00,0x14,0x01,0x16,0x00,0x1D,0x01,0x0A,0x00,0x02,0x01,0x2E,0x00,0x14,
   0x01,0x15,0x00,0x1D,0x01,0x0A,0x00,0x02,0x01,0x2F,0x00,0x14,0x01,0x0F,0x00,0x04,
   0x01,0x01,0x00,0x1E,0x01,0x09,0x00,0x02,0x01,0x30,0x00,0x13,0x01,0x0F,0x00,0x23,
   0x01,0x09,0x00,0x02,0x01,0x31,0x00,0x13,0x01,0x0E,0x00,0x23,0x01,0x08,0x00,0x03,
   0x01,0x32,0x00,0x13,0x01,0x09,0x00,0x27,0x01,0x08,0x00,0x03,0x01,0x32,0x00,0x14,
   0x01,0x04,0x00,0x2C,0x01,0x07,0x00,0x03,0x01,0x33,0x00,0x13,0x01,0x02,0x00,0x2E,
   0x01,0x07,0x00,0x03,0x01,0x34,0x00,0x42,0x01,0x07,0x00,0x03,0x01,0x35,0x00,0x41,
   0x01,0x06,0x00,0x04,0x01,0x36,0x00,0x40,0x01,0x06,0x00,0x04,0x01,0x36,0x00,0x40,
   0x01,0x06,0x00,0x04,0x01,0x37,0x00,0x3F,0x01,0x06,0x00,0x04,0x01,0x38,0x00,0x3E,
   0x01,0x05,0x00,0x05,0x01,0x39,0x00,0x3E,0x01,0x04,0x00,0x05,0x01,0x3A,0x00,0x3E,
   0x01,0x02,0x00,0x06,0x01,0x3B,0x00,0x45,0x01,0x3C,0x00,0x44,0x01,0x3D,0x00,0x43,
   0x01,0x3F,0x00,0x41,0x01,0x40,0x00,0x12,0x01,0x02,0x00,0x2C,0x01,0x43,0x00,0x05,
   0x01,0x0C,0x00,0x2B,0x01,0x55,0x00,0x2C,0x01,0x54,0x00,0x2C,0x01,0x54,0x00,0x2C,
   0x01,0x54,0x00,0x2C,0x01,0x54,0x00,0x2C,0x01,0x54,0x00,0x1C,0x01,0x04,0x00,0x0C,
   0x01,0x54,0x00,0x1B,0x01,0x0A,0x00,0x07,0x01,0x54,0x00,0x1B,0x01,0x0C,0x00,0x05,
   0x01,0x54,0x00,0x1B,0x01,0x0E,0x00,0x03,0x01,0x53,0x00,0x1B,0x01,0x10,0x00,0x02,
   0x01,0x53,0x00,0x1B,0x01,0x10,0x00,0x02,0x01,0x53,0x00,0x1B,0x01,0x11,0x00,0x01,
   0x01,0x53,0x00,0x1B,0x01,0x12},
  // Frame 203/234 (Size: 538 bytes)
  {0x01,0x68,0x00,0x18,0x01,0x68,0x00,0x18,0x01,0x67,0x00,0x19,0x01,0x5B,0x00,0x01,
   0x01,0x09,0x00,0x1B,0x01,0x59,0x00,0x27,0x01,0x58,0x00,0x28,0x01,0x58,0x00,0x28,
   0x01,0x57,0x00,0x29,0x01,0x57,0x00,0x29,0x01,0x56,0x00,0x2A,0x01,0x56,0x00,0x2A,
   0x01,0x57,0x00,0x29,0x01,0x57,0x00,0x29,0x01,0x57,0x00,0x29,0x01,0x57,0x00,0x29,
   0x01,0x57,0x00,0x29,0x01,0x58,0x00,0x28,0x01,0x59,0x00,0x27,0x01,0x5D,0x00,0x23,
   0x01,0x5E,0x00,0x22,0x01,0x5E,0x00,0x22,0x01,0x5E,0x00,0x22,0x01,0x5F,0x00,0x21,
   0x01,0x60,0x00,0x20,0x01,0x62,0x00,0x1E,0x01,0x63,0x00,0x1D,0x01,0x63,0x00,0x1D,
   0x01,0x61,0x00,0x1F,0x01,0x61,0x00,0x1F,0x01,0x61,0x00,0x1F,0x01,0x62,0x00,0x1E,
   0x01,0x62,0x00,0x1E,0x01,0x62,0x00,0x1E,0x01,0x62,0x00,0x1E,0x01,0x63,0x00,0x1D,
   0x01,0x63,0x00,0x1D,0x01,0x1E,0x00,0x06,0x01,0x3F,0x00,0x1D,0x01,0x1D,0x00,0x0D,
   0x01,0x3A,0x00,0x1C,0x01,0x1D,0x00,0x10,0x01,0x37,0x00,0x1C,0x01,0x20,0x00,0x10,
   0x01,0x34,0x00,0x1C,0x01,0x1C,0x00,0x17,0x01,0x32,0x00,0x02,0x01,0x01,0x00,0x18,
   0x01,0x17,0x00,0x1E,0x01,0x2F,0x00,0x02,0x01,0x02,0x00,0x18,0x01,0x16,0x00,0x20,
   0x01,0x32,0x00,0x02,0x01,0x01,0x00,0x02,0x01,0x02,0x00,0x11,0x01,0x17,0x00,0x21,
   0x01,0x37,0x00,0x11,0x01,0x1A,0x00,0x20,0x01,0x35,0x00,0x11,0x01,0x1A,0x00,0x21,
   0x01,0x34,0x00,0x11,0x01,0x19,0x00,0x23,0x01,0x34,0x00,0x10,0x01,0x18,0x00,0x26,
   0x01,0x32,0x00,0x10,0x01,0x18,0x00,0x27,0x01,0x30,0x00,0x11,0x01,0x19,0x00,0x27,
   0x01,0x2E,0x00,0x12,0x01,0x19,0x00,0x28,0x01,0x26,0x00,0x19,0x01,0x1A,0x00,0x29,
   0x01,0x1F,0x00,0x01,0x01,0x01,0x00,0x1C,0x01,0x1B,0x00,0x29,0x01,0x1D,0x00,0x1F,
   0x01,0x1C,0x00,0x29,0x01,0x1B,0x00,0x20,0x01,0x1D,0x00,0x29,0x01,0x1A,0x00,0x20,
   0x01,0x1E,0x00,0x29,0x01,0x14,0x00,0x01,0x01,0x03,0x00,0x21,0x01,0x1E,0x00,0x12,
   0x01,0x02,0x00,0x17,0x01,0x11,0x00,0x26,0x01,0x1E,0x00,0x10,0x01,0x05,0x00,0x17,
   0x01,0x10,0x00,0x26,0x01,0x1E,0x00,0x0B,0x01,0x0B,0x00,0x17,0x01,0x0F,0x00,0x26,
   0x01,0x1E,0x00,0x0B,0x01,0x0C,0x00,0x17,0x01,0x0A,0x00,0x2A,0x01,0x37,0x00,0x16,
   0x01,0x06,0x00,0x2D,0x01,0x38,0x00,0x16,0x01,0x02,0x00,0x30,0x01,0x39,0x00,0x47,
   0x01,0x3A,0x00,0x46,0x01,0x3B,0x00,0x45,0x01,0x3C,0x00,0x44,0x01,0x3D,0x00,0x43,
   0x01,0x3E,0x00,0x42,0x01,0x3F,0x00,0x41,0x01,0x40,0x00,0x40,0x01,0x41,0x00,0x3F,
   0x01,0x43,0x00,0x3D,0x01,0x44,0x00,0x3C,0x01,0x46,0x00,0x3A,0x01,0x48,0x00,0x38,
   0x01,0x4A,0x00,0x09,0x01,0x09,0x00,0x24,0x01,0x5C,0x00,0x24,0x01,0x5C,0x00,0x24,
   0x01,0x5C,0x00,0x24,0x01,0x5C,0x00,0x24,0x01,0x5C,0x00,0x24,0x01,0x5C,0x00,0x24,
   0x01,0x5C,0x00,0x20,0x01,0x60,0x00,0x20,0x01,0x60,0x00,0x20,0x01,0x60,0x00,0x1F,
   0x01,0x61,0x00,0x1F,0x01,0x61,0x00,0x1F,0x01,0x61,0x00,0x1F,0x01,0x61,0x00,0x1E,
   0x01,0x62,0x00,0x1E,0x01,0x62,0x00,0x1E,0x01,0x62,0x00,0x1E,0x01,0x62,0x00,0x1E,
   0x01,0x62,0x00,0x1D,0x01,0x63,0x00,0x1D,0x01,0x07},
  // Frame 204/234 (Size: 386 bytes)
  {0x01,0xFF,0x01,0xFF,0x01,0xB0,0x00,0x04,0x01,0x7C,0x00,0x06,0x01,0x7A,0x00,0x08,
   0x01,0x78,0x00,0x0A,0x01,0x75,0x00,0x0D,0x01,0x74,0x00,0x0F,0x01,0x74,0x00,0x0F,
   0x01,0x6E,0x00,0x15,0x01,0x62,0x00,0x20,0x01,0x58,0x00,0x2C,0x01,0x53,0x00,0x30,
   0x01,0x4F,0x00,0x33,0x01,0x4E,0x00,0x33,0x01,0x4C,0x00,0x36,0x01,0x4B,0x00,0x37,
   0x01,0x48,0x00,0x3A,0x01,0x46,0x00,0x3B,0x01,0x45,0x00,0x3D,0x01,0x43,0x00,0x3F,
   0x01,0x43,0x00,0x3E,0x01,0x44,0x00,0x3E,0x01,0x42,0x00,0x40,0x01,0x40,0x00,0x41,
   0x01,0x3F,0x00,0x43,0x01,0x41,0x00,0x01,0x01,0x01,0x00,0x3F,0x01,0x41,0x00,0x40,
   0x01,0x40,0x00,0x42,0x01,0x3E,0x00,0x44,0x01,0x3E,0x00,0x43,0x01,0x44,0x00,0x3E,
   0x01,0x41,0x00,0x41,0x01,0x0E,0x00,0x03,0x01,0x2E,0x00,0x42,0x01,0x0D,0x00,0x04,
   0x01,0x2C,0x00,0x44,0x01,0x0B,0x00,0x05,0x01,0x2C,0x00,0x46,0x01,0x08,0x00,0x06,
   0x01,0x2C,0x00,0x1A,0x01,0x01,0x00,0x2C,0x01,0x07,0x00,0x06,0x01,0x2C,0x00,0x18,
   0x01,0x05,0x00,0x2B,0x01,0x04,0x00,0x08,0x01,0x2E,0x00,0x15,0x01,0x08,0x00,0x35,
   0x01,0x31,0x00,0x10,0x01,0x0B,0x00,0x34,0x01,0x32,0x00,0x0D,0x01,0x0F,0x00,0x32,
   0x01,0x50,0x00,0x30,0x01,0x51,0x00,0x2F,0x01,0x53,0x00,0x2D,0x01,0x54,0x00,0x2C,
   0x01,0x56,0x00,0x2A,0x01,0x57,0x00,0x29,0x01,0x58,0x00,0x28,0x01,0x5A,0x00,0x26,
   0x01,0x5B,0x00,0x25,0x01,0x5D,0x00,0x23,0x01,0x5F,0x00,0x21,0x01,0x61,0x00,0x1F,
   0x01,0x63,0x00,0x1D,0x01,0x66,0x00,0x1A,0x01,0x68,0x00,0x18,0x01,0x6B,0x00,0x15,
   0x01,0x6E,0x00,0x0E,0x01,0x76,0x00,0x04,0x01,0xB7,0x00,0x0E,0x01,0x6A,0x00,0x19,
   0x01,0x65,0x00,0x1B,0x01,0x64,0x00,0x1D,0x01,0x63,0x00,0x1D,0x01,0x64,0x00,0x1C,
   0x01,0x64,0x00,0x1B,0x01,0x65,0x00,0x1B,0x01,0x66,0x00,0x1A,0x01,0x66,0x00,0x19,
   0x01,0x68,0x00,0x17,0x01,0x6A,0x00,0x15,0x01,0x6C,0x00,0x13,0x01,0x6E,0x00,0x11,
   0x01,0x70,0x00,0x10,0x01,0x71,0x00,0x0E,0x01,0x72,0x00,0x0E,0x01,0x72,0x00,0x0E,
   0x01,0x72,0x00,0x0E,0x01,0x72,0x00,0x0E,0x01,0x72,0x00,0x0E,0x01,0x74,0x00,0x09,
   0x01,0xFF,0x01,0xFF,0x01,0xFF,0x01,0xFF,0x01,0xFF,0x01,0x4F,0x00,0x01,0x01,0x7F,
   0x00,0x01},
  // Frame 205/234 (Size: 230 bytes)
  {0x01,0x33,0x00,0x44,0x01,0x3B,0x00,0x46,0x01,0x3A,0x00,0x48,0x01,0x38,0x00,0x1E,
   0x01,0x01,0x00,0x2B,0x01,0x36,0x00,0x1D,0x01,0x04,0x00,0x2D,0x01,0x34,0x00,0x19,
   0x01,0x08,0x00,0x2B,0x01,0x36,0x00,0x15,0x01,0x0C,0x00,0x29,0x01,0x38,0x00,0x12,
   0x01,0x0F,0x00,0x27,0x01,0x39,0x00,0x0E,0x01,0x14,0x00,0x25,0x01,0x5D,0x00,0x23,
   0x01,0x5F,0x00,0x21,0x01,0x61,0x00,0x1F,0x01,0x62,0x00,0x1E,0x01,0x64,0x00,0x1C,
   0x01,0x66,0x00,0x1A,0x01,0x68,0x00,0x18,0x01,0x6A,0x00,0x16,0x01,0x6C,0x00,0x14,
   0x01,0x6D,0x00,0x13,0x01,0x6F,0x00,0x11,0x01,0x72,0x00,0x0E,0x01,0x78,0x00,0x08,
   0x01,0xFF,0x01,0xFF,0x01,0xFF,0x01,0xFF,0x01,0xFF,0x01,0xFF,0x01,0xFF,0x01,0xFF,
   0x01,0xFF,0x01,0xFF,0x01,0xFF,0x01,0xFF,0x01,0xFF,0x01,0xFF,0x01,0xFF,0x01,0xFF,
   0x01,0xFF,0x01,0xFF,0x01,0xFF,0x01,0xFF,0x01,0xFF,0x01,0xFF,0x01,0xFF,0x01,0xFF,
   0x01,0xFF,0x01,0xFF,0x01,0xFF,0x01,0xFF,0x01,0xFF,0x01,0xFF,0x01,0x51,0x00,0x08,
   0x01,0x6E,0x00,0x19,0x01,0x63,0x00,0x20,0x01,0x5D,0x00,0x23,0x01,0x5C,0x00,0x24,
   0x01,0x5C,0x00,0x24,0x01,0x5C,0x00,0x24,0x01,0x5C,0x00,0x24,0x01,0x5C,0x00,0x24,
   0x01,0x5C,0x00,0x23,0x01,0x5E,0x00,0x22,0x01,0x5E,0x00,0x22,0x01,0x5F,0x00,0x20,
   0x01,0x60,0x00,0x1F,0x01,0x3E},
  // Frame 206/234 (Size: 198 bytes)
  {0x01,0xFF,0x01,0xFF,0x01,0xFF,0x01,0xFF,0x01,0xFF,0x01,0xFF,0x01,0xFF,0x01,0xFF,
   0x01,0xFF,0x01,0xFF,0x01,0xFF,0x01,0xFF,0x01,0xFF,0x01,0xFF,0x01,0xFF,0x01,0xFF,
   0x01,0xFF,0x01,0xFF,0x01,0xFF,0x01,0xFF,0x01,0xFF,0x01,0xFF,0x01,0xFF,0x01,0xFF,
   0x01,0xFF,0x01,0xFF,0x01,0xFF,0x01,0xFF,0x01,0xFF,0x01,0x65,0x00,0x02,0x01,0x66,
   0x00,0x12,0x01,0x04,0x00,0x05,0x01,0x5D,0x00,0x24,0x01,0x5A,0x00,0x27,0x01,0x59,
   0x00,0x28,0x01,0x58,0x00,0x28,0x01,0x57,0x00,0x29,0x01,0x57,0x00,0x29,0x01,0x57,
   0x00,0x29,0x01,0x58,0x00,0x27,0x01,0x59,0x00,0x27,0x01,0x59,0x00,0x27,0x01,0x59,
   0x00,0x26,0x01,0x5B,0x00,0x25,0x01,0x5B,0x00,0x24,0x01,0x5D,0x00,0x23,0x01,0x5E,
   0x00,0x21,0x01,0x60,0x00,0x1F,0x01,0x62,0x00,0x1D,0x01,0x64,0x00,0x1A,0x01,0x67,
   0x00,0x19,0x01,0x68,0x00,0x17,0x01,0x69,0x00,0x16,0x01,0x6B,0x00,0x15,0x01,0x6B,
   0x00,0x15,0x01,0x6B,0x00,0x14,0x01,0x6D,0x00,0x14,0x01,0x6B,0x00,0x15,0x01,0x6B,
   0x00,0x15,0x01,0x6B,0x00,0x15,0x01,0x6B,0x00,0x14,0x01,0x6E,0x00,0x10,0x01,0xFF,
   0x01,0xFF,0x01,0xFF,0x01,0x42},
  // Frame 207/234 (Size: 234 bytes)
  {0x01,0xFF,0x01,0xFF,0x01,0xFF,0x01,0xFF,0x01,0xFF,0x01,0xFF,0x01,0xFF,0x01,0xFF,
   0x01,0xFF,0x01,0xFF,0x01,0xFF,0x01,0xBF,0x00,0x12,0x01,0x6A,0x00,0x19,0x01,0x09,
   0x00,0x01,0x01,0x5C,0x00,0x1D,0x01,0x04,0x00,0x05,0x01,0x58,0x00,0x21,0x01,0x01,
   0x00,0x07,0x01,0x56,0x00,0x26,0x01,0x01,0x00,0x03,0x01,0x56,0x00,0x25,0x01,0x03,
   0x00,0x02,0x01,0x56,0x00,0x26,0x01,0x02,0x00,0x02,0x01,0x56,0x00,0x26,0x01,0x02,
   0x00,0x02,0x01,0x56,0x00,0x26,0x01,0x01,0x00,0x02,0x01,0x57,0x00,0x26,0x01,0x01,
   0x00,0x02,0x01,0x57,0x00,0x29,0x01,0x57,0x00,0x28,0x01,0x58,0x00,0x27,0x01,0x59,
   0x00,0x27,0x01,0x5A,0x00,0x25,0x01,0x5B,0x00,0x24,0x01,0x5D,0x00,0x22,0x01,0x5E,
   0x00,0x22,0x01,0x5F,0x00,0x20,0x01,0x61,0x00,0x1E,0x01,0x63,0x00,0x1C,0x01,0x65,
   0x00,0x1A,0x01,0x67,0x00,0x17,0x01,0x69,0x00,0x16,0x01,0x6B,0x00,0x15,0x01,0x6B,
   0x00,0x14,0x01,0x6C,0x00,0x14,0x01,0x6C,0x00,0x13,0x01,0x6D,0x00,0x13,0x01,0x6D,
   0x00,0x14,0x01,0x6C,0x00,0x13,0x01,0x6D,0x00,0x13,0x01,0x6F,0x00,0x11,0x01,0x74,
   0x00,0x09,0x01,0xFF,0x01,0xFF,0x01,0xFF,0x01,0xFF,0x01,0xFF,0x01,0xFF,0x01,0xFF,
   0x01,0xFF,0x01,0xFF,0x01,0xFF,0x01,0xFF,0x01,0xFF,0x01,0xFF,0x01,0xFF,0x01,0xFF,
   0x01,0xFF,0x01,0xFF,0x01,0xFF,0x01,0xFF,0x01,0xCF},
  // Frame 208/234 (Size: 240 bytes)
  {0x01,0xFF,0x01,0xFF,0x01,0x34,0x00,0x10,0x01,0x6E,0x00,0x16,0x01,0x68,0x00,0x1B,
   0x01,0x64,0x00,0x1F,0x01,0x61,0x00,0x21,0x01,0x5F,0x00,0x23,0x01,0x5D,0x00,0x24,
   0x01,0x5C,0x00,0x25,0x01,0x02,0x00,0x05,0x01,0x54,0x00,0x2D,0x01,0x53,0x00,0x27,
   0x01,0x04,0x00,0x02,0x01,0x53,0x00,0x26,0x01,0x05,0x00,0x02,0x01,0x53,0x00,0x26,
   0x01,0x05,0x00,0x02,0x01,0x53,0x00,0x27,0x01,0x04,0x00,0x02,0x01,0x53,0x00,0x26,
   0x01,0x04,0x00,0x03,0x01,0x54,0x00,0x25,0x01,0x04,0x00,0x02,0x01,0x55,0x00,0x24,
   0x01,0x04,0x00,0x02,0x01,0x57,0x00,0x23,0x01,0x02,0x00,0x04,0x01,0x58,0x00,0x21,
   0x01,0x02,0x00,0x03,0x01,0x5A,0x00,0x25,0x01,0x5C,0x00,0x22,0x01,0x5F,0x00,0x1F,
   0x01,0x62,0x00,0x1B,0x01,0x65,0x00,0x1A,0x01,0x66,0x00,0x18,0x01,0x69,0x00,0x15,
   0x01,0x6B,0x00,0x14,0x01,0x6C,0x00,0x14,0x01,0x6B,0x00,0x14,0x01,0x6C,0x00,0x14,
   0x01,0x6C,0x00,0x13,0x01,0x6D,0x00,0x13,0x01,0x6E,0x00,0x12,0x01,0x71,0x00,0x0F,
   0x01,0x75,0x00,0x0A,0x01,0xFF,0x01,0xFF,0x01,0xFF,0x01,0xFF,0x01,0xFF,0x01,0xFF,
   0x01,0xFF,0x01,0xFF,0x01,0xFF,0x01,0xFF,0x01,0xFF,0x01,0xFF,0x01,0xFF,0x01,0xFF,
   0x01,0xFF,0x01,0xFF,0x01,0xFF,0x01,0xFF,0x01,0xFF,0x01,0xFF,0x01,0xFF,0x01,0xFF,
   0x01,0xFF,0x01,0xFF,0x01,0xFF,0x01,0xFF,0x01,0xFF,0x01,0xFF,0x01,0xFF,0x01,0x58},
  // Frame 209/234 (Size: 248 bytes)
  {0x01,0x2D,0x00,0x14,0x01,0x6C,0x00,0x16,0x01,0x69,0x00,0x1B,0x01,0x65,0x00,0x1D,
   0x01,0x63,0x00,0x20,0x01,0x60,0x00,0x22,0x01,0x5E,0x00,0x24,0x01,0x5C,0x00,0x25,
   0x01,0x5B,0x00,0x27,0x01,0x59,0x00,0x27,0x01,0x5A,0x00,0x27,0x01,0x02,0x00,0x03,
   0x01,0x54,0x00,0x2E,0x01,0x52,0x00,0x2A,0x01,0x01,0x00,0x04,0x01,0x52,0x00,0x27,
   0x01,0x05,0x00,0x02,0x01,0x52,0x00,0x27,0x01,0x05,0x00,0x02,0x01,0x53,0x00,0x26,
   0x01,0x05,0x00,0x02,0x01,0x54,0x00,0x23,0x01,0x01,0x00,0x01,0x01,0x05,0x00,0x02,
   0x01,0x55,0x00,0x21,0x01,0x07,0x00,0x03,0x01,0x55,0x00,0x20,0x01,0x08,0x00,0x02,
   0x01,0x57,0x00,0x1F,0x01,0x07,0x00,0x03,0x01,0x57,0x00,0x1E,0x01,0x06,0x00,0x04,
   0x01,0x58,0x00,0x1D,0x01,0x04,0x00,0x05,0x01,0x5A,0x00,0x24,0x01,0x5C,0x00,0x21,
   0x01,0x5F,0x00,0x1B,0x01,0x65,0x00,0x17,0x01,0x69,0x00,0x17,0x01,0x68,0x00,0x15,
   0x01,0x6B,0x00,0x15,0x01,0x6C,0x00,0x13,0x01,0x6F,0x00,0x11,0x01,0x72,0x00,0x0E,
   0x01,0x75,0x00,0x0B,0x01,0x79,0x00,0x06,0x01,0xFF,0x01,0xFF,0x01,0xFF,0x01,0xFF,
   0x01,0xFF,0x01,0xFF,0x01,0xFF,0x01,0xFF,0x01,0xFF,0x01,0xFF,0x01,0xFF,0x01,0xFF,
   0x01,0xFF,0x01,0xFF,0x01,0xFF,0x01,0xFF,0x01,0xFF,0x01,0xFF,0x01,0xFF,0x01,0xFF,
   0x01,0xFF,0x01,0xFF,0x01,0xFF,0x01,0xFF,0x01,0xFF,0x01,0xFF,0x01,0xFF,0x01,0xFF,
   0x01,0xFF,0x01,0xFF,0x01,0xFF,0x01,0x5B},
  // Frame 210/234 (Size: 244 bytes)
  {0x01,0xFF,0x01,0xFF,0x01,0xFF,0x01,0xFF,0x01,0xFF,0x01,0xFF,0x01,0xFF,0x01,0xFF,
   0x01,0xB5,0x00,0x02,0x01,0x7D,0x00,0x08,0x01,0x78,0x00,0x0C,0x01,0x74,0x00,0x10,
   0x01,0x70,0x00,0x13,0x01,0x6D,0x00,0x17,0x01,0x69,0x00,0x1A,0x01,0x66,0x00,0x1D,
   0x01,0x63,0x00,0x20,0x01,0x60,0x00,0x22,0x01,0x5E,0x00,0x25,0x01,0x5B,0x00,0x27,
   0x01,0x59,0x00,0x29,0x01,0x58,0x00,0x29,0x01,0x57,0x00,0x2F,0x01,0x52,0x00,0x2F,
   0x01,0x52,0x00,0x2E,0x01,0x52,0x00,0x28,0x01,0x04,0x00,0x03,0x01,0x52,0x00,0x26,
   0x01,0x06,0x00,0x02,0x01,0x52,0x00,0x26,0x01,0x06,0x00,0x02,0x01,0x53,0x00,0x22,
   0x01,0x02,0x00,0x02,0x01,0x04,0x00,0x03,0x01,0x53,0x00,0x22,0x01,0x07,0x00,0x03,
   0x01,0x54,0x00,0x21,0x01,0x08,0x00,0x03,0x01,0x54,0x00,0x20,0x01,0x07,0x00,0x04,
   0x01,0x55,0x00,0x1E,0x01,0x05,0x00,0x08,0x01,0x55,0x00,0x2A,0x01,0x56,0x00,0x28,
   0x01,0x57,0x00,0x26,0x01,0x5A,0x00,0x1A,0x01,0x66,0x00,0x19,0x01,0x67,0x00,0x16,
   0x01,0x6B,0x00,0x14,0x01,0x6D,0x00,0x13,0x01,0x70,0x00,0x0F,0x01,0x74,0x00,0x0C,
   0x01,0x77,0x00,0x09,0x01,0x7B,0x00,0x05,0x01,0xFF,0x01,0xFF,0x01,0xFF,0x01,0xFF,
   0x01,0xFF,0x01,0xFF,0x01,0xFF,0x01,0xFF,0x01,0xFF,0x01,0xFF,0x01,0xFF,0x01,0xFF,
   0x01,0xFF,0x01,0xFF,0x01,0xFF,0x01,0xFF,0x01,0xFF,0x01,0xFF,0x01,0xFF,0x01,0xFF,
   0x01,0xFF,0x01,0x51},
  // Frame 211/234 (Size: 268 bytes)
  {0x00,0xFF,0x00,0xFF,0x00,0xFF,0x00,0xFF,0x00,0xFF,0x00,0xFF,0x00,0xFF,0x00,0xFF,
   0x00,0xFF,0x00,0xFF,0x00,0xFF,0x00,0xFF,0x00,0xFF,0x00,0xFF,0x00,0xFF,0x00,0xFF,
   0x00,0xFF,0x00,0xFF,0x00,0xFF,0x00,0xFF,0x00,0xFF,0x00,0xFF,0x00,0xFF,0x00,0xFF,
   0x00,0xFF,0x00,0xFF,0x00,0xFF,0x00,0xFF,0x00,0xFF,0x00,0x49,0x01,0x0B,0x00,0x74,
   0x01,0x10,0x00,0x6F,0x01,0x15,0x00,0x6B,0x01,0x18,0x00,0x68,0x01,0x1B,0x00,0x65,
   0x01,0x1D,0x00,0x63,0x01,0x20,0x00,0x60,0x01,0x22,0x00,0x5E,0x01,0x24,0x00,0x5C,
   0x01,0x26,0x00,0x5A,0x01,0x28,0x00,0x58,0x01,0x29,0x00,0x57,0x01,0x2B,0x00,0x55,
   0x01,0x2C,0x00,0x54,0x01,0x2E,0x00,0x53,0x01,0x2E,0x00,0x52,0x01,0x32,0x00,0x4F,
   0x01,0x33,0x00,0x4D,0x01,0x34,0x00,0x4D,0x01,0x34,0x00,0x4D,0x01,0x2C,0x00,0x02,
   0x01,0x02,0x00,0x01,0x01,0x02,0x00,0x4E,0x01,0x2A,0x00,0x03,0x01,0x02,0x00,0x01,
   0x01,0x03,0x00,0x4D,0x01,0x2B,0x00,0x01,0x01,0x02,0x00,0x02,0x01,0x03,0x00,0x4D,
   0x01,0x2E,0x00,0x02,0x01,0x03,0x00,0x4D,0x01,0x28,0x00,0x01,0x01,0x04,0x00,0x02,
   0x01,0x04,0x00,0x4D,0x01,0x27,0x00,0x03,0x01,0x02,0x00,0x02,0x01,0x04,0x00,0x4E,
   0x01,0x26,0x00,0x07,0x01,0x04,0x00,0x4F,0x01,0x25,0x00,0x06,0x01,0x06,0x00,0x4F,
   0x01,0x30,0x00,0x50,0x01,0x2E,0x00,0x51,0x01,0x2D,0x00,0x52,0x01,0x26,0x00,0x5A,
   0x01,0x1D,0x00,0x64,0x01,0x19,0x00,0x02,0x01,0x01,0x00,0x64,0x01,0x18,0x00,0x69,
   0x01,0x17,0x00,0x6A,0x01,0x15,0x00,0x6C,0x01,0x14,0x00,0x3B},
  // Frame 212/234 (Size: 442 bytes)
  {0x00,0xFF,0x00,0xFF,0x00,0xFF,0x00,0xFF,0x00,0xFF,0x00,0xFF,0x00,0xFF,0x00,0xFF,
   0x00,0xFF,0x00,0xFF,0x00,0xFF,0x00,0xFF,0x00,0xFF,0x00,0xFF,0x00,0xFF,0x00,0xFF,
   0x00,0xFF,0x00,0xFF,0x00,0xFF,0x00,0xFF,0x00,0xFF,0x00,0xFF,0x00,0xFF,0x00,0xFF,
   0x00,0xFF,0x00,0xFF,0x00,0xFF,0x00,0xFF,0x00,0x49,0x01,0x06,0x00,0x6F,0x01,0x11,
   0x00,0x0E,0x01,0x02,0x00,0x5F,0x01,0x12,0x00,0x0C,0x01,0x05,0x00,0x5D,0x01,0x13,
   0x00,0x0B,0x01,0x07,0x00,0x5C,0x01,0x13,0x00,0x0A,0x01,0x09,0x00,0x5A,0x01,0x13,
   0x00,0x0A,0x01,0x0C,0x00,0x58,0x01,0x14,0x00,0x08,0x01,0x0E,0x00,0x57,0x01,0x14,
   0x00,0x07,0x01,0x11,0x00,0x54,0x01,0x16,0x00,0x05,0x01,0x13,0x00,0x52,0x01,0x18,
   0x00,0x03,0x01,0x13,0x00,0x52,0x01,0x05,0x00,0x01,0x01,0x13,0x00,0x02,0x01,0x12,
   0x00,0x53,0x01,0x06,0x00,0x03,0x01,0x11,0x00,0x01,0x01,0x12,0x00,0x53,0x01,0x07,
   0x00,0x08,0x01,0x0B,0x00,0x01,0x01,0x12,0x00,0x03,0x01,0x02,0x00,0x4E,0x01,0x08,
   0x00,0x08,0x01,0x07,0x00,0x02,0x01,0x01,0x00,0x02,0x01,0x11,0x00,0x03,0x01,0x03,
   0x00,0x4E,0x01,0x08,0x00,0x07,0x01,0x08,0x00,0x04,0x01,0x10,0x00,0x03,0x01,0x05,
   0x00,0x4D,0x01,0x09,0x00,0x06,0x01,0x0A,0x00,0x02,0x01,0x10,0x00,0x03,0x01,0x06,
   0x00,0x4D,0x01,0x09,0x00,0x06,0x01,0x0A,0x00,0x01,0x01,0x0F,0x00,0x03,0x01,0x09,
   0x00,0x4B,0x01,0x0B,0x00,0x04,0x01,0x18,0x00,0x05,0x01,0x0A,0x00,0x01,0x01,0x01,
   0x00,0x49,0x01,0x0B,0x00,0x03,0x01,0x0E,0x00,0x0E,0x01,0x0D,0x00,0x4A,0x01,0x0B,
   0x00,0x03,0x01,0x0E,0x00,0x0D,0x01,0x0D,0x00,0x4B,0x01,0x0C,0x00,0x01,0x01,0x17,
   0x00,0x03,0x01,0x0F,0x00,0x4B,0x01,0x0C,0x00,0x01,0x01,0x15,0x00,0x03,0x01,0x11,
   0x00,0x4B,0x01,0x20,0x00,0x03,0x01,0x16,0x00,0x48,0x01,0x20,0x00,0x01,0x01,0x18,
   0x00,0x47,0x01,0x3A,0x00,0x46,0x01,0x35,0x00,0x02,0x01,0x04,0x00,0x45,0x01,0x34,
   0x00,0x04,0x01,0x03,0x00,0x46,0x01,0x33,0x00,0x04,0x01,0x03,0x00,0x45,0x01,0x33,
   0x00,0x05,0x01,0x03,0x00,0x45,0x01,0x31,0x00,0x06,0x01,0x04,0x00,0x44,0x01,0x10,
   0x00,0x02,0x01,0x1F,0x00,0x06,0x01,0x04,0x00,0x45,0x01,0x11,0x00,0x01,0x01,0x1D,
   0x00,0x06,0x01,0x06,0x00,0x45,0x01,0x3A,0x00,0x46,0x01,0x24,0x00,0x04,0x01,0x10,
   0x00,0x49,0x01,0x20,0x00,0x0B,0x01,0x0B,0x00,0x4A,0x01,0x1E,0x00,0x62,0x01,0x1D,
   0x00,0x64,0x01,0x15,0x00,0x01,0x01,0x05,0x00,0x66,0x01,0x14,0x00,0x02,0x01,0x04,
   0x00,0x67,0x01,0x13,0x00,0x02,0x01,0x03,0x00,0x38},
  // Frame 213/234 (Size: 590 bytes)
  {0x00,0xFF,0x00,0xFF,0x00,0xFF,0x00,0xFF,0x00,0xFF,0x00,0xFF,0x00,0xFF,0x00,0xFF,
   0x00,0xFF,0x00,0xFF,0x00,0xFF,0x00,0xFF,0x00,0xFF,0x00,0xFF,0x00,0xFF,0x00,0xFF,
   0x00,0xFF,0x00,0xFF,0x00,0xBF,0x01,0x01,0x00,0x7E,0x01,0x02,0x00,0x7E,0x01,0x02,
   0x00,0x7E,0x01,0x02,0x00,0x7E,0x01,0x02,0x00,0x7E,0x01,0x02,0x00,0x7E,0x01,0x01,
   0x00,0x7E,0x01,0x03,0x00,0x7D,0x01,0x03,0x00,0x7C,0x01,0x04,0x00,0x7C,0x01,0x04,
   0x00,0x7B,0x01,0x05,0x00,0x7B,0x01,0x05,0x00,0x7A,0x01,0x05,0x00,0x7A,0x01,0x06,
   0x00,0x78,0x01,0x08,0x00,0x76,0x01,0x09,0x00,0x75,0x01,0x0B,0x00,0x19,0x01,0x01,
   0x00,0x5A,0x01,0x0B,0x00,0x1A,0x01,0x03,0x00,0x58,0x01,0x0A,0x00,0x1A,0x01,0x05,
   0x00,0x56,0x01,0x0A,0x00,0x1B,0x01,0x07,0x00,0x54,0x01,0x09,0x00,0x1C,0x01,0x09,
   0x00,0x51,0x01,0x09,0x00,0x13,0x01,0x01,0x00,0x09,0x01,0x0B,0x00,0x4F,0x01,0x07,
   0x00,0x15,0x01,0x01,0x00,0x09,0x01,0x0E,0x00,0x4D,0x01,0x04,0x00,0x17,0x01,0x02,
   0x00,0x08,0x01,0x11,0x00,0x4A,0x01,0x03,0x00,0x18,0x01,0x02,0x00,0x08,0x01,0x12,
   0x00,0x49,0x01,0x04,0x00,0x01,0x01,0x01,0x00,0x15,0x01,0x03,0x00,0x07,0x01,0x12,
   0x00,0x49,0x01,0x04,0x00,0x01,0x01,0x02,0x00,0x14,0x01,0x03,0x00,0x08,0x01,0x10,
   0x00,0x4A,0x01,0x04,0x00,0x02,0x01,0x02,0x00,0x13,0x01,0x04,0x00,0x07,0x01,0x10,
   0x00,0x4B,0x01,0x04,0x00,0x01,0x01,0x03,0x00,0x12,0x01,0x05,0x00,0x07,0x01,0x0F,
   0x00,0x4B,0x01,0x09,0x00,0x12,0x01,0x05,0x00,0x06,0x01,0x0E,0x00,0x4D,0x01,0x09,
   0x00,0x11,0x01,0x05,0x00,0x0B,0x01,0x08,0x00,0x4E,0x01,0x0B,0x00,0x0F,0x01,0x06,
   0x00,0x1A,0x01,0x02,0x00,0x45,0x01,0x0B,0x00,0x0E,0x01,0x07,0x00,0x18,0x01,0x03,
   0x00,0x07,0x01,0x01,0x00,0x3D,0x01,0x0D,0x00,0x0C,0x01,0x08,0x00,0x16,0x01,0x05,
   0x00,0x06,0x01,0x02,0x00,0x3D,0x01,0x0D,0x00,0x0B,0x01,0x09,0x00,0x15,0x01,0x06,
   0x00,0x03,0x01,0x03,0x00,0x3F,0x01,0x0E,0x00,0x0A,0x01,0x09,0x00,0x13,0x01,0x0C,
   0x00,0x41,0x01,0x0E,0x00,0x09,0x01,0x14,0x00,0x07,0x01,0x0C,0x00,0x43,0x01,0x0F,
   0x00,0x07,0x01,0x13,0x00,0x07,0x01,0x0C,0x00,0x45,0x01,0x0F,0x00,0x06,0x01,0x12,
   0x00,0x07,0x01,0x0E,0x00,0x46,0x01,0x0F,0x00,0x05,0x01,0x10,0x00,0x07,0x01,0x10,
   0x00,0x47,0x01,0x0F,0x00,0x03,0x01,0x0F,0x00,0x04,0x01,0x16,0x00,0x45,0x01,0x0F,
   0x00,0x03,0x01,0x0E,0x00,0x06,0x01,0x16,0x00,0x45,0x01,0x0E,0x00,0x04,0x01,0x0F,
   0x00,0x04,0x01,0x17,0x00,0x44,0x01,0x0F,0x00,0x03,0x01,0x10,0x00,0x02,0x01,0x19,
   0x00,0x42,0x01,0x10,0x00,0x03,0x01,0x2C,0x00,0x41,0x01,0x10,0x00,0x04,0x01,0x2C,
   0x00,0x3F,0x01,0x11,0x00,0x04,0x01,0x29,0x00,0x01,0x01,0x03,0x00,0x3E,0x01,0x11,
   0x00,0x04,0x01,0x28,0x00,0x02,0x01,0x03,0x00,0x3F,0x01,0x11,0x00,0x04,0x01,0x26,
   0x00,0x03,0x01,0x03,0x00,0x41,0x01,0x11,0x00,0x02,0x01,0x24,0x00,0x04,0x01,0x04,
   0x00,0x41,0x01,0x29,0x00,0x02,0x01,0x09,0x00,0x06,0x01,0x05,0x00,0x41,0x01,0x28,
   0x00,0x05,0x01,0x07,0x00,0x04,0x01,0x06,0x00,0x41,0x01,0x17,0x00,0x01,0x01,0x0F,
   0x00,0x08,0x01,0x0F,0x00,0x42,0x01,0x17,0x00,0x02,0x01,0x02,0x00,0x03,0x01,0x08,
   0x00,0x0C,0x01,0x0B,0x00,0x44,0x01,0x16,0x00,0x08,0x01,0x04,0x00,0x12,0x01,0x06,
   0x00,0x46,0x01,0x16,0x00,0x6B,0x01,0x15,0x00,0x6D,0x01,0x13,0x00,0x3D},
  // Frame 214/234 (Size: 600 bytes)
  {0x00,0xFF,0x00,0xFF,0x00,0xFF,0x00,0xFF,0x00,0xFF,0x00,0xFF,0x00,0xFF,0x00,0xFF,
   0x00,0xFF,0x00,0xFF,0x00,0xFF,0x00,0xFF,0x00,0xFF,0x00,0xA8,0x01,0x09,0x00,0x77,
   0x01,0x0C,0x00,0x74,0x01,0x0D,0x00,0x73,0x01,0x0E,0x00,0x72,0x01,0x0F,0x00,0x70,
   0x01,0x11,0x00,0x6F,0x01,0x11,0x00,0x6F,0x01,0x11,0x00,0x6E,0x01,0x12,0x00,0x6E,
   0x01,0x0B,0x00,0x04,0x01,0x03,0x00,0x6E,0x01,0x07,0x00,0x78,0x01,0x05,0x00,0x7B,
   0x01,0x03,0x00,0xFF,0x00,0xFF,0x00,0xFF,0x00,0xFF,0x00,0xFF,0x00,0xFF,0x00,0xB3,
   0x01,0x02,0x00,0x7E,0x01,0x03,0x00,0x7D,0x01,0x04,0x00,0x4D,0x01,0x02,0x00,0x2C,
   0x01,0x07,0x00,0x4B,0x01,0x02,0x00,0x2D,0x01,0x07,0x00,0x4A,0x01,0x02,0x00,0x2D,
   0x01,0x09,0x00,0x47,0x01,0x04,0x00,0x2C,0x01,0x0C,0x00,0x44,0x01,0x04,0x00,0x26,
   0x01,0x01,0x00,0x06,0x01,0x0F,0x00,0x40,0x01,0x04,0x00,0x26,0x01,0x01,0x00,0x08,
   0x01,0x0D,0x00,0x40,0x01,0x05,0x00,0x25,0x01,0x02,0x00,0x08,0x01,0x0C,0x00,0x41,
   0x01,0x04,0x00,0x04,0x01,0x02,0x00,0x1F,0x01,0x02,0x00,0x0A,0x01,0x0A,0x00,0x41,
   0x01,0x05,0x00,0x03,0x01,0x02,0x00,0x1F,0x01,0x02,0x00,0x0D,0x01,0x06,0x00,0x42,
   0x01,0x06,0x00,0x03,0x01,0x02,0x00,0x1E,0x01,0x03,0x00,0x55,0x01,0x06,0x00,0x02,
   0x01,0x03,0x00,0x1D,0x01,0x03,0x00,0x56,0x01,0x06,0x00,0x02,0x01,0x04,0x00,0x1A,
   0x01,0x04,0x00,0x56,0x01,0x07,0x00,0x02,0x01,0x04,0x00,0x19,0x01,0x05,0x00,0x56,
   0x01,0x0E,0x00,0x17,0x01,0x06,0x00,0x19,0x01,0x01,0x00,0x09,0x01,0x02,0x00,0x31,
   0x01,0x0E,0x00,0x16,0x01,0x06,0x00,0x18,0x01,0x05,0x00,0x05,0x01,0x02,0x00,0x33,
   0x01,0x0F,0x00,0x14,0x01,0x07,0x00,0x16,0x01,0x0C,0x00,0x35,0x01,0x10,0x00,0x12,
   0x01,0x07,0x00,0x14,0x01,0x0D,0x00,0x36,0x01,0x12,0x00,0x10,0x01,0x0E,0x00,0x06,
   0x01,0x02,0x00,0x03,0x01,0x0D,0x00,0x39,0x01,0x13,0x00,0x0F,0x01,0x0F,0x00,0x04,
   0x01,0x10,0x00,0x3D,0x01,0x13,0x00,0x0D,0x01,0x0E,0x00,0x08,0x01,0x0B,0x00,0x41,
   0x01,0x13,0x00,0x0B,0x01,0x0C,0x00,0x0C,0x01,0x0A,0x00,0x42,0x01,0x12,0x00,0x0A,
   0x01,0x0B,0x00,0x0C,0x01,0x0C,0x00,0x44,0x01,0x0F,0x00,0x0A,0x01,0x0A,0x00,0x0C,
   0x01,0x0E,0x00,0x44,0x01,0x0F,0x00,0x08,0x01,0x0C,0x00,0x09,0x01,0x11,0x00,0x43,
   0x01,0x0F,0x00,0x08,0x01,0x0C,0x00,0x08,0x01,0x13,0x00,0x41,0x01,0x10,0x00,0x07,
   0x01,0x0E,0x00,0x06,0x01,0x15,0x00,0x40,0x01,0x10,0x00,0x07,0x01,0x0F,0x00,0x04,
   0x01,0x17,0x00,0x3F,0x01,0x10,0x00,0x07,0x01,0x10,0x00,0x02,0x01,0x19,0x00,0x3E,
   0x01,0x12,0x00,0x06,0x01,0x2C,0x00,0x3E,0x01,0x12,0x00,0x05,0x01,0x2C,0x00,0x3E,
   0x01,0x11,0x00,0x06,0x01,0x2B,0x00,0x3E,0x01,0x15,0x00,0x03,0x01,0x17,0x00,0x01,
   0x01,0x12,0x00,0x3F,0x01,0x15,0x00,0x02,0x01,0x12,0x00,0x07,0x01,0x03,0x00,0x02,
   0x01,0x0C,0x00,0x3E,0x01,0x16,0x00,0x03,0x01,0x12,0x00,0x06,0x01,0x04,0x00,0x04,
   0x01,0x04,0x00,0x02,0x01,0x03,0x00,0x3E,0x01,0x16,0x00,0x04,0x01,0x12,0x00,0x06,
   0x01,0x04,0x00,0x08,0x01,0x04,0x00,0x3E,0x01,0x16,0x00,0x05,0x01,0x13,0x00,0x05,
   0x01,0x04,0x00,0x06,0x01,0x05,0x00,0x3E,0x01,0x17,0x00,0x07,0x01,0x0F,0x00,0x07,
   0x01,0x0D,0x00,0x3F,0x01,0x17,0x00,0x09,0x01,0x0C,0x00,0x0A,0x01,0x0A,0x00,0x41,
   0x01,0x16,0x00,0x0B,0x01,0x08,0x00,0x0D,0x01,0x08,0x00,0x43,0x01,0x13,0x00,0x25,
   0x01,0x02,0x00,0x48,0x01,0x0E,0x00,0x42},
  // Frame 215/234 (Size: 642 bytes)
  {0x00,0xFF,0x00,0xFF,0x00,0xFF,0x00,0xFF,0x00,0xFF,0x00,0x8B,0x01,0x04,0x00,0x7D,
   0x01,0x06,0x00,0x7A,0x01,0x0E,0x00,0x73,0x01,0x0F,0x00,0x72,0x01,0x0E,0x00,0x73,
   0x01,0x0E,0x00,0x73,0x01,0x0E,0x00,0x73,0x01,0x0D,0x00,0x74,0x01,0x0E,0x00,0x74,
   0x01,0x0E,0x00,0x74,0x01,0x0F,0x00,0x74,0x01,0x0E,0x00,0x76,0x01,0x0A,0x00,0x7A,
   0x01,0x05,0x00,0xFF,0x00,0xFF,0x00,0xFF,0x00,0xFF,0x00,0xFF,0x00,0xFF,0x00,0xFF,
   0x00,0xFF,0x00,0xFF,0x00,0xFF,0x00,0xFF,0x00,0xFF,0x00,0xFF,0x00,0x37,0x01,0x01,
   0x00,0x7F,0x01,0x02,0x00,0x7E,0x01,0x03,0x00,0x7D,0x01,0x04,0x00,0x7D,0x01,0x06,
   0x00,0x41,0x01,0x01,0x00,0x39,0x01,0x06,0x00,0x3F,0x01,0x02,0x00,0x3A,0x01,0x06,
   0x00,0x3E,0x01,0x03,0x00,0x3B,0x01,0x07,0x00,0x3B,0x01,0x03,0x00,0x3C,0x01,0x09,
   0x00,0x38,0x01,0x04,0x00,0x3E,0x01,0x06,0x00,0x37,0x01,0x05,0x00,0x34,0x01,0x01,
   0x00,0x0D,0x01,0x01,0x00,0x39,0x01,0x05,0x00,0x07,0x01,0x01,0x00,0x2B,0x01,0x02,
   0x00,0x46,0x01,0x06,0x00,0x06,0x01,0x02,0x00,0x2A,0x01,0x02,0x00,0x46,0x01,0x07,
   0x00,0x06,0x01,0x02,0x00,0x29,0x01,0x02,0x00,0x47,0x01,0x07,0x00,0x06,0x01,0x02,
   0x00,0x27,0x01,0x03,0x00,0x48,0x01,0x08,0x00,0x05,0x01,0x03,0x00,0x25,0x01,0x03,
   0x00,0x19,0x01,0x02,0x00,0x2D,0x01,0x0B,0x00,0x03,0x01,0x03,0x00,0x24,0x01,0x03,
   0x00,0x0E,0x01,0x01,0x00,0x08,0x01,0x06,0x00,0x07,0x01,0x02,0x00,0x23,0x01,0x12,
   0x00,0x22,0x01,0x04,0x00,0x0D,0x01,0x03,0x00,0x04,0x01,0x0A,0x00,0x02,0x01,0x05,
   0x00,0x24,0x01,0x13,0x00,0x1D,0x01,0x01,0x00,0x01,0x01,0x05,0x00,0x0E,0x01,0x16,
   0x00,0x26,0x01,0x14,0x00,0x1A,0x01,0x08,0x00,0x10,0x01,0x11,0x00,0x2A,0x01,0x16,
   0x00,0x17,0x01,0x09,0x00,0x11,0x01,0x0C,0x00,0x2E,0x01,0x17,0x00,0x14,0x01,0x0E,
   0x00,0x49,0x01,0x17,0x00,0x12,0x01,0x0F,0x00,0x0F,0x01,0x01,0x00,0x39,0x01,0x19,
   0x00,0x0F,0x01,0x0D,0x00,0x0F,0x01,0x04,0x00,0x3A,0x01,0x18,0x00,0x0D,0x01,0x0C,
   0x00,0x10,0x01,0x05,0x00,0x3D,0x01,0x16,0x00,0x0C,0x01,0x0C,0x00,0x0F,0x01,0x07,
   0x00,0x40,0x01,0x12,0x00,0x0B,0x01,0x0E,0x00,0x0C,0x01,0x09,0x00,0x43,0x01,0x0F,
   0x00,0x0A,0x01,0x0F,0x00,0x0B,0x01,0x0B,0x00,0x41,0x01,0x10,0x00,0x0A,0x01,0x0F,
   0x00,0x0A,0x01,0x0D,0x00,0x40,0x01,0x11,0x00,0x09,0x01,0x10,0x00,0x08,0x01,0x0F,
   0x00,0x3F,0x01,0x14,0x00,0x07,0x01,0x0F,0x00,0x06,0x01,0x11,0x00,0x40,0x01,0x12,
   0x00,0x09,0x01,0x0F,0x00,0x04,0x01,0x13,0x00,0x3F,0x01,0x0B,0x00,0x11,0x01,0x0E,
   0x00,0x03,0x01,0x15,0x00,0x3F,0x01,0x0F,0x00,0x0E,0x01,0x0D,0x00,0x03,0x01,0x15,
   0x00,0x3F,0x01,0x16,0x00,0x07,0x01,0x0C,0x00,0x04,0x01,0x16,0x00,0x3D,0x01,0x17,
   0x00,0x06,0x01,0x0D,0x00,0x05,0x01,0x04,0x00,0x03,0x01,0x0E,0x00,0x3D,0x01,0x16,
   0x00,0x06,0x01,0x0E,0x00,0x0B,0x01,0x04,0x00,0x01,0x01,0x0B,0x00,0x3B,0x01,0x16,
   0x00,0x06,0x01,0x0E,0x00,0x0C,0x01,0x03,0x00,0x03,0x01,0x0A,0x00,0x3B,0x01,0x16,
   0x00,0x06,0x01,0x0E,0x00,0x0B,0x01,0x03,0x00,0x04,0x01,0x08,0x00,0x3C,0x01,0x16,
   0x00,0x06,0x01,0x0F,0x00,0x0A,0x01,0x04,0x00,0x03,0x01,0x07,0x00,0x3D,0x01,0x17,
   0x00,0x07,0x01,0x0E,0x00,0x0A,0x01,0x03,0x00,0x07,0x01,0x03,0x00,0x3D,0x01,0x16,
   0x00,0x09,0x01,0x0D,0x00,0x0A,0x01,0x04,0x00,0x05,0x01,0x04,0x00,0x3D,0x01,0x14,
   0x00,0x0C,0x01,0x0D,0x00,0x0A,0x01,0x03,0x00,0x04,0x01,0x04,0x00,0x3F,0x01,0x12,
   0x00,0x0F,0x01,0x0D,0x00,0x09,0x01,0x0A,0x00,0x40,0x01,0x0E,0x00,0x13,0x01,0x0D,
   0x00,0x09,0x01,0x08,0x00,0x45,0x01,0x05,0x00,0x19,0x01,0x0B,0x00,0x0B,0x01,0x06,
   0x00,0x14},
  // Frame 216/234 (Size: 548 bytes)
  {0x00,0xFF,0x00,0xFF,0x00,0x96,0x01,0x02,0x00,0x7E,0x01,0x02,0x00,0x7E,0x01,0x02,
   0x00,0x7E,0x01,0x02,0x00,0x7E,0x01,0x02,0x00,0x7E,0x01,0x02,0x00,0x7E,0x01,0x03,
   0x00,0x7D,0x01,0x03,0x00,0x7C,0x01,0x05,0x00,0x79,0x01,0x07,0x00,0x76,0x01,0x0A,
   0x00,0x76,0x01,0x0A,0x00,0x76,0x01,0x0A,0x00,0x76,0x01,0x0A,0x00,0x76,0x01,0x0A,
   0x00,0x75,0x01,0x0B,0x00,0x75,0x01,0x0B,0x00,0x75,0x01,0x0B,0x00,0x77,0x01,0x08,
   0x00,0x7A,0x01,0x06,0x00,0x7D,0x01,0x02,0x00,0xFF,0x00,0xFF,0x00,0xFF,0x00,0xFF,
   0x00,0xFF,0x00,0xFF,0x00,0xFF,0x00,0xFF,0x00,0xFF,0x00,0xFF,0x00,0xFF,0x00,0xFF,
   0x00,0xFF,0x00,0xFF,0x00,0xFF,0x00,0x4B,0x01,0x02,0x00,0x7E,0x01,0x03,0x00,0x7E,
   0x01,0x02,0x00,0x7F,0x01,0x03,0x00,0x7D,0x01,0x07,0x00,0x7A,0x01,0x07,0x00,0x7A,
   0x01,0x07,0x00,0x7B,0x01,0x06,0x00,0x7B,0x01,0x07,0x00,0x7B,0x01,0x07,0x00,0x36,
   0x01,0x02,0x00,0x43,0x01,0x06,0x00,0x35,0x01,0x03,0x00,0x46,0x01,0x02,0x00,0x35,
   0x01,0x04,0x00,0x7C,0x01,0x04,0x00,0x7C,0x01,0x05,0x00,0x08,0x01,0x01,0x00,0x72,
   0x01,0x06,0x00,0x07,0x01,0x02,0x00,0x72,0x01,0x06,0x00,0x07,0x01,0x02,0x00,0x71,
   0x01,0x06,0x00,0x08,0x01,0x03,0x00,0x2F,0x01,0x01,0x00,0x40,0x01,0x07,0x00,0x07,
   0x01,0x03,0x00,0x2C,0x01,0x03,0x00,0x40,0x01,0x09,0x00,0x06,0x01,0x04,0x00,0x2A,
   0x01,0x03,0x00,0x0C,0x01,0x02,0x00,0x33,0x01,0x0D,0x00,0x02,0x01,0x05,0x00,0x1E,
   0x01,0x03,0x00,0x06,0x01,0x04,0x00,0x0D,0x01,0x03,0x00,0x09,0x01,0x03,0x00,0x07,
   0x01,0x01,0x00,0x1D,0x01,0x17,0x00,0x1B,0x01,0x06,0x00,0x03,0x01,0x04,0x00,0x0E,
   0x01,0x05,0x00,0x03,0x01,0x08,0x00,0x02,0x01,0x06,0x00,0x1C,0x01,0x18,0x00,0x19,
   0x01,0x0E,0x00,0x0E,0x01,0x17,0x00,0x1D,0x01,0x19,0x00,0x16,0x01,0x0F,0x00,0x0F,
   0x01,0x16,0x00,0x1E,0x01,0x1B,0x00,0x13,0x01,0x10,0x00,0x11,0x01,0x13,0x00,0x1F,
   0x01,0x1D,0x00,0x10,0x01,0x10,0x00,0x0E,0x01,0x01,0x00,0x04,0x01,0x0E,0x00,0x24,
   0x01,0x1C,0x00,0x0E,0x01,0x10,0x00,0x0E,0x01,0x04,0x00,0x35,0x01,0x1C,0x00,0x0C,
   0x01,0x12,0x00,0x0B,0x01,0x06,0x00,0x36,0x01,0x1C,0x00,0x0B,0x01,0x12,0x00,0x0A,
   0x01,0x08,0x00,0x36,0x01,0x1B,0x00,0x0A,0x01,0x13,0x00,0x0A,0x01,0x08,0x00,0x38,
   0x01,0x19,0x00,0x0A,0x01,0x14,0x00,0x09,0x01,0x09,0x00,0x3A,0x01,0x17,0x00,0x0A,
   0x01,0x13,0x00,0x08,0x01,0x0B,0x00,0x3B,0x01,0x15,0x00,0x0B,0x01,0x07,0x00,0x01,
   0x01,0x0A,0x00,0x06,0x01,0x0D,0x00,0x3F,0x01,0x15,0x00,0x08,0x01,0x05,0x00,0x02,
   0x01,0x0A,0x00,0x04,0x01,0x10,0x00,0x3F,0x01,0x11,0x00,0x0C,0x01,0x04,0x00,0x02,
   0x01,0x0B,0x00,0x03,0x01,0x11,0x00,0x3F,0x01,0x04,0x00,0x19,0x01,0x02,0x00,0x02,
   0x01,0x0C,0x00,0x04,0x01,0x11,0x00,0x3E,0x01,0x04,0x00,0x1D,0x01,0x0D,0x00,0x04,
   0x01,0x11,0x00,0x3D,0x01,0x0C,0x00,0x15,0x01,0x0D,0x00,0x05,0x01,0x12,0x00,0x3C,
   0x01,0x17,0x00,0x09,0x01,0x0D,0x00,0x06,0x01,0x13,0x00,0x3A,0x01,0x18,0x00,0x08,
   0x01,0x0E,0x00,0x07,0x01,0x13,0x00,0x39,0x01,0x18,0x00,0x07,0x01,0x0E,0x00,0x0B,
   0x01,0x10,0x00,0x05},
  // Frame 217/234 (Size: 206 bytes)
  {0x00,0xFF,0x00,0xFF,0x00,0xFF,0x00,0xFF,0x00,0xFF,0x00,0xFF,0x00,0xFF,0x00,0xFF,
   0x00,0xFF,0x00,0x31,0x01,0x06,0x00,0x78,0x01,0x09,0x00,0x75,0x01,0x0C,0x00,0x74,
   0x01,0x0D,0x00,0x73,0x01,0x0E,0x00,0x72,0x01,0x0E,0x00,0x72,0x01,0x0F,0x00,0x71,
   0x01,0x0F,0x00,0x70,0x01,0x11,0x00,0x6F,0x01,0x11,0x00,0x6F,0x01,0x10,0x00,0x70,
   0x01,0x0E,0x00,0x72,0x01,0x0C,0x00,0x74,0x01,0x0B,0x00,0x75,0x01,0x0A,0x00,0x76,
   0x01,0x09,0x00,0x77,0x01,0x08,0x00,0x78,0x01,0x07,0x00,0x78,0x01,0x07,0x00,0x7B,
   0x01,0x04,0x00,0x7C,0x01,0x03,0x00,0x7D,0x01,0x03,0x00,0x7D,0x01,0x01,0x00,0xFF,
   0x00,0xFF,0x00,0xFF,0x00,0xFF,0x00,0xFF,0x00,0xFF,0x00,0xFF,0x00,0xFF,0x00,0xFF,
   0x00,0xFF,0x00,0xFF,0x00,0xFF,0x00,0xFF,0x00,0xFF,0x00,0xFF,0x00,0xFF,0x00,0xFF,
   0x00,0xFF,0x00,0xFF,0x00,0xFF,0x00,0xFF,0x00,0x60,0x01,0x02,0x00,0x7E,0x01,0x03,
   0x00,0x7E,0x01,0x03,0x00,0x7E,0x01,0x03,0x00,0x7E,0x01,0x03,0x00,0x7E,0x01,0x05,
   0x00,0x7C,0x01,0x06,0x00,0x7B,0x01,0x07,0x00,0x7A,0x01,0x08,0x00,0x79,0x01,0x08,
   0x00,0x7A,0x01,0x06,0x00,0x7B,0x01,0x05,0x00,0x7E,0x01,0x02,0x00,0x80},
  // Frame 218/234 (Size: 130 bytes)
  {0x00,0xFF,0x00,0xFF,0x00,0xFF,0x00,0xFF,0x00,0xFF,0x00,0xFF,0x00,0xFF,0x00,0xFF,
   0x00,0xFF,0x00,0xFF,0x00,0xFF,0x00,0xFF,0x00,0xFF,0x00,0xFF,0x00,0xFF,0x00,0xFF,
   0x00,0xFF,0x00,0xFF,0x00,0xFF,0x00,0xFF,0x00,0xFF,0x00,0xC3,0x01,0x03,0x00,0x05,
   0x01,0x04,0x00,0x74,0x01,0x0D,0x00,0x0C,0x01,0x05,0x00,0x63,0x01,0x0F,0x00,0x06,
   0x01,0x08,0x00,0x64,0x01,0x1A,0x00,0x68,0x01,0x15,0x00,0x6D,0x01,0x0E,0x00,0x75,
   0x01,0x07,0x00,0xFF,0x00,0xFF,0x00,0xFF,0x00,0xFF,0x00,0xFF,0x00,0xFF,0x00,0xFF,
   0x00,0xFF,0x00,0xFF,0x00,0xFF,0x00,0xFF,0x00,0xFF,0x00,0xFF,0x00,0xFF,0x00,0xFF,
   0x00,0xFF,0x00,0xFF,0x00,0xFF,0x00,0xFF,0x00,0xFF,0x00,0xFF,0x00,0xFF,0x00,0xFF,
   0x00,0x59},
  // Frame 219/234 (Size: 162 bytes)
  {0x00,0xFF,0x00,0xFF,0x00,0xFF,0x00,0xFF,0x00,0xFF,0x00,0xFF,0x00,0xFF,0x00,0xFF,
   0x00,0xFF,0x00,0xFF,0x00,0xFF,0x00,0xFF,0x00,0xFF,0x00,0xFF,0x00,0xFF,0x00,0xFF,
   0x00,0xFF,0x00,0xFF,0x00,0xFF,0x00,0xCE,0x01,0x03,0x00,0x7D,0x01,0x04,0x00,0x7C,
   0x01,0x05,0x00,0x7B,0x01,0x06,0x00,0x7B,0x01,0x06,0x00,0x7A,0x01,0x07,0x00,0x7A,
   0x01,0x07,0x00,0x7A,0x01,0x06,0x00,0x7A,0x01,0x07,0x00,0x7A,0x01,0x06,0x00,0x7A,
   0x01,0x06,0x00,0x7B,0x01,0x05,0x00,0x7B,0x01,0x06,0x00,0x7A,0x01,0x06,0x00,0x7A,
   0x01,0x06,0x00,0x7A,0x01,0x06,0x00,0x7A,0x01,0x06,0x00,0x7A,0x01,0x06,0x00,0x7A,
   0x01,0x05,0x00,0x7B,0x01,0x05,0x00,0x7B,0x01,0x05,0x00,0x7B,0x01,0x05,0x00,0xFF,
   0x00,0xFF,0x00,0xFF,0x00,0xFF,0x00,0xFF,0x00,0xFF,0x00,0xFF,0x00,0xFF,0x00,0xFF,
   0x00,0xFF,0x00,0xFF,0x00,0xFF,0x00,0xFF,0x00,0xFF,0x00,0xFF,0x00,0xFF,0x00,0xFF,
   0x00,0xCC},
  // Frame 220/234 (Size: 196 bytes)
  {0x00,0xFF,0x00,0xFF,0x00,0xFF,0x00,0xFF,0x00,0xFF,0x00,0xFF,0x00,0xFF,0x00,0xFF,
   0x00,0xFF,0x00,0xFF,0x00,0xFF,0x00,0xFF,0x00,0xFF,0x00,0xFF,0x00,0xFF,0x00,0xD3,
   0x01,0x03,0x00,0x7B,0x01,0x06,0x00,0x78,0x01,0x09,0x00,0x76,0x01,0x0A,0x00,0x75,
   0x01,0x0C,0x00,0x73,0x01,0x0D,0x00,0x73,0x01,0x0D,0x00,0x72,0x01,0x0F,0x00,0x71,
   0x01,0x0F,0x00,0x71,0x01,0x0F,0x00,0x70,0x01,0x11,0x00,0x6F,0x01,0x11,0x00,0x6F,
   0x01,0x11,0x00,0x6F,0x01,0x12,0x00,0x6E,0x01,0x12,0x00,0x6E,0x01,0x12,0x00,0x6D,
   0x01,0x10,0x00,0x70,0x01,0x0F,0x00,0x71,0x01,0x0D,0x00,0x73,0x01,0x0C,0x00,0x74,
   0x01,0x0A,0x00,0x76,0x01,0x09,0x00,0x77,0x01,0x08,0x00,0x77,0x01,0x09,0x00,0x77,
   0x01,0x08,0x00,0x78,0x01,0x07,0x00,0x79,0x01,0x07,0x00,0x79,0x01,0x06,0x00,0x7A,
   0x01,0x05,0x00,0x7B,0x01,0x05,0x00,0x7B,0x01,0x04,0x00,0x7C,0x01,0x03,0x00,0x7E,
   0x01,0x01,0x00,0xFF,0x00,0xFF,0x00,0xFF,0x00,0xFF,0x00,0xFF,0x00,0xFF,0x00,0xFF,
   0x00,0xFF,0x00,0xFF,0x00,0xFF,0x00,0xFF,0x00,0xFF,0x00,0xFF,0x00,0xFF,0x00,0xFF,
   0x00,0xFF,0x00,0x55},
  // Frame 221/234 (Size: 162 bytes)
  {0x00,0xFF,0x00,0xFF,0x00,0xFF,0x00,0xFF,0x00,0xFF,0x00,0xFF,0x00,0xFF,0x00,0xFF,
   0x00,0xFF,0x00,0xFF,0x00,0xFF,0x00,0xFF,0x00,0xFF,0x00,0xFF,0x00,0xFF,0x00,0xFF,
   0x00,0xFF,0x00,0xFF,0x00,0xCD,0x01,0x01,0x00,0x7D,0x01,0x05,0x00,0x79,0x01,0x08,
   0x00,0x76,0x01,0x0C,0x00,0x6C,0x01,0x17,0x00,0x69,0x01,0x18,0x00,0x67,0x01,0x19,
   0x00,0x67,0x01,0x1A,0x00,0x67,0x01,0x1A,0x00,0x66,0x01,0x1C,0x00,0x66,0x01,0x20,
   0x00,0x61,0x01,0x23,0x00,0x5F,0x01,0x22,0x00,0x5F,0x01,0x20,0x00,0x61,0x01,0x1E,
   0x00,0x62,0x01,0x15,0x00,0x03,0x01,0x03,0x00,0x01,0x01,0x01,0x00,0x64,0x01,0x13,
   0x00,0x6F,0x01,0x0E,0x00,0x74,0x01,0x06,0x00,0xFF,0x00,0xFF,0x00,0xFF,0x00,0xFF,
   0x00,0xFF,0x00,0xFF,0x00,0xFF,0x00,0xFF,0x00,0xFF,0x00,0xFF,0x00,0xFF,0x00,0xFF,
   0x00,0xFF,0x00,0xFF,0x00,0xFF,0x00,0xFF,0x00,0xFF,0x00,0xFF,0x00,0xFF,0x00,0xFF,
   0x00,0x55},
  // Frame 222/234 (Size: 242 bytes)
  {0x00,0xFF,0x00,0xFF,0x00,0xFF,0x00,0xFF,0x00,0xFF,0x00,0xFF,0x00,0xFF,0x00,0xFF,
   0x00,0xFF,0x00,0xFF,0x00,0xFF,0x00,0xFF,0x00,0xC7,0x01,0x02,0x00,0x7E,0x01,0x04,
   0x00,0x7C,0x01,0x05,0x00,0x7B,0x01,0x05,0x00,0x7C,0x01,0x04,0x00,0x7C,0x01,0x04,
   0x00,0x7C,0x01,0x05,0x00,0x7B,0x01,0x05,0x00,0x7B,0x01,0x05,0x00,0x7C,0x01,0x04,
   0x00,0x7C,0x01,0x04,0x00,0x7C,0x01,0x04,0x00,0x7C,0x01,0x05,0x00,0x7B,0x01,0x07,
   0x00,0x79,0x01,0x09,0x00,0x76,0x01,0x0A,0x00,0x76,0x01,0x0B,0x00,0x72,0x01,0x01,
   0x00,0x01,0x01,0x0D,0x00,0x70,0x01,0x02,0x00,0x01,0x01,0x0D,0x00,0x6F,0x01,0x11,
   0x00,0x70,0x01,0x11,0x00,0x6F,0x01,0x11,0x00,0x6F,0x01,0x11,0x00,0x70,0x01,0x11,
   0x00,0x6F,0x01,0x11,0x00,0x6F,0x01,0x11,0x00,0x6E,0x01,0x12,0x00,0x6E,0x01,0x12,
   0x00,0x6E,0x01,0x12,0x00,0x6F,0x01,0x11,0x00,0x6F,0x01,0x10,0x00,0x71,0x01,0x0F,
   0x00,0x71,0x01,0x0E,0x00,0x73,0x01,0x0C,0x00,0x75,0x01,0x09,0x00,0x78,0x01,0x06,
   0x00,0x7A,0x01,0x06,0x00,0x7A,0x01,0x06,0x00,0x7A,0x01,0x05,0x00,0x7B,0x01,0x05,
   0x00,0x7B,0x01,0x05,0x00,0x7B,0x01,0x05,0x00,0x7A,0x01,0x06,0x00,0x7A,0x01,0x06,
   0x00,0x7A,0x01,0x05,0x00,0x7C,0x01,0x03,0x00,0xFF,0x00,0xFF,0x00,0xFF,0x00,0xFF,
   0x00,0xFF,0x00,0xFF,0x00,0xFF,0x00,0xFF,0x00,0xFF,0x00,0xFF,0x00,0xFF,0x00,0xFF,
   0x00,0xCC},
  // Frame 223/234 (Size: 204 bytes)
  {0x00,0xFF,0x00,0xFF,0x00,0xFF,0x00,0xFF,0x00,0xFF,0x00,0xFF,0x00,0xFF,0x00,0xFF,
   0x00,0xFF,0x00,0xFF,0x00,0xFF,0x00,0xFF,0x00,0xFF,0x00,0xFF,0x00,0xFF,0x00,0xFF,
   0x00,0xFF,0x00,0xD0,0x01,0x03,0x00,0x7B,0x01,0x08,0x00,0x77,0x01,0x0B,0x00,0x73,
   0x01,0x0E,0x00,0x71,0x01,0x10,0x00,0x6E,0x01,0x13,0x00,0x6C,0x01,0x15,0x00,0x6A,
   0x01,0x16,0x00,0x6A,0x01,0x17,0x00,0x09,0x01,0x02,0x00,0x5E,0x01,0x25,0x00,0x5A,
   0x01,0x26,0x00,0x5B,0x01,0x25,0x00,0x5B,0x01,0x24,0x00,0x5C,0x01,0x16,0x00,0x0B,
   0x01,0x02,0x00,0x5D,0x01,0x15,0x00,0x68,0x01,0x18,0x00,0x65,0x01,0x1A,0x00,0x64,
   0x01,0x1A,0x00,0x62,0x01,0x0B,0x00,0x06,0x01,0x0B,0x00,0x64,0x01,0x09,0x00,0x0A,
   0x01,0x05,0x00,0x68,0x01,0x07,0x00,0x0C,0x01,0x04,0x00,0x69,0x01,0x05,0x00,0x0C,
   0x01,0x05,0x00,0x69,0x01,0x05,0x00,0x0E,0x01,0x03,0x00,0x6A,0x01,0x03,0x00,0x11,
   0x01,0x01,0x00,0x6C,0x01,0x01,0x00,0xFF,0x00,0xFF,0x00,0xFF,0x00,0xFF,0x00,0xFF,
   0x00,0xFF,0x00,0xFF,0x00,0xFF,0x00,0xFF,0x00,0xFF,0x00,0xFF,0x00,0xFF,0x00,0xFF,
   0x00,0xFF,0x00,0xFF,0x00,0xFF,0x00,0xFF,0x00,0xFF,0x00,0x68},
  // Frame 224/234 (Size: 268 bytes)
  {0x00,0xFF,0x00,0xFF,0x00,0xFF,0x00,0xFF,0x00,0xFF,0x00,0xFF,0x00,0xFF,0x00,0xFF,
   0x00,0xFF,0x00,0xFF,0x00,0x3F,0x01,0x02,0x00,0x7D,0x01,0x04,0x00,0x7D,0x01,0x05,
   0x00,0x7B,0x01,0x05,0x00,0x7A,0x01,0x06,0x00,0x7A,0x01,0x07,0x00,0x7A,0x01,0x05,
   0x00,0x7C,0x01,0x05,0x00,0x7B,0x01,0x05,0x00,0x7C,0x01,0x04,0x00,0x7C,0x01,0x04,
   0x00,0x7D,0x01,0x04,0x00,0x7C,0x01,0x04,0x00,0x7C,0x01,0x04,0x00,0x7D,0x01,0x04,
   0x00,0x7C,0x01,0x04,0x00,0x7C,0x01,0x05,0x00,0x7A,0x01,0x08,0x00,0x76,0x01,0x0B,
   0x00,0x74,0x01,0x0D,0x00,0x73,0x01,0x0F,0x00,0x70,0x01,0x11,0x00,0x6F,0x01,0x12,
   0x00,0x6D,0x01,0x14,0x00,0x6C,0x01,0x14,0x00,0x6C,0x01,0x15,0x00,0x6B,0x01,0x17,
   0x00,0x69,0x01,0x18,0x00,0x67,0x01,0x1A,0x00,0x66,0x01,0x16,0x00,0x01,0x01,0x03,
   0x00,0x67,0x01,0x15,0x00,0x02,0x01,0x01,0x00,0x68,0x01,0x15,0x00,0x6B,0x01,0x15,
   0x00,0x6C,0x01,0x14,0x00,0x6D,0x01,0x13,0x00,0x6E,0x01,0x13,0x00,0x6E,0x01,0x12,
   0x00,0x70,0x01,0x11,0x00,0x70,0x01,0x0A,0x00,0x02,0x01,0x05,0x00,0x70,0x01,0x08,
   0x00,0x04,0x01,0x05,0x00,0x71,0x01,0x05,0x00,0x05,0x01,0x06,0x00,0x7B,0x01,0x06,
   0x00,0x7B,0x01,0x06,0x00,0x7B,0x01,0x06,0x00,0x7B,0x01,0x06,0x00,0x7A,0x01,0x08,
   0x00,0x79,0x01,0x08,0x00,0x78,0x01,0x08,0x00,0x79,0x01,0x03,0x00,0x01,0x01,0x03,
   0x00,0xFF,0x00,0xFF,0x00,0xFF,0x00,0xFF,0x00,0xFF,0x00,0xFF,0x00,0xFF,0x00,0xFF,
   0x00,0xFF,0x00,0xFF,0x00,0xFF,0x00,0xFF,0x00,0xFF,0x00,0xB9},
  // Frame 225/234 (Size: 282 bytes)
  {0x00,0xFF,0x00,0xFF,0x00,0xFF,0x00,0xFF,0x00,0xFF,0x00,0xFF,0x00,0xFF,0x00,0xFF,
   0x00,0xFF,0x00,0x55,0x01,0x01,0x00,0x7D,0x01,0x04,0x00,0x7C,0x01,0x04,0x00,0x7C,
   0x01,0x04,0x00,0x7C,0x01,0x05,0x00,0x7B,0x01,0x05,0x00,0x7A,0x01,0x07,0x00,0x79,
   0x01,0x06,0x00,0x79,0x01,0x06,0x00,0x7A,0x01,0x05,0x00,0x7B,0x01,0x05,0x00,0x7A,
   0x01,0x05,0x00,0x7B,0x01,0x04,0x00,0x7B,0x01,0x05,0x00,0x7B,0x01,0x05,0x00,0x7A,
   0x01,0x05,0x00,0x7B,0x01,0x04,0x00,0x7B,0x01,0x05,0x00,0x73,0x01,0x03,0x00,0x04,
   0x01,0x05,0x00,0x73,0x01,0x03,0x00,0x04,0x01,0x06,0x00,0x72,0x01,0x04,0x00,0x03,
   0x01,0x06,0x00,0x73,0x01,0x0E,0x00,0x72,0x01,0x10,0x00,0x6F,0x01,0x13,0x00,0x6D,
   0x01,0x13,0x00,0x6D,0x01,0x14,0x00,0x6B,0x01,0x15,0x00,0x6B,0x01,0x15,0x00,0x6B,
   0x01,0x15,0x00,0x6B,0x01,0x15,0x00,0x6A,0x01,0x16,0x00,0x6A,0x01,0x16,0x00,0x69,
   0x01,0x16,0x00,0x6A,0x01,0x16,0x00,0x6A,0x01,0x16,0x00,0x6A,0x01,0x16,0x00,0x6A,
   0x01,0x15,0x00,0x6A,0x01,0x16,0x00,0x69,0x01,0x17,0x00,0x68,0x01,0x17,0x00,0x67,
   0x01,0x19,0x00,0x66,0x01,0x07,0x00,0x01,0x01,0x11,0x00,0x66,0x01,0x07,0x00,0x03,
   0x01,0x0E,0x00,0x67,0x01,0x07,0x00,0x06,0x01,0x0A,0x00,0x67,0x01,0x08,0x00,0x76,
   0x01,0x09,0x00,0x76,0x01,0x09,0x00,0x78,0x01,0x07,0x00,0x79,0x01,0x06,0x00,0x79,
   0x01,0x07,0x00,0x7A,0x01,0x03,0x00,0x01,0x01,0x01,0x00,0x7B,0x01,0x02,0x00,0xFF,
   0x00,0xFF,0x00,0xFF,0x00,0xFF,0x00,0xFF,0x00,0xFF,0x00,0xFF,0x00,0xFF,0x00,0xFF,
   0x00,0xFF,0x00,0xFF,0x00,0xFF,0x00,0xFF,0x00,0x61},
  // Frame 226/234 (Size: 220 bytes)
  {0x00,0xFF,0x00,0xFF,0x00,0xFF,0x00,0xFF,0x00,0xFF,0x00,0xFF,0x00,0xFF,0x00,0xFF,
   0x00,0xFF,0x00,0xFF,0x00,0xFF,0x00,0xFF,0x00,0xFF,0x00,0xFF,0x00,0xFF,0x00,0xFF,
   0x00,0xFF,0x00,0xD0,0x01,0x08,0x00,0x72,0x01,0x10,0x00,0x6E,0x01,0x13,0x00,0x6C,
   0x01,0x15,0x00,0x59,0x01,0x01,0x00,0x11,0x01,0x16,0x00,0x57,0x01,0x04,0x00,0x0E,
   0x01,0x17,0x00,0x57,0x01,0x09,0x00,0x09,0x01,0x18,0x00,0x55,0x01,0x11,0x00,0x01,
   0x01,0x19,0x00,0x53,0x01,0x2E,0x00,0x52,0x01,0x2E,0x00,0x52,0x01,0x07,0x00,0x01,
   0x01,0x26,0x00,0x53,0x01,0x02,0x00,0x0F,0x01,0x1D,0x00,0x65,0x01,0x1B,0x00,0x66,
   0x01,0x1A,0x00,0x67,0x01,0x18,0x00,0x69,0x01,0x17,0x00,0x6A,0x01,0x17,0x00,0x6A,
   0x01,0x18,0x00,0x65,0x01,0x1C,0x00,0x63,0x01,0x1F,0x00,0x62,0x01,0x07,0x00,0x01,
   0x01,0x0B,0x00,0x04,0x01,0x0A,0x00,0x60,0x01,0x04,0x00,0x09,0x01,0x01,0x00,0x0A,
   0x01,0x0C,0x00,0x76,0x01,0x09,0x00,0x78,0x01,0x09,0x00,0x78,0x01,0x0A,0x00,0x78,
   0x01,0x08,0x00,0x79,0x01,0x07,0x00,0x7A,0x01,0x04,0x00,0xFF,0x00,0xFF,0x00,0xFF,
   0x00,0xFF,0x00,0xFF,0x00,0xFF,0x00,0xFF,0x00,0xFF,0x00,0xFF,0x00,0xFF,0x00,0xFF,
   0x00,0xFF,0x00,0xFF,0x00,0xFF,0x00,0xFF,0x00,0xFF,0x00,0xB5},
  // Frame 227/234 (Size: 354 bytes)
  {0x00,0xFF,0x00,0xFF,0x00,0xFF,0x00,0x42,0x01,0x01,0x00,0x01,0x01,0x01,0x00,0x7D,
   0x01,0x04,0x00,0x7C,0x01,0x04,0x00,0x7C,0x01,0x05,0x00,0x7B,0x01,0x05,0x00,0x79,
   0x01,0x09,0x00,0x77,0x01,0x09,0x00,0x78,0x01,0x07,0x00,0x79,0x01,0x07,0x00,0x79,
   0x01,0x07,0x00,0x79,0x01,0x06,0x00,0x7A,0x01,0x06,0x00,0x7A,0x01,0x07,0x00,0x79,
   0x01,0x06,0x00,0x7A,0x01,0x06,0x00,0x7A,0x01,0x05,0x00,0x7B,0x01,0x05,0x00,0x7B,
   0x01,0x05,0x00,0x7B,0x01,0x05,0x00,0x7B,0x01,0x05,0x00,0x7B,0x01,0x05,0x00,0x7B,
   0x01,0x05,0x00,0x7B,0x01,0x05,0x00,0x7B,0x01,0x05,0x00,0x7A,0x01,0x06,0x00,0x7A,
   0x01,0x06,0x00,0x79,0x01,0x08,0x00,0x74,0x01,0x0D,0x00,0x71,0x01,0x10,0x00,0x6F,
   0x01,0x12,0x00,0x6D,0x01,0x15,0x00,0x6A,0x01,0x17,0x00,0x69,0x01,0x17,0x00,0x68,
   0x01,0x19,0x00,0x66,0x01,0x1A,0x00,0x66,0x01,0x1A,0x00,0x65,0x01,0x1B,0x00,0x65,
   0x01,0x1B,0x00,0x65,0x01,0x1B,0x00,0x64,0x01,0x1C,0x00,0x64,0x01,0x1B,0x00,0x65,
   0x01,0x1A,0x00,0x66,0x01,0x1A,0x00,0x67,0x01,0x1A,0x00,0x66,0x01,0x1B,0x00,0x66,
   0x01,0x1B,0x00,0x65,0x01,0x1B,0x00,0x66,0x01,0x1B,0x00,0x65,0x01,0x16,0x00,0x01,
   0x01,0x04,0x00,0x65,0x01,0x16,0x00,0x01,0x01,0x04,0x00,0x66,0x01,0x14,0x00,0x03,
   0x01,0x02,0x00,0x68,0x01,0x13,0x00,0x03,0x01,0x01,0x00,0x69,0x01,0x13,0x00,0x6E,
   0x01,0x12,0x00,0x6E,0x01,0x12,0x00,0x6F,0x01,0x11,0x00,0x70,0x01,0x11,0x00,0x70,
   0x01,0x07,0x00,0x03,0x01,0x06,0x00,0x7B,0x01,0x05,0x00,0x7B,0x01,0x06,0x00,0x7A,
   0x01,0x06,0x00,0x7A,0x01,0x06,0x00,0x7B,0x01,0x06,0x00,0x7A,0x01,0x06,0x00,0x7A,
   0x01,0x07,0x00,0x7A,0x01,0x06,0x00,0x7A,0x01,0x06,0x00,0x7A,0x01,0x08,0x00,0x79,
   0x01,0x07,0x00,0x78,0x01,0x08,0x00,0x78,0x01,0x09,0x00,0x77,0x01,0x0A,0x00,0x77,
   0x01,0x0A,0x00,0x77,0x01,0x09,0x00,0x78,0x01,0x01,0x00,0x01,0x01,0x06,0x00,0x7C,
   0x01,0x03,0x00,0xFF,0x00,0xFF,0x00,0xFF,0x00,0xFF,0x00,0xFF,0x00,0xFF,0x00,0xFF,
   0x00,0x38},
  // Frame 228/234 (Size: 520 bytes)
  {0x00,0xFF,0x00,0xFF,0x00,0xFF,0x00,0xFF,0x00,0x41,0x01,0x03,0x00,0x7A,0x01,0x09,
   0x00,0x76,0x01,0x0B,0x00,0x73,0x01,0x0E,0x00,0x71,0x01,0x10,0x00,0x6C,0x01,0x01,
   0x00,0x01,0x01,0x13,0x00,0x6A,0x01,0x17,0x00,0x69,0x01,0x18,0x00,0x69,0x01,0x17,
   0x00,0x6A,0x01,0x16,0x00,0x6A,0x01,0x17,0x00,0x69,0x01,0x17,0x00,0x68,0x01,0x18,
   0x00,0x68,0x01,0x18,0x00,0x68,0x01,0x18,0x00,0x68,0x01,0x18,0x00,0x1F,0x01,0x08,
   0x00,0x41,0x01,0x18,0x00,0x1D,0x01,0x0A,0x00,0x41,0x01,0x18,0x00,0x17,0x01,0x0E,
   0x00,0x44,0x01,0x17,0x00,0x03,0x01,0x04,0x00,0x0F,0x01,0x0E,0x00,0x46,0x01,0x20,
   0x00,0x02,0x01,0x19,0x00,0x45,0x01,0x3B,0x00,0x46,0x01,0x02,0x00,0x01,0x01,0x35,
   0x00,0x48,0x01,0x02,0x00,0x01,0x01,0x31,0x00,0x4D,0x01,0x2E,0x00,0x52,0x01,0x23,
   0x00,0x09,0x01,0x01,0x00,0x50,0x01,0x23,0x00,0x59,0x01,0x26,0x00,0x57,0x01,0x27,
   0x00,0x58,0x01,0x20,0x00,0x02,0x01,0x04,0x00,0x59,0x01,0x21,0x00,0x5F,0x01,0x21,
   0x00,0x5E,0x01,0x23,0x00,0x5D,0x01,0x23,0x00,0x5C,0x01,0x0D,0x00,0x01,0x01,0x16,
   0x00,0x5B,0x01,0x0E,0x00,0x01,0x01,0x15,0x00,0x5B,0x01,0x0E,0x00,0x02,0x01,0x14,
   0x00,0x5A,0x01,0x10,0x00,0x02,0x01,0x14,0x00,0x59,0x01,0x27,0x00,0x58,0x01,0x0D,
   0x00,0x02,0x01,0x19,0x00,0x56,0x01,0x0B,0x00,0x02,0x01,0x01,0x00,0x05,0x01,0x18,
   0x00,0x53,0x01,0x0B,0x00,0x0A,0x01,0x1C,0x00,0x4E,0x01,0x0B,0x00,0x0C,0x01,0x02,
   0x00,0x03,0x01,0x19,0x00,0x4A,0x01,0x0B,0x00,0x12,0x01,0x1C,0x00,0x46,0x01,0x0A,
   0x00,0x13,0x01,0x1D,0x00,0x42,0x01,0x01,0x00,0x02,0x01,0x0A,0x00,0x14,0x01,0x14,
   0x00,0x01,0x01,0x06,0x00,0x44,0x01,0x0C,0x00,0x14,0x01,0x16,0x00,0x02,0x01,0x04,
   0x00,0x44,0x01,0x0B,0x00,0x14,0x01,0x1B,0x00,0x43,0x01,0x0C,0x00,0x13,0x01,0x1F,
   0x00,0x3F,0x01,0x0E,0x00,0x11,0x01,0x23,0x00,0x3D,0x01,0x0D,0x00,0x11,0x01,0x27,
   0x00,0x3B,0x01,0x0C,0x00,0x10,0x01,0x2A,0x00,0x39,0x01,0x0E,0x00,0x0E,0x01,0x2C,
   0x00,0x36,0x01,0x0D,0x00,0x10,0x01,0x2E,0x00,0x32,0x01,0x0E,0x00,0x11,0x01,0x2F,
   0x00,0x30,0x01,0x05,0x00,0x02,0x01,0x08,0x00,0x12,0x01,0x30,0x00,0x2E,0x01,0x03,
   0x00,0x05,0x01,0x07,0x00,0x12,0x01,0x31,0x00,0x2D,0x01,0x01,0x00,0x21,0x01,0x31,
   0x00,0x4F,0x01,0x31,0x00,0x4F,0x01,0x31,0x00,0x4F,0x01,0x31,0x00,0x4E,0x01,0x32,
   0x00,0x4F,0x01,0x30,0x00,0x50,0x01,0x30,0x00,0x50,0x01,0x2F,0x00,0x51,0x01,0x2E,
   0x00,0x53,0x01,0x2C,0x00,0x55,0x01,0x2A,0x00,0x56,0x01,0x29,0x00,0x58,0x01,0x28,
   0x00,0x59,0x01,0x26,0x00,0x5C,0x01,0x23,0x00,0x5E,0x01,0x21,0x00,0x60,0x01,0x1F,
   0x00,0x62,0x01,0x1D,0x00,0x65,0x01,0x19,0x00,0x69,0x01,0x16,0x00,0x6D,0x01,0x12,
   0x00,0x71,0x01,0x0C,0x00,0x75,0x01,0x09,0x00,0x77,0x01,0x09,0x00,0x77,0x01,0x08,
   0x00,0x78,0x01,0x07,0x00,0x79,0x01,0x06,0x00,0x7A,0x01,0x06,0x00,0x7B,0x01,0x05,
   0x00,0x7D,0x01,0x01,0x00,0xFF,0x00,0x41},
  // Frame 229/234 (Size: 448 bytes)
  {0x00,0xFF,0x00,0xFF,0x00,0xFF,0x00,0xFF,0x00,0xFF,0x00,0xFF,0x00,0xFF,0x00,0xC2,
   0x01,0x02,0x00,0x7D,0x01,0x05,0x00,0x01,0x01,0x02,0x00,0x73,0x01,0x03,0x00,0x01,
   0x01,0x0A,0x00,0x01,0x01,0x01,0x00,0x6F,0x01,0x13,0x00,0x6D,0x01,0x13,0x00,0x6C,
   0x01,0x14,0x00,0x6D,0x01,0x13,0x00,0x6A,0x01,0x16,0x00,0x6A,0x01,0x17,0x00,0x69,
   0x01,0x17,0x00,0x69,0x01,0x16,0x00,0x6B,0x01,0x15,0x00,0x6C,0x01,0x14,0x00,0x6C,
   0x01,0x15,0x00,0x6A,0x01,0x16,0x00,0x6A,0x01,0x16,0x00,0x6A,0x01,0x16,0x00,0x6B,
   0x01,0x15,0x00,0x6B,0x01,0x14,0x00,0x6B,0x01,0x15,0x00,0x6B,0x01,0x15,0x00,0x6B,
   0x01,0x16,0x00,0x6A,0x01,0x16,0x00,0x6D,0x01,0x13,0x00,0x6D,0x01,0x10,0x00,0x70,
   0x01,0x0F,0x00,0x72,0x01,0x0E,0x00,0x71,0x01,0x03,0x00,0x01,0x01,0x0B,0x00,0x71,
   0x01,0x03,0x00,0x01,0x01,0x0D,0x00,0x6F,0x01,0x02,0x00,0x01,0x01,0x0E,0x00,0x6F,
   0x01,0x12,0x00,0x6E,0x01,0x13,0x00,0x6D,0x01,0x13,0x00,0x6D,0x01,0x14,0x00,0x6C,
   0x01,0x14,0x00,0x6B,0x01,0x16,0x00,0x6A,0x01,0x16,0x00,0x6A,0x01,0x17,0x00,0x69,
   0x01,0x17,0x00,0x01,0x01,0x01,0x00,0x66,0x01,0x1E,0x00,0x63,0x01,0x1D,0x00,0x63,
   0x01,0x1E,0x00,0x63,0x01,0x1D,0x00,0x64,0x01,0x1C,0x00,0x64,0x01,0x1B,0x00,0x65,
   0x01,0x1B,0x00,0x66,0x01,0x16,0x00,0x01,0x01,0x04,0x00,0x65,0x01,0x15,0x00,0x02,
   0x01,0x01,0x00,0x01,0x01,0x01,0x00,0x66,0x01,0x14,0x00,0x6C,0x01,0x14,0x00,0x6C,
   0x01,0x14,0x00,0x6C,0x01,0x14,0x00,0x6C,0x01,0x14,0x00,0x68,0x01,0x18,0x00,0x67,
   0x01,0x19,0x00,0x67,0x01,0x19,0x00,0x66,0x01,0x19,0x00,0x67,0x01,0x19,0x00,0x67,
   0x01,0x1A,0x00,0x65,0x01,0x1B,0x00,0x65,0x01,0x1B,0x00,0x65,0x01,0x1B,0x00,0x65,
   0x01,0x1C,0x00,0x65,0x01,0x05,0x00,0x01,0x01,0x15,0x00,0x65,0x01,0x05,0x00,0x01,
   0x01,0x15,0x00,0x65,0x01,0x04,0x00,0x02,0x01,0x15,0x00,0x65,0x01,0x03,0x00,0x02,
   0x01,0x16,0x00,0x64,0x01,0x04,0x00,0x02,0x01,0x17,0x00,0x62,0x01,0x04,0x00,0x03,
   0x01,0x17,0x00,0x62,0x01,0x03,0x00,0x04,0x01,0x17,0x00,0x61,0x01,0x03,0x00,0x05,
   0x01,0x18,0x00,0x5F,0x01,0x04,0x00,0x05,0x01,0x18,0x00,0x5C,0x01,0x06,0x00,0x06,
   0x01,0x19,0x00,0x59,0x01,0x05,0x00,0x01,0x01,0x01,0x00,0x06,0x01,0x1B,0x00,0x57,
   0x01,0x04,0x00,0x0A,0x01,0x1C,0x00,0x55,0x01,0x04,0x00,0x0B,0x01,0x1D,0x00,0x53,
   0x01,0x03,0x00,0x0D,0x01,0x1D,0x00,0x52,0x01,0x02,0x00,0x0F,0x01,0x1E,0x00,0x50,
   0x01,0x01,0x00,0x10,0x01,0x20,0x00,0x60,0x01,0x20,0x00,0x5F,0x01,0x22,0x00,0x2B},
  // Frame 230/234 (Size: 378 bytes)
  {0x00,0xFF,0x00,0xFF,0x00,0xFF,0x00,0xFF,0x00,0xFF,0x00,0xFF,0x00,0xFF,0x00,0xFF,
   0x00,0xFF,0x00,0xFF,0x00,0xFF,0x00,0xFF,0x00,0x47,0x01,0x04,0x00,0x01,0x01,0x01,
   0x00,0x79,0x01,0x08,0x00,0x74,0x01,0x03,0x00,0x01,0x01,0x0B,0x00,0x70,0x01,0x11,
   0x00,0x6F,0x01,0x12,0x00,0x6E,0x01,0x12,0x00,0x6C,0x01,0x13,0x00,0x6D,0x01,0x13,
   0x00,0x6D,0x01,0x14,0x00,0x6C,0x01,0x14,0x00,0x6D,0x01,0x12,0x00,0x6E,0x01,0x12,
   0x00,0x6E,0x01,0x13,0x00,0x6D,0x01,0x13,0x00,0x6D,0x01,0x13,0x00,0x6D,0x01,0x13,
   0x00,0x6D,0x01,0x12,0x00,0x6E,0x01,0x12,0x00,0x6D,0x01,0x14,0x00,0x6C,0x01,0x14,
   0x00,0x6D,0x01,0x13,0x00,0x6E,0x01,0x10,0x00,0x71,0x01,0x0E,0x00,0x73,0x01,0x0D,
   0x00,0x73,0x01,0x0D,0x00,0x73,0x01,0x02,0x00,0x01,0x01,0x0A,0x00,0x74,0x01,0x0B,
   0x00,0x74,0x01,0x0D,0x00,0x73,0x01,0x0E,0x00,0x71,0x01,0x10,0x00,0x70,0x01,0x11,
   0x00,0x6F,0x01,0x12,0x00,0x6E,0x01,0x12,0x00,0x6E,0x01,0x13,0x00,0x6E,0x01,0x12,
   0x00,0x6E,0x01,0x13,0x00,0x6E,0x01,0x12,0x00,0x6E,0x01,0x12,0x00,0x6D,0x01,0x13,
   0x00,0x6D,0x01,0x13,0x00,0x6C,0x01,0x14,0x00,0x6C,0x01,0x14,0x00,0x6C,0x01,0x15,
   0x00,0x6C,0x01,0x15,0x00,0x6C,0x01,0x15,0x00,0x6D,0x01,0x16,0x00,0x6C,0x01,0x14,
   0x00,0x6A,0x01,0x17,0x00,0x66,0x01,0x1D,0x00,0x62,0x01,0x14,0x00,0x01,0x01,0x0A,
   0x00,0x60,0x01,0x15,0x00,0x01,0x01,0x0A,0x00,0x60,0x01,0x14,0x00,0x05,0x01,0x08,
   0x00,0x5F,0x01,0x14,0x00,0x05,0x01,0x08,0x00,0x5E,0x01,0x16,0x00,0x05,0x01,0x06,
   0x00,0x5F,0x01,0x16,0x00,0x05,0x01,0x07,0x00,0x5D,0x01,0x17,0x00,0x06,0x01,0x06,
   0x00,0x5D,0x01,0x17,0x00,0x09,0x01,0x04,0x00,0x5C,0x01,0x17,0x00,0x08,0x01,0x05,
   0x00,0x5C,0x01,0x18,0x00,0x07,0x01,0x05,0x00,0x5D,0x01,0x17,0x00,0x06,0x01,0x05,
   0x00,0x5E,0x01,0x17,0x00,0x07,0x01,0x03,0x00,0x5F,0x01,0x17,0x00,0x07,0x01,0x01,
   0x00,0x61,0x01,0x17,0x00,0x69,0x01,0x17,0x00,0x69,0x01,0x17,0x00,0x68,0x01,0x18,
   0x00,0x68,0x01,0x18,0x00,0x68,0x01,0x18,0x00,0x68,0x01,0x18,0x00,0x67,0x01,0x19,
   0x00,0x67,0x01,0x19,0x00,0x66,0x01,0x1A,0x00,0x35},
  // Frame 231/234 (Size: 362 bytes)
  {0x00,0xFF,0x00,0xFF,0x00,0xFF,0x00,0xFF,0x00,0xFF,0x00,0xFF,0x00,0xFF,0x00,0xFF,
   0x00,0xFF,0x00,0xFF,0x00,0xFF,0x00,0xFF,0x00,0x46,0x01,0x04,0x00,0x02,0x01,0x01,
   0x00,0x79,0x01,0x08,0x00,0x73,0x01,0x03,0x00,0x01,0x01,0x0C,0x00,0x6F,0x01,0x12,
   0x00,0x6E,0x01,0x12,0x00,0x6E,0x01,0x12,0x00,0x6D,0x01,0x13,0x00,0x6C,0x01,0x14,
   0x00,0x6C,0x01,0x14,0x00,0x6C,0x01,0x14,0x00,0x6C,0x01,0x14,0x00,0x6D,0x01,0x13,
   0x00,0x6D,0x01,0x13,0x00,0x6D,0x01,0x14,0x00,0x6C,0x01,0x14,0x00,0x6C,0x01,0x14,
   0x00,0x6C,0x01,0x13,0x00,0x6D,0x01,0x13,0x00,0x6D,0x01,0x13,0x00,0x6C,0x01,0x14,
   0x00,0x6C,0x01,0x15,0x00,0x6B,0x01,0x15,0x00,0x6C,0x01,0x12,0x00,0x70,0x01,0x0F,
   0x00,0x71,0x01,0x0E,0x00,0x72,0x01,0x0F,0x00,0x72,0x01,0x01,0x00,0x01,0x01,0x0D,
   0x00,0x71,0x01,0x10,0x00,0x70,0x01,0x11,0x00,0x6E,0x01,0x13,0x00,0x6D,0x01,0x14,
   0x00,0x6C,0x01,0x15,0x00,0x6B,0x01,0x16,0x00,0x01,0x01,0x01,0x00,0x69,0x01,0x18,
   0x00,0x68,0x01,0x1A,0x00,0x67,0x01,0x19,0x00,0x67,0x01,0x1B,0x00,0x66,0x01,0x1A,
   0x00,0x67,0x01,0x1A,0x00,0x67,0x01,0x19,0x00,0x67,0x01,0x19,0x00,0x68,0x01,0x10,
   0x00,0x01,0x01,0x07,0x00,0x68,0x01,0x10,0x00,0x02,0x01,0x07,0x00,0x68,0x01,0x0F,
   0x00,0x03,0x01,0x06,0x00,0x68,0x01,0x0F,0x00,0x05,0x01,0x05,0x00,0x67,0x01,0x0F,
   0x00,0x05,0x01,0x05,0x00,0x67,0x01,0x0F,0x00,0x04,0x01,0x05,0x00,0x67,0x01,0x10,
   0x00,0x04,0x01,0x05,0x00,0x61,0x01,0x16,0x00,0x04,0x01,0x03,0x00,0x61,0x01,0x18,
   0x00,0x68,0x01,0x18,0x00,0x68,0x01,0x18,0x00,0x67,0x01,0x1A,0x00,0x66,0x01,0x1B,
   0x00,0x65,0x01,0x1B,0x00,0x65,0x01,0x1B,0x00,0x65,0x01,0x1B,0x00,0x65,0x01,0x1B,
   0x00,0x65,0x01,0x1B,0x00,0x66,0x01,0x1A,0x00,0x66,0x01,0x19,0x00,0x68,0x01,0x18,
   0x00,0x67,0x01,0x19,0x00,0x67,0x01,0x19,0x00,0x67,0x01,0x1A,0x00,0x65,0x01,0x1B,
   0x00,0x65,0x01,0x1B,0x00,0x65,0x01,0x1B,0x00,0x64,0x01,0x1D,0x00,0x63,0x01,0x1D,
   0x00,0x63,0x01,0x1D,0x00,0x63,0x01,0x1D,0x00,0x32},
  // Frame 232/234 (Size: 362 bytes)
  {0x00,0xFF,0x00,0xFF,0x00,0xFF,0x00,0xFF,0x00,0xFF,0x00,0xFF,0x00,0xFF,0x00,0xFF,
   0x00,0xFF,0x00,0xFF,0x00,0xFF,0x00,0xFF,0x00,0x46,0x01,0x04,0x00,0x02,0x01,0x01,
   0x00,0x79,0x01,0x08,0x00,0x74,0x01,0x10,0x00,0x6F,0x01,0x11,0x00,0x6E,0x01,0x12,
   0x00,0x6F,0x01,0x11,0x00,0x6C,0x01,0x15,0x00,0x6B,0x01,0x15,0x00,0x6B,0x01,0x14,
   0x00,0x6D,0x01,0x13,0x00,0x6E,0x01,0x12,0x00,0x6E,0x01,0x13,0x00,0x6D,0x01,0x13,
   0x00,0x6D,0x01,0x13,0x00,0x6C,0x01,0x15,0x00,0x6C,0x01,0x13,0x00,0x6D,0x01,0x13,
   0x00,0x6C,0x01,0x15,0x00,0x6C,0x01,0x13,0x00,0x6E,0x01,0x10,0x00,0x71,0x01,0x0F,
   0x00,0x72,0x01,0x0D,0x00,0x73,0x01,0x0B,0x00,0x01,0x01,0x01,0x00,0x6F,0x01,0x06,
   0x00,0x01,0x01,0x0B,0x00,0x6B,0x01,0x16,0x00,0x69,0x01,0x18,0x00,0x67,0x01,0x1A,
   0x00,0x66,0x01,0x1B,0x00,0x65,0x01,0x1D,0x00,0x63,0x01,0x1E,0x00,0x62,0x01,0x1F,
   0x00,0x62,0x01,0x1E,0x00,0x62,0x01,0x1E,0x00,0x64,0x01,0x1D,0x00,0x68,0x01,0x18,
   0x00,0x69,0x01,0x17,0x00,0x69,0x01,0x18,0x00,0x69,0x01,0x18,0x00,0x69,0x01,0x18,
   0x00,0x68,0x01,0x19,0x00,0x67,0x01,0x12,0x00,0x01,0x01,0x06,0x00,0x68,0x01,0x11,
   0x00,0x02,0x01,0x06,0x00,0x67,0x01,0x11,0x00,0x02,0x01,0x06,0x00,0x67,0x01,0x11,
   0x00,0x02,0x01,0x06,0x00,0x67,0x01,0x10,0x00,0x02,0x01,0x06,0x00,0x68,0x01,0x18,
   0x00,0x5F,0x01,0x20,0x00,0x5F,0x01,0x22,0x00,0x5E,0x01,0x22,0x00,0x5E,0x01,0x21,
   0x00,0x5F,0x01,0x20,0x00,0x60,0x01,0x1F,0x00,0x62,0x01,0x18,0x00,0x02,0x01,0x03,
   0x00,0x63,0x01,0x19,0x00,0x67,0x01,0x19,0x00,0x67,0x01,0x1A,0x00,0x67,0x01,0x03,
   0x00,0x01,0x01,0x15,0x00,0x67,0x01,0x03,0x00,0x01,0x01,0x15,0x00,0x68,0x01,0x01,
   0x00,0x01,0x01,0x17,0x00,0x69,0x01,0x17,0x00,0x68,0x01,0x18,0x00,0x68,0x01,0x18,
   0x00,0x67,0x01,0x1A,0x00,0x66,0x01,0x1A,0x00,0x65,0x01,0x1B,0x00,0x65,0x01,0x1B,
   0x00,0x64,0x01,0x1D,0x00,0x63,0x01,0x1D,0x00,0x62,0x01,0x1E,0x00,0x62,0x01,0x1E,
   0x00,0x61,0x01,0x1F,0x00,0x61,0x01,0x1F,0x00,0x32},
  // Frame 233/234 (Size: 362 bytes)
  {0x00,0xFF,0x00,0xFF,0x00,0xFF,0x00,0xFF,0x00,0xFF,0x00,0xFF,0x00,0xFF,0x00,0xFF,
   0x00,0xFF,0x00,0xFF,0x00,0xFF,0x00,0xFF,0x00,0xCB,0x01,0x03,0x00,0x7A,0x01,0x09,
   0x00,0x76,0x01,0x0B,0x00,0x71,0x01,0x11,0x00,0x6E,0x01,0x12,0x00,0x6F,0x01,0x14,
   0x00,0x6C,0x01,0x14,0x00,0x6C,0x01,0x13,0x00,0x6E,0x01,0x13,0x00,0x6C,0x01,0x14,
   0x00,0x6C,0x01,0x14,0x00,0x6C,0x01,0x14,0x00,0x6C,0x01,0x14,0x00,0x6C,0x01,0x15,
   0x00,0x6C,0x01,0x14,0x00,0x6C,0x01,0x13,0x00,0x6E,0x01,0x12,0x00,0x6E,0x01,0x12,
   0x00,0x6E,0x01,0x13,0x00,0x6D,0x01,0x12,0x00,0x6E,0x01,0x03,0x00,0x01,0x01,0x0C,
   0x00,0x71,0x01,0x01,0x00,0x04,0x01,0x07,0x00,0x01,0x01,0x01,0x00,0x65,0x01,0x01,
   0x00,0x0C,0x01,0x0C,0x00,0x66,0x01,0x09,0x00,0x03,0x01,0x0F,0x00,0x63,0x01,0x22,
   0x00,0x5E,0x01,0x23,0x00,0x5C,0x01,0x25,0x00,0x59,0x01,0x27,0x00,0x58,0x01,0x28,
   0x00,0x58,0x01,0x29,0x00,0x57,0x01,0x29,0x00,0x58,0x01,0x28,0x00,0x60,0x01,0x20,
   0x00,0x63,0x01,0x1D,0x00,0x64,0x01,0x1B,0x00,0x66,0x01,0x01,0x00,0x02,0x01,0x16,
   0x00,0x6A,0x01,0x15,0x00,0x6B,0x01,0x14,0x00,0x6C,0x01,0x14,0x00,0x6C,0x01,0x13,
   0x00,0x6D,0x01,0x13,0x00,0x6D,0x01,0x12,0x00,0x6E,0x01,0x12,0x00,0x6E,0x01,0x11,
   0x00,0x69,0x01,0x01,0x00,0x05,0x01,0x10,0x00,0x6A,0x01,0x02,0x00,0x04,0x01,0x10,
   0x00,0x69,0x01,0x04,0x00,0x02,0x01,0x15,0x00,0x65,0x01,0x22,0x00,0x61,0x01,0x1F,
   0x00,0x64,0x01,0x1C,0x00,0x64,0x01,0x1B,0x00,0x64,0x01,0x1B,0x00,0x65,0x01,0x1B,
   0x00,0x64,0x01,0x1B,0x00,0x65,0x01,0x14,0x00,0x01,0x01,0x06,0x00,0x64,0x01,0x16,
   0x00,0x01,0x01,0x04,0x00,0x65,0x01,0x16,0x00,0x02,0x01,0x03,0x00,0x65,0x01,0x17,
   0x00,0x02,0x01,0x01,0x00,0x65,0x01,0x18,0x00,0x68,0x01,0x18,0x00,0x67,0x01,0x1A,
   0x00,0x66,0x01,0x1A,0x00,0x66,0x01,0x1A,0x00,0x65,0x01,0x1C,0x00,0x64,0x01,0x1C,
   0x00,0x63,0x01,0x1D,0x00,0x63,0x01,0x1E,0x00,0x61,0x01,0x1F,0x00,0x60,0x01,0x21,
   0x00,0x5E,0x01,0x23,0x00,0x5D,0x01,0x23,0x00,0x31},
  // Frame 234/234 (Size: 376 bytes)
  {0x00,0xFF,0x00,0xFF,0x00,0xFF,0x00,0xFF,0x00,0xFF,0x00,0xFF,0x00,0xFF,0x00,0xFF,
   0x00,0xFF,0x00,0xFF,0x00,0xFF,0x00,0x4A,0x01,0x04,0x00,0x78,0x01,0x08,0x00,0x01,
   0x01,0x02,0x00,0x74,0x01,0x0D,0x00,0x01,0x01,0x02,0x00,0x70,0x01,0x11,0x00,0x6F,
   0x01,0x12,0x00,0x6D,0x01,0x13,0x00,0x6E,0x01,0x12,0x00,0x6E,0x01,0x13,0x00,0x6C,
   0x01,0x14,0x00,0x6C,0x01,0x14,0x00,0x6C,0x01,0x14,0x00,0x6C,0x01,0x14,0x00,0x6C,
   0x01,0x14,0x00,0x6C,0x01,0x14,0x00,0x6D,0x01,0x13,0x00,0x6E,0x01,0x12,0x00,0x6E,
   0x01,0x12,0x00,0x6D,0x01,0x13,0x00,0x6E,0x01,0x12,0x00,0x6E,0x01,0x12,0x00,0x6F,
   0x01,0x10,0x00,0x73,0x01,0x0C,0x00,0x75,0x01,0x08,0x00,0x02,0x01,0x01,0x00,0x71,
   0x01,0x02,0x00,0x01,0x01,0x09,0x00,0x6A,0x01,0x03,0x00,0x06,0x01,0x0E,0x00,0x68,
   0x01,0x05,0x00,0x02,0x01,0x13,0x00,0x65,0x01,0x1B,0x00,0x64,0x01,0x1C,0x00,0x63,
   0x01,0x1D,0x00,0x62,0x01,0x1E,0x00,0x63,0x01,0x1D,0x00,0x63,0x01,0x1D,0x00,0x63,
   0x01,0x1D,0x00,0x62,0x01,0x1E,0x00,0x62,0x01,0x1D,0x00,0x62,0x01,0x1D,0x00,0x63,
   0x01,0x07,0x00,0x02,0x01,0x13,0x00,0x64,0x01,0x07,0x00,0x02,0x01,0x12,0x00,0x66,
   0x01,0x1A,0x00,0x67,0x01,0x19,0x00,0x5F,0x01,0x02,0x00,0x05,0x01,0x19,0x00,0x61,
   0x01,0x02,0x00,0x01,0x01,0x1C,0x00,0x60,0x01,0x20,0x00,0x60,0x01,0x20,0x00,0x6A,
   0x01,0x05,0x00,0x01,0x01,0x0F,0x00,0x71,0x01,0x0F,0x00,0x71,0x01,0x0F,0x00,0x71,
   0x01,0x10,0x00,0x70,0x01,0x12,0x00,0x6E,0x01,0x15,0x00,0x6A,0x01,0x17,0x00,0x69,
   0x01,0x19,0x00,0x66,0x01,0x1C,0x00,0x64,0x01,0x1D,0x00,0x62,0x01,0x1E,0x00,0x62,
   0x01,0x1D,0x00,0x63,0x01,0x1C,0x00,0x64,0x01,0x1B,0x00,0x64,0x01,0x1B,0x00,0x65,
   0x01,0x1A,0x00,0x66,0x01,0x19,0x00,0x66,0x01,0x1A,0x00,0x66,0x01,0x1A,0x00,0x66,
   0x01,0x1A,0x00,0x65,0x01,0x1C,0x00,0x64,0x01,0x1C,0x00,0x64,0x01,0x1D,0x00,0x63,
   0x01,0x1E,0x00,0x62,0x01,0x1E,0x00,0x62,0x01,0x1F,0x00,0x60,0x01,0x21,0x00,0x5E,
   0x01,0x1F,0x00,0x01,0x01,0x03,0x00,0x5D,0x01,0x1F,0x00,0x02,0x01,0x04,0x00,0x5B,
   0x01,0x1F,0x00,0x03,0x01,0x04,0x00,0x2C},

};

// Video frame sizes
const uint16_t video_frame_sizes[234] PROGMEM = {
98, 98, 98, 98, 98, 98, 98, 344, 384, 440, 432, 512, 496, 474, 510, 490, 494, 390, 550, 522, 490, 426, 588, 564, 412, 456, 510, 556, 510, 476, 426, 560, 554, 420, 514, 618, 514, 532, 512, 522, 488, 520, 542, 582, 606, 582, 606, 626, 630, 634, 634, 622, 614, 638, 634, 686, 608, 446, 444, 718, 158, 170, 188, 190, 208, 200, 218, 214, 228, 226, 218, 218, 226, 278, 440, 440, 354, 414, 562, 668, 716, 596, 552, 532, 496, 564, 586, 666, 638, 560, 462, 374, 330, 310, 310, 300, 294, 290, 310, 298, 306, 310, 306, 318, 308, 304, 304, 318, 332, 380, 432, 454, 448, 470, 478, 464, 478, 484, 494, 478, 502, 496, 498, 494, 516, 530, 492, 486, 464, 454, 462, 444, 408, 302, 154, 182, 204, 182, 168, 156, 188, 256, 226, 262, 318, 342, 372, 380, 398, 370, 368, 372, 372, 394, 388, 394, 382, 442, 464, 484, 448, 468, 384, 374, 438, 480, 488, 464, 504, 544, 524, 596, 600, 584, 616, 624, 668, 354, 372, 352, 318, 376, 592, 566, 632, 646, 678, 686, 674, 642, 616, 628, 636, 626, 640, 636, 542, 682, 680, 638, 672, 662, 538, 386, 230, 198, 234, 240, 248, 244, 268, 442, 590, 600, 642, 548, 206, 130, 162, 196, 162, 242, 204, 268, 282, 220, 354, 520, 448, 378, 362, 362, 362, 376
};

// Video info
const VideoInfo_t video_info = {
  234,  // Total frames
  5,     // FPS
  128,              // Width
  96,               // Height
  1,                // Black & White
  1                 // RLE compression
};

#endif // VIDEO_H
